date,home_team,away_team,home_score,away_score,tournament,year,label
2015-03-27,Curaçao,Montserrat,2.0,1.0,FIFA World Cup qualification,2015,1
2015-06-10,Antigua and Barbuda,Saint Lucia,1.0,3.0,FIFA World Cup qualification,2015,0
2015-06-11,Guam,Turkmenistan,1.0,0.0,FIFA World Cup qualification,2015,1
2015-06-11,India,Oman,1.0,2.0,FIFA World Cup qualification,2015,0
2015-06-11,Lebanon,Kuwait,0.0,1.0,FIFA World Cup qualification,2015,0
2015-06-11,Philippines,Bahrain,2.0,1.0,FIFA World Cup qualification,2015,1
2015-06-11,Saudi Arabia,Palestine,3.0,2.0,FIFA World Cup qualification,2015,1
2015-06-14,Antigua and Barbuda,Saint Lucia,4.0,1.0,FIFA World Cup qualification,2015,1
2015-06-15,Bermuda,Guatemala,0.0,1.0,FIFA World Cup qualification,2015,0
2015-06-16,Guam,India,2.0,1.0,FIFA World Cup qualification,2015,1
2015-06-16,North Korea,Uzbekistan,4.0,2.0,FIFA World Cup qualification,2015,1
2015-06-16,Kyrgyzstan,Australia,1.0,2.0,FIFA World Cup qualification,2015,0
2015-09-03,Bahrain,North Korea,0.0,1.0,FIFA World Cup qualification,2015,0
2015-09-03,Iran,Guam,6.0,0.0,FIFA World Cup qualification,2015,1
2015-09-03,Japan,Cambodia,3.0,0.0,FIFA World Cup qualification,2015,1
2015-09-03,Oman,Turkmenistan,3.0,1.0,FIFA World Cup qualification,2015,1
2015-09-04,Grenada,Haiti,1.0,3.0,FIFA World Cup qualification,2015,0
2015-09-04,Antigua and Barbuda,Guatemala,1.0,0.0,FIFA World Cup qualification,2015,1
2015-09-08,Cambodia,Syria,0.0,6.0,FIFA World Cup qualification,2015,0
2015-09-08,India,Iran,0.0,3.0,FIFA World Cup qualification,2015,0
2015-09-08,Lebanon,South Korea,0.0,3.0,FIFA World Cup qualification,2015,0
2015-09-08,Philippines,Uzbekistan,1.0,5.0,FIFA World Cup qualification,2015,0
2015-09-08,Guatemala,Antigua and Barbuda,2.0,0.0,FIFA World Cup qualification,2015,1
2015-09-08,Haiti,Grenada,3.0,0.0,FIFA World Cup qualification,2015,1
2015-10-08,Argentina,Ecuador,0.0,2.0,FIFA World Cup qualification,2015,0
2015-10-08,Bahrain,Uzbekistan,0.0,4.0,FIFA World Cup qualification,2015,0
2015-10-08,Bolivia,Uruguay,0.0,2.0,FIFA World Cup qualification,2015,0
2015-10-08,Chile,Brazil,2.0,0.0,FIFA World Cup qualification,2015,1
2015-10-08,Colombia,Peru,2.0,0.0,FIFA World Cup qualification,2015,1
2015-10-08,Jordan,Australia,2.0,0.0,FIFA World Cup qualification,2015,1
2015-10-08,Kuwait,South Korea,0.0,1.0,FIFA World Cup qualification,2015,0
2015-10-08,Syria,Japan,0.0,3.0,FIFA World Cup qualification,2015,0
2015-10-08,Turkmenistan,India,2.0,1.0,FIFA World Cup qualification,2015,1
2015-10-08,Venezuela,Paraguay,0.0,1.0,FIFA World Cup qualification,2015,0
2015-10-10,Madagascar,Central African Republic,3.0,0.0,FIFA World Cup qualification,2015,1
2015-10-13,Bahrain,Philippines,2.0,0.0,FIFA World Cup qualification,2015,1
2015-10-13,Brazil,Venezuela,3.0,1.0,FIFA World Cup qualification,2015,1
2015-10-13,Ecuador,Bolivia,2.0,0.0,FIFA World Cup qualification,2015,1
2015-10-13,Guinea-Bissau,Liberia,1.0,3.0,FIFA World Cup qualification,2015,0
2015-10-13,Oman,India,3.0,0.0,FIFA World Cup qualification,2015,1
2015-10-13,Peru,Chile,3.0,4.0,FIFA World Cup qualification,2015,0
2015-10-13,Turkmenistan,Guam,1.0,0.0,FIFA World Cup qualification,2015,1
2015-10-13,Uruguay,Colombia,3.0,0.0,FIFA World Cup qualification,2015,1
2015-11-11,Mozambique,Gabon,1.0,0.0,FIFA World Cup qualification,2015,1
2015-11-11,Sudan,Zambia,0.0,1.0,FIFA World Cup qualification,2015,0
2015-11-12,Australia,Kyrgyzstan,3.0,0.0,FIFA World Cup qualification,2015,1
2015-11-12,Benin,Burkina Faso,2.0,1.0,FIFA World Cup qualification,2015,1
2015-11-12,Bolivia,Venezuela,4.0,2.0,FIFA World Cup qualification,2015,1
2015-11-12,Burundi,DR Congo,2.0,3.0,FIFA World Cup qualification,2015,0
2015-11-12,Ecuador,Uruguay,2.0,1.0,FIFA World Cup qualification,2015,1
2015-11-12,India,Guam,1.0,0.0,FIFA World Cup qualification,2015,1
2015-11-12,Iran,Turkmenistan,3.0,1.0,FIFA World Cup qualification,2015,1
2015-11-12,Morocco,Equatorial Guinea,2.0,0.0,FIFA World Cup qualification,2015,1
2015-11-12,Togo,Uganda,0.0,1.0,FIFA World Cup qualification,2015,0
2015-11-12,Uzbekistan,North Korea,3.0,1.0,FIFA World Cup qualification,2015,1
2015-11-13,Angola,South Africa,1.0,3.0,FIFA World Cup qualification,2015,0
2015-11-13,Costa Rica,Haiti,1.0,0.0,FIFA World Cup qualification,2015,1
2015-11-13,Kenya,Cape Verde,1.0,0.0,FIFA World Cup qualification,2015,1
2015-11-13,Liberia,Ivory Coast,0.0,1.0,FIFA World Cup qualification,2015,0
2015-11-13,Mauritania,Tunisia,1.0,2.0,FIFA World Cup qualification,2015,0
2015-11-13,Niger,Cameroon,0.0,3.0,FIFA World Cup qualification,2015,0
2015-11-13,Peru,Paraguay,1.0,0.0,FIFA World Cup qualification,2015,1
2015-11-13,Canada,Honduras,1.0,0.0,FIFA World Cup qualification,2015,1
2015-11-13,Guatemala,Trinidad and Tobago,1.0,2.0,FIFA World Cup qualification,2015,0
2015-11-13,Jamaica,Panama,0.0,2.0,FIFA World Cup qualification,2015,0
2015-11-14,Gabon,Mozambique,1.0,0.0,FIFA World Cup qualification,2015,1
2015-11-15,DR Congo,Burundi,3.0,0.0,FIFA World Cup qualification,2015,1
2015-11-15,Equatorial Guinea,Morocco,1.0,0.0,FIFA World Cup qualification,2015,1
2015-11-15,Uganda,Togo,3.0,0.0,FIFA World Cup qualification,2015,1
2015-11-15,Zambia,Sudan,2.0,0.0,FIFA World Cup qualification,2015,1
2015-11-17,Brazil,Peru,3.0,0.0,FIFA World Cup qualification,2015,1
2015-11-17,Burkina Faso,Benin,2.0,0.0,FIFA World Cup qualification,2015,1
2015-11-17,Cambodia,Japan,0.0,2.0,FIFA World Cup qualification,2015,0
2015-11-17,Cape Verde,Kenya,2.0,0.0,FIFA World Cup qualification,2015,1
2015-11-17,Colombia,Argentina,0.0,1.0,FIFA World Cup qualification,2015,0
2015-11-17,Ghana,Comoros,2.0,0.0,FIFA World Cup qualification,2015,1
2015-11-17,Guam,Iran,0.0,6.0,FIFA World Cup qualification,2015,0
2015-11-17,Honduras,Mexico,0.0,2.0,FIFA World Cup qualification,2015,0
2015-11-17,Ivory Coast,Liberia,3.0,0.0,FIFA World Cup qualification,2015,1
2015-11-17,North Korea,Bahrain,2.0,0.0,FIFA World Cup qualification,2015,1
2015-11-17,Kyrgyzstan,Jordan,1.0,0.0,FIFA World Cup qualification,2015,1
2015-11-17,Paraguay,Bolivia,2.0,1.0,FIFA World Cup qualification,2015,1
2015-11-17,Senegal,Madagascar,3.0,0.0,FIFA World Cup qualification,2015,1
2015-11-17,South Africa,Angola,1.0,0.0,FIFA World Cup qualification,2015,1
2015-11-17,Tunisia,Mauritania,2.0,1.0,FIFA World Cup qualification,2015,1
2015-11-17,Turkmenistan,Oman,2.0,1.0,FIFA World Cup qualification,2015,1
2015-11-17,Uruguay,Chile,3.0,0.0,FIFA World Cup qualification,2015,1
2015-11-17,Venezuela,Ecuador,1.0,3.0,FIFA World Cup qualification,2015,0
2015-11-17,Haiti,Jamaica,0.0,1.0,FIFA World Cup qualification,2015,0
2015-11-17,Panama,Costa Rica,1.0,2.0,FIFA World Cup qualification,2015,0
2016-03-24,Bolivia,Colombia,2.0,3.0,FIFA World Cup qualification,2016,0
2016-03-24,Chile,Argentina,1.0,2.0,FIFA World Cup qualification,2016,0
2016-03-24,Iran,India,4.0,0.0,FIFA World Cup qualification,2016,1
2016-03-24,South Korea,Lebanon,1.0,0.0,FIFA World Cup qualification,2016,1
2016-03-24,Oman,Guam,1.0,0.0,FIFA World Cup qualification,2016,1
2016-03-24,Uzbekistan,Philippines,1.0,0.0,FIFA World Cup qualification,2016,1
2016-03-25,Canada,Mexico,0.0,3.0,FIFA World Cup qualification,2016,0
2016-03-25,Guatemala,United States,2.0,0.0,FIFA World Cup qualification,2016,1
2016-03-29,Argentina,Bolivia,2.0,0.0,FIFA World Cup qualification,2016,1
2016-03-29,Australia,Jordan,5.0,1.0,FIFA World Cup qualification,2016,1
2016-03-29,Colombia,Ecuador,3.0,1.0,FIFA World Cup qualification,2016,1
2016-03-29,Costa Rica,Jamaica,3.0,0.0,FIFA World Cup qualification,2016,1
2016-03-29,Honduras,El Salvador,2.0,0.0,FIFA World Cup qualification,2016,1
2016-03-29,Iran,Oman,2.0,0.0,FIFA World Cup qualification,2016,1
2016-03-29,Japan,Syria,5.0,0.0,FIFA World Cup qualification,2016,1
2016-03-29,Mexico,Canada,2.0,0.0,FIFA World Cup qualification,2016,1
2016-03-29,Panama,Haiti,1.0,0.0,FIFA World Cup qualification,2016,1
2016-03-29,Uruguay,Peru,1.0,0.0,FIFA World Cup qualification,2016,1
2016-03-29,United States,Guatemala,4.0,0.0,FIFA World Cup qualification,2016,1
2016-03-29,Uzbekistan,Bahrain,1.0,0.0,FIFA World Cup qualification,2016,1
2016-03-29,Venezuela,Chile,1.0,4.0,FIFA World Cup qualification,2016,0
2016-09-01,Argentina,Uruguay,1.0,0.0,FIFA World Cup qualification,2016,1
2016-09-01,Australia,Iraq,2.0,0.0,FIFA World Cup qualification,2016,1
2016-09-01,Bolivia,Peru,0.0,3.0,FIFA World Cup qualification,2016,0
2016-09-01,Colombia,Venezuela,2.0,0.0,FIFA World Cup qualification,2016,1
2016-09-01,Ecuador,Brazil,0.0,3.0,FIFA World Cup qualification,2016,0
2016-09-01,South Korea,China,3.0,2.0,FIFA World Cup qualification,2016,1
2016-09-01,Paraguay,Chile,2.0,1.0,FIFA World Cup qualification,2016,1
2016-09-01,Uzbekistan,Syria,1.0,0.0,FIFA World Cup qualification,2016,1
2016-09-02,El Salvador,Mexico,1.0,3.0,FIFA World Cup qualification,2016,0
2016-09-02,Haiti,Costa Rica,0.0,1.0,FIFA World Cup qualification,2016,0
2016-09-02,Honduras,Canada,2.0,1.0,FIFA World Cup qualification,2016,1
2016-09-02,Panama,Jamaica,2.0,0.0,FIFA World Cup qualification,2016,1
2016-09-04,Denmark,Armenia,1.0,0.0,FIFA World Cup qualification,2016,1
2016-09-04,Malta,Scotland,1.0,5.0,FIFA World Cup qualification,2016,0
2016-09-04,Norway,Germany,0.0,3.0,FIFA World Cup qualification,2016,0
2016-09-04,Slovakia,England,0.0,1.0,FIFA World Cup qualification,2016,0
2016-09-05,Albania,North Macedonia,2.0,1.0,FIFA World Cup qualification,2016,1
2016-09-05,Georgia,Austria,1.0,2.0,FIFA World Cup qualification,2016,0
2016-09-05,Israel,Italy,1.0,3.0,FIFA World Cup qualification,2016,0
2016-09-05,Spain,Liechtenstein,8.0,0.0,FIFA World Cup qualification,2016,1
2016-09-05,Wales,Moldova,4.0,0.0,FIFA World Cup qualification,2016,1
2016-09-06,Bosnia and Herzegovina,Estonia,5.0,0.0,FIFA World Cup qualification,2016,1
2016-09-06,Brazil,Colombia,2.0,1.0,FIFA World Cup qualification,2016,1
2016-09-06,Bulgaria,Luxembourg,4.0,3.0,FIFA World Cup qualification,2016,1
2016-09-06,Canada,El Salvador,3.0,1.0,FIFA World Cup qualification,2016,1
2016-09-06,Chile,Bolivia,3.0,0.0,FIFA World Cup qualification,2016,1
2016-09-06,Costa Rica,Panama,3.0,1.0,FIFA World Cup qualification,2016,1
2016-09-06,Cyprus,Belgium,0.0,3.0,FIFA World Cup qualification,2016,0
2016-09-06,Gibraltar,Greece,1.0,4.0,FIFA World Cup qualification,2016,0
2016-09-06,Iraq,Saudi Arabia,1.0,2.0,FIFA World Cup qualification,2016,0
2016-09-06,Jamaica,Haiti,0.0,2.0,FIFA World Cup qualification,2016,0
2016-09-06,Peru,Ecuador,2.0,1.0,FIFA World Cup qualification,2016,1
2016-09-06,Switzerland,Portugal,2.0,0.0,FIFA World Cup qualification,2016,1
2016-09-06,Uruguay,Paraguay,4.0,0.0,FIFA World Cup qualification,2016,1
2016-09-06,United States,Trinidad and Tobago,4.0,0.0,FIFA World Cup qualification,2016,1
2016-10-06,Brazil,Bolivia,5.0,0.0,FIFA World Cup qualification,2016,1
2016-10-06,China,Syria,0.0,1.0,FIFA World Cup qualification,2016,0
2016-10-06,Ecuador,Chile,3.0,0.0,FIFA World Cup qualification,2016,1
2016-10-06,Iceland,Finland,3.0,2.0,FIFA World Cup qualification,2016,1
2016-10-06,Republic of Ireland,Georgia,1.0,0.0,FIFA World Cup qualification,2016,1
2016-10-06,Japan,Iraq,2.0,1.0,FIFA World Cup qualification,2016,1
2016-10-06,Kosovo,Croatia,0.0,6.0,FIFA World Cup qualification,2016,0
2016-10-06,Liechtenstein,Albania,0.0,2.0,FIFA World Cup qualification,2016,0
2016-10-06,North Macedonia,Israel,1.0,2.0,FIFA World Cup qualification,2016,0
2016-10-06,Moldova,Serbia,0.0,3.0,FIFA World Cup qualification,2016,0
2016-10-06,Paraguay,Colombia,0.0,1.0,FIFA World Cup qualification,2016,0
2016-10-06,Uruguay,Venezuela,3.0,0.0,FIFA World Cup qualification,2016,1
2016-10-06,Uzbekistan,Iran,0.0,1.0,FIFA World Cup qualification,2016,0
2016-10-07,Belgium,Bosnia and Herzegovina,4.0,0.0,FIFA World Cup qualification,2016,1
2016-10-07,Estonia,Gibraltar,4.0,0.0,FIFA World Cup qualification,2016,1
2016-10-07,France,Bulgaria,4.0,1.0,FIFA World Cup qualification,2016,1
2016-10-07,Greece,Cyprus,2.0,0.0,FIFA World Cup qualification,2016,1
2016-10-07,Hungary,Switzerland,2.0,3.0,FIFA World Cup qualification,2016,0
2016-10-07,Latvia,Faroe Islands,0.0,2.0,FIFA World Cup qualification,2016,0
2016-10-07,Luxembourg,Sweden,0.0,1.0,FIFA World Cup qualification,2016,0
2016-10-07,Netherlands,Belarus,4.0,1.0,FIFA World Cup qualification,2016,1
2016-10-08,Armenia,Romania,0.0,5.0,FIFA World Cup qualification,2016,0
2016-10-08,Azerbaijan,Norway,1.0,0.0,FIFA World Cup qualification,2016,1
2016-10-08,DR Congo,Libya,4.0,0.0,FIFA World Cup qualification,2016,1
2016-10-08,England,Malta,2.0,0.0,FIFA World Cup qualification,2016,1
2016-10-08,Germany,Czech Republic,3.0,0.0,FIFA World Cup qualification,2016,1
2016-10-08,Ivory Coast,Mali,3.0,1.0,FIFA World Cup qualification,2016,1
2016-10-08,Montenegro,Kazakhstan,5.0,0.0,FIFA World Cup qualification,2016,1
2016-10-08,Poland,Denmark,3.0,2.0,FIFA World Cup qualification,2016,1
2016-10-08,Senegal,Cape Verde,2.0,0.0,FIFA World Cup qualification,2016,1
2016-10-08,Slovenia,Slovakia,1.0,0.0,FIFA World Cup qualification,2016,1
2016-10-09,Albania,Spain,0.0,2.0,FIFA World Cup qualification,2016,0
2016-10-09,Congo,Egypt,1.0,2.0,FIFA World Cup qualification,2016,0
2016-10-09,Finland,Croatia,0.0,1.0,FIFA World Cup qualification,2016,0
2016-10-09,Iceland,Turkey,2.0,0.0,FIFA World Cup qualification,2016,1
2016-10-09,Israel,Liechtenstein,2.0,1.0,FIFA World Cup qualification,2016,1
2016-10-09,North Macedonia,Italy,2.0,3.0,FIFA World Cup qualification,2016,0
2016-10-09,Moldova,Republic of Ireland,1.0,3.0,FIFA World Cup qualification,2016,0
2016-10-09,Serbia,Austria,3.0,2.0,FIFA World Cup qualification,2016,1
2016-10-09,Tunisia,Guinea,2.0,0.0,FIFA World Cup qualification,2016,1
2016-10-09,Ukraine,Kosovo,3.0,0.0,FIFA World Cup qualification,2016,1
2016-10-09,Zambia,Nigeria,1.0,2.0,FIFA World Cup qualification,2016,0
2016-10-10,Bosnia and Herzegovina,Cyprus,2.0,0.0,FIFA World Cup qualification,2016,1
2016-10-10,Estonia,Greece,0.0,2.0,FIFA World Cup qualification,2016,0
2016-10-10,Faroe Islands,Portugal,0.0,6.0,FIFA World Cup qualification,2016,0
2016-10-10,Gibraltar,Belgium,0.0,6.0,FIFA World Cup qualification,2016,0
2016-10-10,Latvia,Hungary,0.0,2.0,FIFA World Cup qualification,2016,0
2016-10-10,Netherlands,France,0.0,1.0,FIFA World Cup qualification,2016,0
2016-10-10,Sweden,Bulgaria,3.0,0.0,FIFA World Cup qualification,2016,1
2016-10-11,Argentina,Paraguay,0.0,1.0,FIFA World Cup qualification,2016,0
2016-10-11,Chile,Peru,2.0,1.0,FIFA World Cup qualification,2016,1
2016-10-11,Denmark,Montenegro,0.0,1.0,FIFA World Cup qualification,2016,0
2016-10-11,Germany,Northern Ireland,2.0,0.0,FIFA World Cup qualification,2016,1
2016-10-11,Iran,South Korea,1.0,0.0,FIFA World Cup qualification,2016,1
2016-10-11,Lithuania,Malta,2.0,0.0,FIFA World Cup qualification,2016,1
2016-10-11,Poland,Armenia,2.0,1.0,FIFA World Cup qualification,2016,1
2016-10-11,Slovakia,Scotland,3.0,0.0,FIFA World Cup qualification,2016,1
2016-10-11,Uzbekistan,China,2.0,0.0,FIFA World Cup qualification,2016,1
2016-10-11,Venezuela,Brazil,0.0,2.0,FIFA World Cup qualification,2016,0
2016-11-10,Brazil,Argentina,3.0,0.0,FIFA World Cup qualification,2016,1
2016-11-10,Paraguay,Peru,1.0,4.0,FIFA World Cup qualification,2016,0
2016-11-10,Uruguay,Ecuador,2.0,1.0,FIFA World Cup qualification,2016,1
2016-11-10,Venezuela,Bolivia,5.0,0.0,FIFA World Cup qualification,2016,1
2016-11-11,Armenia,Montenegro,3.0,2.0,FIFA World Cup qualification,2016,1
2016-11-11,Czech Republic,Norway,2.0,1.0,FIFA World Cup qualification,2016,1
2016-11-11,Denmark,Kazakhstan,4.0,1.0,FIFA World Cup qualification,2016,1
2016-11-11,England,Scotland,3.0,0.0,FIFA World Cup qualification,2016,1
2016-11-11,France,Sweden,2.0,1.0,FIFA World Cup qualification,2016,1
2016-11-11,Honduras,Panama,0.0,1.0,FIFA World Cup qualification,2016,0
2016-11-11,Libya,Tunisia,0.0,1.0,FIFA World Cup qualification,2016,0
2016-11-11,Malta,Slovenia,0.0,1.0,FIFA World Cup qualification,2016,0
2016-11-11,Northern Ireland,Azerbaijan,4.0,0.0,FIFA World Cup qualification,2016,1
2016-11-11,Romania,Poland,0.0,3.0,FIFA World Cup qualification,2016,0
2016-11-11,Slovakia,Lithuania,4.0,0.0,FIFA World Cup qualification,2016,1
2016-11-11,Trinidad and Tobago,Costa Rica,0.0,2.0,FIFA World Cup qualification,2016,0
2016-11-11,United States,Mexico,1.0,2.0,FIFA World Cup qualification,2016,0
2016-11-12,Albania,Israel,0.0,3.0,FIFA World Cup qualification,2016,0
2016-11-12,Austria,Republic of Ireland,0.0,1.0,FIFA World Cup qualification,2016,0
2016-11-12,Cape Verde,Burkina Faso,0.0,2.0,FIFA World Cup qualification,2016,0
2016-11-12,Croatia,Iceland,2.0,0.0,FIFA World Cup qualification,2016,1
2016-11-12,Liechtenstein,Italy,0.0,4.0,FIFA World Cup qualification,2016,0
2016-11-12,New Zealand,New Caledonia,2.0,0.0,FIFA World Cup qualification,2016,1
2016-11-12,Nigeria,Algeria,3.0,1.0,FIFA World Cup qualification,2016,1
2016-11-12,Spain,North Macedonia,4.0,0.0,FIFA World Cup qualification,2016,1
2016-11-12,Turkey,Kosovo,2.0,0.0,FIFA World Cup qualification,2016,1
2016-11-12,Uganda,Congo,1.0,0.0,FIFA World Cup qualification,2016,1
2016-11-12,Ukraine,Finland,1.0,0.0,FIFA World Cup qualification,2016,1
2016-11-13,Belgium,Estonia,8.0,1.0,FIFA World Cup qualification,2016,1
2016-11-13,Bulgaria,Belarus,1.0,0.0,FIFA World Cup qualification,2016,1
2016-11-13,Cyprus,Gibraltar,3.0,1.0,FIFA World Cup qualification,2016,1
2016-11-13,Egypt,Ghana,2.0,0.0,FIFA World Cup qualification,2016,1
2016-11-13,Guinea,DR Congo,1.0,2.0,FIFA World Cup qualification,2016,0
2016-11-13,Luxembourg,Netherlands,1.0,3.0,FIFA World Cup qualification,2016,0
2016-11-13,Portugal,Latvia,4.0,1.0,FIFA World Cup qualification,2016,1
2016-11-13,Switzerland,Faroe Islands,2.0,0.0,FIFA World Cup qualification,2016,1
2016-11-15,Argentina,Colombia,3.0,0.0,FIFA World Cup qualification,2016,1
2016-11-15,Bolivia,Paraguay,1.0,0.0,FIFA World Cup qualification,2016,1
2016-11-15,Chile,Uruguay,3.0,1.0,FIFA World Cup qualification,2016,1
2016-11-15,Costa Rica,United States,4.0,0.0,FIFA World Cup qualification,2016,1
2016-11-15,Ecuador,Venezuela,3.0,0.0,FIFA World Cup qualification,2016,1
2016-11-15,Honduras,Trinidad and Tobago,3.0,1.0,FIFA World Cup qualification,2016,1
2016-11-15,Japan,Saudi Arabia,2.0,1.0,FIFA World Cup qualification,2016,1
2016-11-15,South Korea,Uzbekistan,2.0,1.0,FIFA World Cup qualification,2016,1
2016-11-15,Peru,Brazil,0.0,2.0,FIFA World Cup qualification,2016,0
2017-03-23,Argentina,Chile,1.0,0.0,FIFA World Cup qualification,2017,1
2017-03-23,China,South Korea,1.0,0.0,FIFA World Cup qualification,2017,1
2017-03-23,Colombia,Bolivia,1.0,0.0,FIFA World Cup qualification,2017,1
2017-03-23,Paraguay,Ecuador,2.0,1.0,FIFA World Cup qualification,2017,1
2017-03-23,Qatar,Iran,0.0,1.0,FIFA World Cup qualification,2017,0
2017-03-23,Syria,Uzbekistan,1.0,0.0,FIFA World Cup qualification,2017,1
2017-03-23,Uruguay,Brazil,1.0,4.0,FIFA World Cup qualification,2017,0
2017-03-24,Austria,Moldova,2.0,0.0,FIFA World Cup qualification,2017,1
2017-03-24,Croatia,Ukraine,1.0,0.0,FIFA World Cup qualification,2017,1
2017-03-24,Georgia,Serbia,1.0,3.0,FIFA World Cup qualification,2017,0
2017-03-24,Italy,Albania,2.0,0.0,FIFA World Cup qualification,2017,1
2017-03-24,Kosovo,Iceland,1.0,2.0,FIFA World Cup qualification,2017,0
2017-03-24,Liechtenstein,North Macedonia,0.0,3.0,FIFA World Cup qualification,2017,0
2017-03-24,Mexico,Costa Rica,2.0,0.0,FIFA World Cup qualification,2017,1
2017-03-24,Spain,Israel,4.0,1.0,FIFA World Cup qualification,2017,1
2017-03-24,Trinidad and Tobago,Panama,1.0,0.0,FIFA World Cup qualification,2017,1
2017-03-24,Turkey,Finland,2.0,0.0,FIFA World Cup qualification,2017,1
2017-03-24,United States,Honduras,6.0,0.0,FIFA World Cup qualification,2017,1
2017-03-25,Bosnia and Herzegovina,Gibraltar,5.0,0.0,FIFA World Cup qualification,2017,1
2017-03-25,Bulgaria,Netherlands,2.0,0.0,FIFA World Cup qualification,2017,1
2017-03-25,Fiji,New Zealand,0.0,2.0,FIFA World Cup qualification,2017,0
2017-03-25,Luxembourg,France,1.0,3.0,FIFA World Cup qualification,2017,0
2017-03-25,Portugal,Hungary,3.0,0.0,FIFA World Cup qualification,2017,1
2017-03-25,Sweden,Belarus,4.0,0.0,FIFA World Cup qualification,2017,1
2017-03-25,Switzerland,Latvia,1.0,0.0,FIFA World Cup qualification,2017,1
2017-03-26,Armenia,Kazakhstan,2.0,0.0,FIFA World Cup qualification,2017,1
2017-03-26,Azerbaijan,Germany,1.0,4.0,FIFA World Cup qualification,2017,0
2017-03-26,England,Lithuania,2.0,0.0,FIFA World Cup qualification,2017,1
2017-03-26,Malta,Slovakia,1.0,3.0,FIFA World Cup qualification,2017,0
2017-03-26,Montenegro,Poland,1.0,2.0,FIFA World Cup qualification,2017,0
2017-03-26,Northern Ireland,Norway,2.0,0.0,FIFA World Cup qualification,2017,1
2017-03-26,Scotland,Slovenia,1.0,0.0,FIFA World Cup qualification,2017,1
2017-03-28,Bolivia,Argentina,2.0,0.0,FIFA World Cup qualification,2017,1
2017-03-28,Brazil,Paraguay,3.0,0.0,FIFA World Cup qualification,2017,1
2017-03-28,Chile,Venezuela,3.0,1.0,FIFA World Cup qualification,2017,1
2017-03-28,Ecuador,Colombia,0.0,2.0,FIFA World Cup qualification,2017,0
2017-03-28,Iran,China,1.0,0.0,FIFA World Cup qualification,2017,1
2017-03-28,South Korea,Syria,1.0,0.0,FIFA World Cup qualification,2017,1
2017-03-28,New Zealand,Fiji,2.0,0.0,FIFA World Cup qualification,2017,1
2017-03-28,Peru,Uruguay,2.0,1.0,FIFA World Cup qualification,2017,1
2017-03-28,Saudi Arabia,Iraq,1.0,0.0,FIFA World Cup qualification,2017,1
2017-03-28,Trinidad and Tobago,Mexico,0.0,1.0,FIFA World Cup qualification,2017,0
2017-03-28,Uzbekistan,Qatar,1.0,0.0,FIFA World Cup qualification,2017,1
2017-06-08,Australia,Saudi Arabia,3.0,2.0,FIFA World Cup qualification,2017,1
2017-06-08,Mexico,Honduras,3.0,0.0,FIFA World Cup qualification,2017,1
2017-06-08,United States,Trinidad and Tobago,2.0,0.0,FIFA World Cup qualification,2017,1
2017-06-09,Belarus,Bulgaria,2.0,1.0,FIFA World Cup qualification,2017,1
2017-06-09,Estonia,Belgium,0.0,2.0,FIFA World Cup qualification,2017,0
2017-06-09,Faroe Islands,Switzerland,0.0,2.0,FIFA World Cup qualification,2017,0
2017-06-09,Gibraltar,Cyprus,1.0,2.0,FIFA World Cup qualification,2017,0
2017-06-09,Latvia,Portugal,0.0,3.0,FIFA World Cup qualification,2017,0
2017-06-09,Netherlands,Luxembourg,5.0,0.0,FIFA World Cup qualification,2017,1
2017-06-09,Sweden,France,2.0,1.0,FIFA World Cup qualification,2017,1
2017-06-10,Azerbaijan,Northern Ireland,0.0,1.0,FIFA World Cup qualification,2017,0
2017-06-10,Kazakhstan,Denmark,1.0,3.0,FIFA World Cup qualification,2017,0
2017-06-10,Lithuania,Slovakia,1.0,2.0,FIFA World Cup qualification,2017,0
2017-06-10,Montenegro,Armenia,4.0,1.0,FIFA World Cup qualification,2017,1
2017-06-10,Poland,Romania,3.0,1.0,FIFA World Cup qualification,2017,1
2017-06-10,Slovenia,Malta,2.0,0.0,FIFA World Cup qualification,2017,1
2017-06-11,Finland,Ukraine,1.0,2.0,FIFA World Cup qualification,2017,0
2017-06-11,Iceland,Croatia,1.0,0.0,FIFA World Cup qualification,2017,1
2017-06-11,Israel,Albania,0.0,3.0,FIFA World Cup qualification,2017,0
2017-06-11,Italy,Liechtenstein,5.0,0.0,FIFA World Cup qualification,2017,1
2017-06-11,Kosovo,Turkey,1.0,4.0,FIFA World Cup qualification,2017,0
2017-06-11,North Macedonia,Spain,1.0,2.0,FIFA World Cup qualification,2017,0
2017-06-11,New Caledonia,Fiji,2.0,1.0,FIFA World Cup qualification,2017,1
2017-06-12,Iran,Uzbekistan,2.0,0.0,FIFA World Cup qualification,2017,1
2017-06-13,Costa Rica,Trinidad and Tobago,2.0,1.0,FIFA World Cup qualification,2017,1
2017-06-13,Qatar,South Korea,3.0,2.0,FIFA World Cup qualification,2017,1
2017-08-31,Belgium,Gibraltar,9.0,0.0,FIFA World Cup qualification,2017,1
2017-08-31,Brazil,Ecuador,2.0,0.0,FIFA World Cup qualification,2017,1
2017-08-31,Bulgaria,Sweden,3.0,2.0,FIFA World Cup qualification,2017,1
2017-08-31,Chile,Paraguay,0.0,3.0,FIFA World Cup qualification,2017,0
2017-08-31,China,Uzbekistan,1.0,0.0,FIFA World Cup qualification,2017,1
2017-08-31,Cyprus,Bosnia and Herzegovina,3.0,2.0,FIFA World Cup qualification,2017,1
2017-08-31,France,Netherlands,4.0,0.0,FIFA World Cup qualification,2017,1
2017-08-31,Guinea,Libya,3.0,2.0,FIFA World Cup qualification,2017,1
2017-08-31,Hungary,Latvia,3.0,1.0,FIFA World Cup qualification,2017,1
2017-08-31,Japan,Australia,2.0,0.0,FIFA World Cup qualification,2017,1
2017-08-31,Luxembourg,Belarus,1.0,0.0,FIFA World Cup qualification,2017,1
2017-08-31,Peru,Bolivia,2.0,1.0,FIFA World Cup qualification,2017,1
2017-08-31,Portugal,Faroe Islands,5.0,1.0,FIFA World Cup qualification,2017,1
2017-08-31,Syria,Qatar,3.0,1.0,FIFA World Cup qualification,2017,1
2017-08-31,Uganda,Egypt,1.0,0.0,FIFA World Cup qualification,2017,1
2017-09-01,Cape Verde,South Africa,2.0,1.0,FIFA World Cup qualification,2017,1
2017-09-01,Czech Republic,Germany,1.0,2.0,FIFA World Cup qualification,2017,0
2017-09-01,Denmark,Poland,4.0,0.0,FIFA World Cup qualification,2017,1
2017-09-01,Kazakhstan,Montenegro,0.0,3.0,FIFA World Cup qualification,2017,0
2017-09-01,Lithuania,Scotland,0.0,3.0,FIFA World Cup qualification,2017,0
2017-09-01,Malta,England,0.0,4.0,FIFA World Cup qualification,2017,0
2017-09-01,Mexico,Panama,1.0,0.0,FIFA World Cup qualification,2017,1
2017-09-01,Morocco,Mali,6.0,0.0,FIFA World Cup qualification,2017,1
2017-09-01,Nigeria,Cameroon,4.0,0.0,FIFA World Cup qualification,2017,1
2017-09-01,Norway,Azerbaijan,2.0,0.0,FIFA World Cup qualification,2017,1
2017-09-01,Romania,Armenia,1.0,0.0,FIFA World Cup qualification,2017,1
2017-09-01,Slovakia,Slovenia,1.0,0.0,FIFA World Cup qualification,2017,1
2017-09-01,Trinidad and Tobago,Honduras,1.0,2.0,FIFA World Cup qualification,2017,0
2017-09-01,Tunisia,DR Congo,2.0,1.0,FIFA World Cup qualification,2017,1
2017-09-01,United States,Costa Rica,0.0,2.0,FIFA World Cup qualification,2017,0
2017-09-02,Albania,Liechtenstein,2.0,0.0,FIFA World Cup qualification,2017,1
2017-09-02,Croatia,Kosovo,1.0,0.0,FIFA World Cup qualification,2017,1
2017-09-02,Finland,Iceland,1.0,0.0,FIFA World Cup qualification,2017,1
2017-09-02,Gabon,Ivory Coast,0.0,3.0,FIFA World Cup qualification,2017,0
2017-09-02,Israel,North Macedonia,0.0,1.0,FIFA World Cup qualification,2017,0
2017-09-02,Serbia,Moldova,3.0,0.0,FIFA World Cup qualification,2017,1
2017-09-02,Spain,Italy,3.0,0.0,FIFA World Cup qualification,2017,1
2017-09-02,Ukraine,Turkey,2.0,0.0,FIFA World Cup qualification,2017,1
2017-09-02,Wales,Austria,1.0,0.0,FIFA World Cup qualification,2017,1
2017-09-02,Zambia,Algeria,3.0,1.0,FIFA World Cup qualification,2017,1
2017-09-03,Belarus,Sweden,0.0,4.0,FIFA World Cup qualification,2017,0
2017-09-03,Estonia,Cyprus,1.0,0.0,FIFA World Cup qualification,2017,1
2017-09-03,Gibraltar,Bosnia and Herzegovina,0.0,4.0,FIFA World Cup qualification,2017,0
2017-09-03,Greece,Belgium,1.0,2.0,FIFA World Cup qualification,2017,0
2017-09-03,Hungary,Portugal,0.0,1.0,FIFA World Cup qualification,2017,0
2017-09-03,Latvia,Switzerland,0.0,3.0,FIFA World Cup qualification,2017,0
2017-09-03,Netherlands,Bulgaria,3.0,1.0,FIFA World Cup qualification,2017,1
2017-09-04,Armenia,Denmark,1.0,4.0,FIFA World Cup qualification,2017,0
2017-09-04,England,Slovakia,2.0,1.0,FIFA World Cup qualification,2017,1
2017-09-04,Germany,Norway,6.0,0.0,FIFA World Cup qualification,2017,1
2017-09-04,Libya,Guinea,1.0,0.0,FIFA World Cup qualification,2017,1
2017-09-04,Montenegro,Romania,1.0,0.0,FIFA World Cup qualification,2017,1
2017-09-04,Northern Ireland,Czech Republic,2.0,0.0,FIFA World Cup qualification,2017,1
2017-09-04,Poland,Kazakhstan,3.0,0.0,FIFA World Cup qualification,2017,1
2017-09-04,Scotland,Malta,2.0,0.0,FIFA World Cup qualification,2017,1
2017-09-04,Slovenia,Lithuania,4.0,0.0,FIFA World Cup qualification,2017,1
2017-09-05,Algeria,Zambia,0.0,1.0,FIFA World Cup qualification,2017,0
2017-09-05,Bolivia,Chile,1.0,0.0,FIFA World Cup qualification,2017,1
2017-09-05,Congo,Ghana,1.0,5.0,FIFA World Cup qualification,2017,0
2017-09-05,Ecuador,Peru,1.0,2.0,FIFA World Cup qualification,2017,0
2017-09-05,Egypt,Uganda,1.0,0.0,FIFA World Cup qualification,2017,1
2017-09-05,Iceland,Ukraine,2.0,0.0,FIFA World Cup qualification,2017,1
2017-09-05,Republic of Ireland,Serbia,0.0,1.0,FIFA World Cup qualification,2017,0
2017-09-05,Italy,Israel,1.0,0.0,FIFA World Cup qualification,2017,1
2017-09-05,Ivory Coast,Gabon,1.0,2.0,FIFA World Cup qualification,2017,0
2017-09-05,Kosovo,Finland,0.0,1.0,FIFA World Cup qualification,2017,0
2017-09-05,Liechtenstein,Spain,0.0,8.0,FIFA World Cup qualification,2017,0
2017-09-05,Moldova,Wales,0.0,2.0,FIFA World Cup qualification,2017,0
2017-09-05,Panama,Trinidad and Tobago,3.0,0.0,FIFA World Cup qualification,2017,1
2017-09-05,Paraguay,Uruguay,1.0,2.0,FIFA World Cup qualification,2017,0
2017-09-05,Qatar,China,1.0,2.0,FIFA World Cup qualification,2017,0
2017-09-05,Saudi Arabia,Japan,1.0,0.0,FIFA World Cup qualification,2017,1
2017-09-05,South Africa,Cape Verde,1.0,2.0,FIFA World Cup qualification,2017,0
2017-09-05,Turkey,Croatia,1.0,0.0,FIFA World Cup qualification,2017,1
2017-10-05,Armenia,Poland,1.0,6.0,FIFA World Cup qualification,2017,0
2017-10-05,Azerbaijan,Czech Republic,1.0,2.0,FIFA World Cup qualification,2017,0
2017-10-05,Chile,Ecuador,2.0,1.0,FIFA World Cup qualification,2017,1
2017-10-05,Colombia,Paraguay,1.0,2.0,FIFA World Cup qualification,2017,0
2017-10-05,England,Slovenia,1.0,0.0,FIFA World Cup qualification,2017,1
2017-10-05,Montenegro,Denmark,0.0,1.0,FIFA World Cup qualification,2017,0
2017-10-05,Northern Ireland,Germany,1.0,3.0,FIFA World Cup qualification,2017,0
2017-10-05,Romania,Kazakhstan,3.0,1.0,FIFA World Cup qualification,2017,1
2017-10-05,Scotland,Slovakia,1.0,0.0,FIFA World Cup qualification,2017,1
2017-10-06,Austria,Serbia,3.0,2.0,FIFA World Cup qualification,2017,1
2017-10-06,Georgia,Wales,0.0,1.0,FIFA World Cup qualification,2017,0
2017-10-06,Republic of Ireland,Moldova,2.0,0.0,FIFA World Cup qualification,2017,1
2017-10-06,Kosovo,Ukraine,0.0,2.0,FIFA World Cup qualification,2017,0
2017-10-06,Liechtenstein,Israel,0.0,1.0,FIFA World Cup qualification,2017,0
2017-10-06,Mexico,Trinidad and Tobago,3.0,1.0,FIFA World Cup qualification,2017,1
2017-10-06,Spain,Albania,3.0,0.0,FIFA World Cup qualification,2017,1
2017-10-06,Turkey,Iceland,0.0,3.0,FIFA World Cup qualification,2017,0
2017-10-06,United States,Panama,4.0,0.0,FIFA World Cup qualification,2017,1
2017-10-07,Belarus,Netherlands,1.0,3.0,FIFA World Cup qualification,2017,0
2017-10-07,Bosnia and Herzegovina,Belgium,3.0,4.0,FIFA World Cup qualification,2017,0
2017-10-07,Bulgaria,France,0.0,1.0,FIFA World Cup qualification,2017,0
2017-10-07,Cameroon,Algeria,2.0,0.0,FIFA World Cup qualification,2017,1
2017-10-07,Cape Verde,Senegal,0.0,2.0,FIFA World Cup qualification,2017,0
2017-10-07,Cyprus,Greece,1.0,2.0,FIFA World Cup qualification,2017,0
2017-10-07,Gibraltar,Estonia,0.0,6.0,FIFA World Cup qualification,2017,0
2017-10-07,Guinea,Tunisia,1.0,4.0,FIFA World Cup qualification,2017,0
2017-10-07,Libya,DR Congo,1.0,2.0,FIFA World Cup qualification,2017,0
2017-10-07,Morocco,Gabon,3.0,0.0,FIFA World Cup qualification,2017,1
2017-10-07,Nigeria,Zambia,1.0,0.0,FIFA World Cup qualification,2017,1
2017-10-07,South Africa,Burkina Faso,3.0,1.0,FIFA World Cup qualification,2017,1
2017-10-07,Sweden,Luxembourg,8.0,0.0,FIFA World Cup qualification,2017,1
2017-10-07,Switzerland,Hungary,5.0,2.0,FIFA World Cup qualification,2017,1
2017-10-08,Egypt,Congo,2.0,1.0,FIFA World Cup qualification,2017,1
2017-10-08,Germany,Azerbaijan,5.0,1.0,FIFA World Cup qualification,2017,1
2017-10-08,Lithuania,England,0.0,1.0,FIFA World Cup qualification,2017,0
2017-10-08,Norway,Northern Ireland,1.0,0.0,FIFA World Cup qualification,2017,1
2017-10-08,Poland,Montenegro,4.0,2.0,FIFA World Cup qualification,2017,1
2017-10-08,Slovakia,Malta,3.0,0.0,FIFA World Cup qualification,2017,1
2017-10-09,Albania,Italy,0.0,1.0,FIFA World Cup qualification,2017,0
2017-10-09,Iceland,Kosovo,2.0,0.0,FIFA World Cup qualification,2017,1
2017-10-09,Israel,Spain,0.0,1.0,FIFA World Cup qualification,2017,0
2017-10-09,North Macedonia,Liechtenstein,4.0,0.0,FIFA World Cup qualification,2017,1
2017-10-09,Moldova,Austria,0.0,1.0,FIFA World Cup qualification,2017,0
2017-10-09,Serbia,Georgia,1.0,0.0,FIFA World Cup qualification,2017,1
2017-10-09,Ukraine,Croatia,0.0,2.0,FIFA World Cup qualification,2017,0
2017-10-09,Wales,Republic of Ireland,0.0,1.0,FIFA World Cup qualification,2017,0
2017-10-10,Australia,Syria,2.0,1.0,FIFA World Cup qualification,2017,1
2017-10-10,Belgium,Cyprus,4.0,0.0,FIFA World Cup qualification,2017,1
2017-10-10,Brazil,Chile,3.0,0.0,FIFA World Cup qualification,2017,1
2017-10-10,Ecuador,Argentina,1.0,3.0,FIFA World Cup qualification,2017,0
2017-10-10,Estonia,Bosnia and Herzegovina,1.0,2.0,FIFA World Cup qualification,2017,0
2017-10-10,France,Belarus,2.0,1.0,FIFA World Cup qualification,2017,1
2017-10-10,Greece,Gibraltar,4.0,0.0,FIFA World Cup qualification,2017,1
2017-10-10,Honduras,Mexico,3.0,2.0,FIFA World Cup qualification,2017,1
2017-10-10,Hungary,Faroe Islands,1.0,0.0,FIFA World Cup qualification,2017,1
2017-10-10,Netherlands,Sweden,2.0,0.0,FIFA World Cup qualification,2017,1
2017-10-10,Panama,Costa Rica,2.0,1.0,FIFA World Cup qualification,2017,1
2017-10-10,Paraguay,Venezuela,0.0,1.0,FIFA World Cup qualification,2017,0
2017-10-10,Portugal,Switzerland,2.0,0.0,FIFA World Cup qualification,2017,1
2017-10-10,Trinidad and Tobago,United States,2.0,1.0,FIFA World Cup qualification,2017,1
2017-10-10,Uruguay,Bolivia,4.0,2.0,FIFA World Cup qualification,2017,1
2017-11-09,Croatia,Greece,4.0,1.0,FIFA World Cup qualification,2017,1
2017-11-09,Northern Ireland,Switzerland,0.0,1.0,FIFA World Cup qualification,2017,0
2017-11-10,Algeria,Nigeria,3.0,0.0,FIFA World Cup qualification,2017,1
2017-11-10,South Africa,Senegal,0.0,2.0,FIFA World Cup qualification,2017,0
2017-11-10,Sweden,Italy,1.0,0.0,FIFA World Cup qualification,2017,1
2017-11-11,DR Congo,Guinea,3.0,1.0,FIFA World Cup qualification,2017,1
2017-11-11,Ivory Coast,Morocco,0.0,2.0,FIFA World Cup qualification,2017,0
2017-11-14,Burkina Faso,Cape Verde,4.0,0.0,FIFA World Cup qualification,2017,1
2017-11-14,Republic of Ireland,Denmark,1.0,5.0,FIFA World Cup qualification,2017,0
2017-11-14,Senegal,South Africa,2.0,1.0,FIFA World Cup qualification,2017,1
2017-11-15,Australia,Honduras,3.0,1.0,FIFA World Cup qualification,2017,1
2017-11-15,Peru,New Zealand,2.0,0.0,FIFA World Cup qualification,2017,1
2018-06-14,Russia,Saudi Arabia,5.0,0.0,FIFA World Cup,2018,1
2018-06-15,Egypt,Uruguay,0.0,1.0,FIFA World Cup,2018,0
2018-06-15,Morocco,Iran,0.0,1.0,FIFA World Cup,2018,0
2018-06-16,France,Australia,2.0,1.0,FIFA World Cup,2018,1
2018-06-16,Peru,Denmark,0.0,1.0,FIFA World Cup,2018,0
2018-06-16,Croatia,Nigeria,2.0,0.0,FIFA World Cup,2018,1
2018-06-17,Costa Rica,Serbia,0.0,1.0,FIFA World Cup,2018,0
2018-06-17,Germany,Mexico,0.0,1.0,FIFA World Cup,2018,0
2018-06-18,Sweden,South Korea,1.0,0.0,FIFA World Cup,2018,1
2018-06-18,Belgium,Panama,3.0,0.0,FIFA World Cup,2018,1
2018-06-18,Tunisia,England,1.0,2.0,FIFA World Cup,2018,0
2018-06-19,Colombia,Japan,1.0,2.0,FIFA World Cup,2018,0
2018-06-19,Poland,Senegal,1.0,2.0,FIFA World Cup,2018,0
2018-06-19,Russia,Egypt,3.0,1.0,FIFA World Cup,2018,1
2018-06-20,Portugal,Morocco,1.0,0.0,FIFA World Cup,2018,1
2018-06-20,Uruguay,Saudi Arabia,1.0,0.0,FIFA World Cup,2018,1
2018-06-20,Iran,Spain,0.0,1.0,FIFA World Cup,2018,0
2018-06-21,France,Peru,1.0,0.0,FIFA World Cup,2018,1
2018-06-21,Argentina,Croatia,0.0,3.0,FIFA World Cup,2018,0
2018-06-22,Brazil,Costa Rica,2.0,0.0,FIFA World Cup,2018,1
2018-06-22,Nigeria,Iceland,2.0,0.0,FIFA World Cup,2018,1
2018-06-22,Serbia,Switzerland,1.0,2.0,FIFA World Cup,2018,0
2018-06-23,Belgium,Tunisia,5.0,2.0,FIFA World Cup,2018,1
2018-06-23,South Korea,Mexico,1.0,2.0,FIFA World Cup,2018,0
2018-06-23,Germany,Sweden,2.0,1.0,FIFA World Cup,2018,1
2018-06-24,England,Panama,6.0,1.0,FIFA World Cup,2018,1
2018-06-24,Poland,Colombia,0.0,3.0,FIFA World Cup,2018,0
2018-06-25,Russia,Uruguay,0.0,3.0,FIFA World Cup,2018,0
2018-06-25,Saudi Arabia,Egypt,2.0,1.0,FIFA World Cup,2018,1
2018-06-26,Australia,Peru,0.0,2.0,FIFA World Cup,2018,0
2018-06-26,Nigeria,Argentina,1.0,2.0,FIFA World Cup,2018,0
2018-06-26,Iceland,Croatia,1.0,2.0,FIFA World Cup,2018,0
2018-06-27,South Korea,Germany,2.0,0.0,FIFA World Cup,2018,1
2018-06-27,Mexico,Sweden,0.0,3.0,FIFA World Cup,2018,0
2018-06-27,Serbia,Brazil,0.0,2.0,FIFA World Cup,2018,0
2018-06-28,Japan,Poland,0.0,1.0,FIFA World Cup,2018,0
2018-06-28,Senegal,Colombia,0.0,1.0,FIFA World Cup,2018,0
2018-06-28,Panama,Tunisia,1.0,2.0,FIFA World Cup,2018,0
2018-06-28,England,Belgium,0.0,1.0,FIFA World Cup,2018,0
2018-06-30,France,Argentina,4.0,3.0,FIFA World Cup,2018,1
2018-06-30,Uruguay,Portugal,2.0,1.0,FIFA World Cup,2018,1
2018-07-02,Brazil,Mexico,2.0,0.0,FIFA World Cup,2018,1
2018-07-02,Belgium,Japan,3.0,2.0,FIFA World Cup,2018,1
2018-07-03,Sweden,Switzerland,1.0,0.0,FIFA World Cup,2018,1
2018-07-06,Uruguay,France,0.0,2.0,FIFA World Cup,2018,0
2018-07-06,Brazil,Belgium,1.0,2.0,FIFA World Cup,2018,0
2018-07-07,Sweden,England,0.0,2.0,FIFA World Cup,2018,0
2018-07-10,France,Belgium,1.0,0.0,FIFA World Cup,2018,1
2018-07-11,Croatia,England,2.0,1.0,FIFA World Cup,2018,1
2018-07-14,Belgium,England,2.0,0.0,FIFA World Cup,2018,1
2018-07-15,France,Croatia,4.0,2.0,FIFA World Cup,2018,1
2019-09-04,Eritrea,Namibia,1.0,2.0,FIFA World Cup qualification,2019,0
2019-09-04,Liberia,Sierra Leone,3.0,1.0,FIFA World Cup qualification,2019,1
2019-09-04,Mauritius,Mozambique,0.0,1.0,FIFA World Cup qualification,2019,0
2019-09-04,São Tomé and Príncipe,Guinea-Bissau,0.0,1.0,FIFA World Cup qualification,2019,0
2019-09-05,Philippines,Syria,2.0,5.0,FIFA World Cup qualification,2019,0
2019-09-05,Palestine,Uzbekistan,2.0,0.0,FIFA World Cup qualification,2019,1
2019-09-05,India,Oman,1.0,2.0,FIFA World Cup qualification,2019,0
2019-09-05,Chad,Sudan,1.0,3.0,FIFA World Cup qualification,2019,0
2019-09-06,Gambia,Angola,0.0,1.0,FIFA World Cup qualification,2019,0
2019-09-08,Equatorial Guinea,South Sudan,1.0,0.0,FIFA World Cup qualification,2019,1
2019-09-08,Sierra Leone,Liberia,1.0,0.0,FIFA World Cup qualification,2019,1
2019-09-10,Guam,Philippines,1.0,4.0,FIFA World Cup qualification,2019,0
2019-09-10,Hong Kong,Iran,0.0,2.0,FIFA World Cup qualification,2019,0
2019-09-10,Indonesia,Thailand,0.0,3.0,FIFA World Cup qualification,2019,0
2019-09-10,Angola,Gambia,2.0,1.0,FIFA World Cup qualification,2019,1
2019-09-10,Guinea-Bissau,São Tomé and Príncipe,2.0,1.0,FIFA World Cup qualification,2019,1
2019-09-10,Mozambique,Mauritius,2.0,0.0,FIFA World Cup qualification,2019,1
2019-09-10,Namibia,Eritrea,2.0,0.0,FIFA World Cup qualification,2019,1
2019-09-10,Togo,Comoros,2.0,0.0,FIFA World Cup qualification,2019,1
2019-10-10,China,Guam,7.0,0.0,FIFA World Cup qualification,2019,1
2019-10-10,Iraq,Hong Kong,2.0,0.0,FIFA World Cup qualification,2019,1
2019-10-10,Oman,Afghanistan,3.0,0.0,FIFA World Cup qualification,2019,1
2019-10-10,United Arab Emirates,Indonesia,5.0,0.0,FIFA World Cup qualification,2019,1
2019-10-15,Syria,Guam,4.0,0.0,FIFA World Cup qualification,2019,1
2019-10-15,Bahrain,Iran,1.0,0.0,FIFA World Cup qualification,2019,1
2019-10-15,Thailand,United Arab Emirates,2.0,1.0,FIFA World Cup qualification,2019,1
2019-11-14,Syria,China,2.0,1.0,FIFA World Cup qualification,2019,1
2019-11-14,Jordan,Australia,0.0,1.0,FIFA World Cup qualification,2019,0
2019-11-14,Iraq,Iran,2.0,1.0,FIFA World Cup qualification,2019,1
2019-11-14,Uzbekistan,Saudi Arabia,2.0,3.0,FIFA World Cup qualification,2019,0
2019-11-19,Syria,Philippines,1.0,0.0,FIFA World Cup qualification,2019,1
2019-11-19,Uzbekistan,Palestine,2.0,0.0,FIFA World Cup qualification,2019,1
2019-11-19,Oman,India,1.0,0.0,FIFA World Cup qualification,2019,1
2020-10-08,Uruguay,Chile,2.0,1.0,FIFA World Cup qualification,2020,1
2020-10-08,Argentina,Ecuador,1.0,0.0,FIFA World Cup qualification,2020,1
2020-10-09,Colombia,Venezuela,3.0,0.0,FIFA World Cup qualification,2020,1
2020-10-09,Brazil,Bolivia,5.0,0.0,FIFA World Cup qualification,2020,1
2020-10-13,Bolivia,Argentina,1.0,2.0,FIFA World Cup qualification,2020,0
2020-10-13,Ecuador,Uruguay,4.0,2.0,FIFA World Cup qualification,2020,1
2020-10-13,Venezuela,Paraguay,0.0,1.0,FIFA World Cup qualification,2020,0
2020-10-13,Peru,Brazil,2.0,4.0,FIFA World Cup qualification,2020,0
2020-11-12,Bolivia,Ecuador,2.0,3.0,FIFA World Cup qualification,2020,0
2020-11-13,Colombia,Uruguay,0.0,3.0,FIFA World Cup qualification,2020,0
2020-11-13,Chile,Peru,2.0,0.0,FIFA World Cup qualification,2020,1
2020-11-13,Brazil,Venezuela,1.0,0.0,FIFA World Cup qualification,2020,1
2020-11-17,Ecuador,Colombia,6.0,1.0,FIFA World Cup qualification,2020,1
2020-11-17,Venezuela,Chile,2.0,1.0,FIFA World Cup qualification,2020,1
2020-11-17,Peru,Argentina,0.0,2.0,FIFA World Cup qualification,2020,0
2020-11-17,Uruguay,Brazil,0.0,2.0,FIFA World Cup qualification,2020,0
2021-03-24,Saint Kitts and Nevis,Puerto Rico,1.0,0.0,FIFA World Cup qualification,2021,1
2021-03-24,Portugal,Azerbaijan,1.0,0.0,FIFA World Cup qualification,2021,1
2021-03-24,Serbia,Republic of Ireland,3.0,2.0,FIFA World Cup qualification,2021,1
2021-03-24,Belgium,Wales,3.0,1.0,FIFA World Cup qualification,2021,1
2021-03-24,Estonia,Czech Republic,2.0,6.0,FIFA World Cup qualification,2021,0
2021-03-24,Turkey,Netherlands,4.0,2.0,FIFA World Cup qualification,2021,1
2021-03-24,Latvia,Montenegro,1.0,2.0,FIFA World Cup qualification,2021,0
2021-03-24,Malta,Russia,1.0,3.0,FIFA World Cup qualification,2021,0
2021-03-24,Slovenia,Croatia,1.0,0.0,FIFA World Cup qualification,2021,1
2021-03-25,El Salvador,Grenada,2.0,0.0,FIFA World Cup qualification,2021,1
2021-03-25,Canada,Bermuda,5.0,1.0,FIFA World Cup qualification,2021,1
2021-03-25,Panama,Barbados,1.0,0.0,FIFA World Cup qualification,2021,1
2021-03-25,Haiti,Belize,2.0,0.0,FIFA World Cup qualification,2021,1
2021-03-25,Trinidad and Tobago,Guyana,3.0,0.0,FIFA World Cup qualification,2021,1
2021-03-25,Sweden,Georgia,1.0,0.0,FIFA World Cup qualification,2021,1
2021-03-25,Bulgaria,Switzerland,1.0,3.0,FIFA World Cup qualification,2021,0
2021-03-25,Italy,Northern Ireland,2.0,0.0,FIFA World Cup qualification,2021,1
2021-03-25,Israel,Denmark,0.0,2.0,FIFA World Cup qualification,2021,0
2021-03-25,Andorra,Albania,0.0,1.0,FIFA World Cup qualification,2021,0
2021-03-25,Germany,Iceland,3.0,0.0,FIFA World Cup qualification,2021,1
2021-03-25,Liechtenstein,Armenia,0.0,1.0,FIFA World Cup qualification,2021,0
2021-03-25,Romania,North Macedonia,3.0,2.0,FIFA World Cup qualification,2021,1
2021-03-27,Republic of Ireland,Luxembourg,0.0,1.0,FIFA World Cup qualification,2021,0
2021-03-27,Belarus,Estonia,4.0,2.0,FIFA World Cup qualification,2021,1
2021-03-27,Netherlands,Latvia,2.0,0.0,FIFA World Cup qualification,2021,1
2021-03-27,Norway,Turkey,0.0,3.0,FIFA World Cup qualification,2021,0
2021-03-27,Russia,Slovenia,2.0,1.0,FIFA World Cup qualification,2021,1
2021-03-27,Croatia,Cyprus,1.0,0.0,FIFA World Cup qualification,2021,1
2021-03-28,Cuba,Curaçao,1.0,2.0,FIFA World Cup qualification,2021,0
2021-03-28,Georgia,Spain,1.0,2.0,FIFA World Cup qualification,2021,0
2021-03-28,Kosovo,Sweden,0.0,3.0,FIFA World Cup qualification,2021,0
2021-03-28,Switzerland,Lithuania,1.0,0.0,FIFA World Cup qualification,2021,1
2021-03-28,Bulgaria,Italy,0.0,2.0,FIFA World Cup qualification,2021,0
2021-03-28,Kazakhstan,France,0.0,2.0,FIFA World Cup qualification,2021,0
2021-03-28,Denmark,Moldova,8.0,0.0,FIFA World Cup qualification,2021,1
2021-03-28,Austria,Faroe Islands,3.0,1.0,FIFA World Cup qualification,2021,1
2021-03-28,Albania,England,0.0,2.0,FIFA World Cup qualification,2021,0
2021-03-28,Poland,Andorra,3.0,0.0,FIFA World Cup qualification,2021,1
2021-03-28,Armenia,Iceland,2.0,0.0,FIFA World Cup qualification,2021,1
2021-03-28,North Macedonia,Liechtenstein,5.0,0.0,FIFA World Cup qualification,2021,1
2021-03-28,Romania,Germany,0.0,1.0,FIFA World Cup qualification,2021,0
2021-03-30,Bermuda,Aruba,5.0,0.0,FIFA World Cup qualification,2021,1
2021-03-30,Azerbaijan,Serbia,1.0,2.0,FIFA World Cup qualification,2021,0
2021-03-30,Luxembourg,Portugal,1.0,3.0,FIFA World Cup qualification,2021,0
2021-03-30,Wales,Czech Republic,1.0,0.0,FIFA World Cup qualification,2021,1
2021-03-30,Belgium,Belarus,8.0,0.0,FIFA World Cup qualification,2021,1
2021-03-30,Montenegro,Norway,0.0,1.0,FIFA World Cup qualification,2021,0
2021-03-30,Cyprus,Slovenia,1.0,0.0,FIFA World Cup qualification,2021,1
2021-03-30,Croatia,Malta,3.0,0.0,FIFA World Cup qualification,2021,1
2021-03-30,Slovakia,Russia,2.0,1.0,FIFA World Cup qualification,2021,1
2021-03-30,Saudi Arabia,Palestine,5.0,0.0,FIFA World Cup qualification,2021,1
2021-03-31,Spain,Kosovo,3.0,1.0,FIFA World Cup qualification,2021,1
2021-03-31,Lithuania,Italy,0.0,2.0,FIFA World Cup qualification,2021,0
2021-03-31,Bosnia and Herzegovina,France,0.0,1.0,FIFA World Cup qualification,2021,0
2021-03-31,Scotland,Faroe Islands,4.0,0.0,FIFA World Cup qualification,2021,1
2021-03-31,Austria,Denmark,0.0,4.0,FIFA World Cup qualification,2021,0
2021-03-31,Moldova,Israel,1.0,4.0,FIFA World Cup qualification,2021,0
2021-03-31,England,Poland,2.0,1.0,FIFA World Cup qualification,2021,1
2021-03-31,Andorra,Hungary,1.0,4.0,FIFA World Cup qualification,2021,0
2021-03-31,Armenia,Romania,3.0,2.0,FIFA World Cup qualification,2021,1
2021-03-31,Germany,North Macedonia,1.0,2.0,FIFA World Cup qualification,2021,0
2021-03-31,Liechtenstein,Iceland,1.0,4.0,FIFA World Cup qualification,2021,0
2021-05-30,China,Guam,7.0,0.0,FIFA World Cup qualification,2021,1
2021-06-03,Iran,Hong Kong,3.0,1.0,FIFA World Cup qualification,2021,1
2021-06-03,United Arab Emirates,Malaysia,4.0,0.0,FIFA World Cup qualification,2021,1
2021-06-03,Bolivia,Venezuela,3.0,1.0,FIFA World Cup qualification,2021,1
2021-06-03,Peru,Colombia,0.0,3.0,FIFA World Cup qualification,2021,0
2021-06-04,Antigua and Barbuda,Grenada,1.0,0.0,FIFA World Cup qualification,2021,1
2021-06-04,Nicaragua,Belize,3.0,0.0,FIFA World Cup qualification,2021,1
2021-06-04,Saint Kitts and Nevis,Guyana,3.0,0.0,FIFA World Cup qualification,2021,1
2021-06-04,Brazil,Ecuador,2.0,0.0,FIFA World Cup qualification,2021,1
2021-06-05,Aruba,Canada,0.0,7.0,FIFA World Cup qualification,2021,0
2021-06-07,Guam,Syria,0.0,3.0,FIFA World Cup qualification,2021,0
2021-06-07,China,Philippines,2.0,0.0,FIFA World Cup qualification,2021,1
2021-06-07,Australia,Taiwan,5.0,1.0,FIFA World Cup qualification,2021,1
2021-06-07,United Arab Emirates,Thailand,3.0,1.0,FIFA World Cup qualification,2021,1
2021-06-08,Grenada,Montserrat,1.0,2.0,FIFA World Cup qualification,2021,0
2021-06-08,El Salvador,Antigua and Barbuda,3.0,0.0,FIFA World Cup qualification,2021,1
2021-06-08,Panama,Dominican Republic,3.0,0.0,FIFA World Cup qualification,2021,1
2021-06-08,Haiti,Nicaragua,1.0,0.0,FIFA World Cup qualification,2021,1
2021-06-08,Guyana,Puerto Rico,0.0,2.0,FIFA World Cup qualification,2021,0
2021-06-08,Trinidad and Tobago,Saint Kitts and Nevis,2.0,0.0,FIFA World Cup qualification,2021,1
2021-06-08,Ecuador,Peru,1.0,2.0,FIFA World Cup qualification,2021,0
2021-06-08,Paraguay,Brazil,0.0,2.0,FIFA World Cup qualification,2021,0
2021-06-11,Philippines,Guam,3.0,0.0,FIFA World Cup qualification,2021,1
2021-06-11,Hong Kong,Iraq,0.0,1.0,FIFA World Cup qualification,2021,0
2021-06-11,United Arab Emirates,Indonesia,5.0,0.0,FIFA World Cup qualification,2021,1
2021-06-12,Haiti,Canada,0.0,1.0,FIFA World Cup qualification,2021,0
2021-06-12,Panama,Curaçao,2.0,1.0,FIFA World Cup qualification,2021,1
2021-06-12,Saint Kitts and Nevis,El Salvador,0.0,4.0,FIFA World Cup qualification,2021,0
2021-06-13,South Korea,Lebanon,2.0,1.0,FIFA World Cup qualification,2021,1
2021-06-15,China,Syria,3.0,1.0,FIFA World Cup qualification,2021,1
2021-06-15,Australia,Jordan,1.0,0.0,FIFA World Cup qualification,2021,1
2021-06-15,Iran,Iraq,1.0,0.0,FIFA World Cup qualification,2021,1
2021-06-15,Saudi Arabia,Uzbekistan,3.0,0.0,FIFA World Cup qualification,2021,1
2021-06-15,Thailand,Malaysia,0.0,1.0,FIFA World Cup qualification,2021,0
2021-06-15,Canada,Haiti,3.0,0.0,FIFA World Cup qualification,2021,1
2021-06-15,El Salvador,Saint Kitts and Nevis,2.0,0.0,FIFA World Cup qualification,2021,1
2021-09-01,Mali,Rwanda,1.0,0.0,FIFA World Cup qualification,2021,1
2021-09-01,Egypt,Angola,1.0,0.0,FIFA World Cup qualification,2021,1
2021-09-01,Libya,Gabon,2.0,1.0,FIFA World Cup qualification,2021,1
2021-09-01,Senegal,Togo,2.0,0.0,FIFA World Cup qualification,2021,1
2021-09-01,Portugal,Republic of Ireland,2.0,1.0,FIFA World Cup qualification,2021,1
2021-09-01,Luxembourg,Azerbaijan,2.0,1.0,FIFA World Cup qualification,2021,1
2021-09-01,Faroe Islands,Israel,0.0,4.0,FIFA World Cup qualification,2021,0
2021-09-01,Denmark,Scotland,2.0,0.0,FIFA World Cup qualification,2021,1
2021-09-01,Moldova,Austria,0.0,2.0,FIFA World Cup qualification,2021,0
2021-09-01,Malta,Cyprus,3.0,0.0,FIFA World Cup qualification,2021,1
2021-09-02,Niger,Burkina Faso,0.0,2.0,FIFA World Cup qualification,2021,0
2021-09-02,Morocco,Sudan,2.0,0.0,FIFA World Cup qualification,2021,1
2021-09-02,Madagascar,Benin,0.0,1.0,FIFA World Cup qualification,2021,0
2021-09-02,Iran,Syria,1.0,0.0,FIFA World Cup qualification,2021,1
2021-09-02,Australia,China,3.0,0.0,FIFA World Cup qualification,2021,1
2021-09-02,Georgia,Kosovo,0.0,1.0,FIFA World Cup qualification,2021,0
2021-09-02,Sweden,Spain,2.0,1.0,FIFA World Cup qualification,2021,1
2021-09-02,Lithuania,Northern Ireland,1.0,4.0,FIFA World Cup qualification,2021,0
2021-09-02,Czech Republic,Belarus,1.0,0.0,FIFA World Cup qualification,2021,1
2021-09-02,Estonia,Belgium,2.0,5.0,FIFA World Cup qualification,2021,0
2021-09-02,Hungary,England,0.0,4.0,FIFA World Cup qualification,2021,0
2021-09-02,Poland,Albania,4.0,1.0,FIFA World Cup qualification,2021,1
2021-09-02,Iceland,Romania,0.0,2.0,FIFA World Cup qualification,2021,0
2021-09-02,Liechtenstein,Germany,0.0,2.0,FIFA World Cup qualification,2021,0
2021-09-02,Ecuador,Paraguay,2.0,0.0,FIFA World Cup qualification,2021,1
2021-09-02,Venezuela,Argentina,1.0,3.0,FIFA World Cup qualification,2021,0
2021-09-02,Chile,Brazil,0.0,1.0,FIFA World Cup qualification,2021,0
2021-09-02,Mexico,Jamaica,2.0,1.0,FIFA World Cup qualification,2021,1
2021-09-03,Mauritania,Zambia,1.0,2.0,FIFA World Cup qualification,2021,0
2021-09-03,Tunisia,Equatorial Guinea,3.0,0.0,FIFA World Cup qualification,2021,1
2021-09-03,Nigeria,Liberia,2.0,0.0,FIFA World Cup qualification,2021,1
2021-09-03,Cameroon,Malawi,2.0,0.0,FIFA World Cup qualification,2021,1
2021-09-03,Ghana,Ethiopia,1.0,0.0,FIFA World Cup qualification,2021,1
2021-09-04,Serbia,Luxembourg,4.0,1.0,FIFA World Cup qualification,2021,1
2021-09-04,Finland,Kazakhstan,1.0,0.0,FIFA World Cup qualification,2021,1
2021-09-04,Faroe Islands,Denmark,0.0,1.0,FIFA World Cup qualification,2021,0
2021-09-04,Scotland,Moldova,1.0,0.0,FIFA World Cup qualification,2021,1
2021-09-04,Israel,Austria,5.0,2.0,FIFA World Cup qualification,2021,1
2021-09-04,Latvia,Norway,0.0,2.0,FIFA World Cup qualification,2021,0
2021-09-04,Netherlands,Montenegro,4.0,0.0,FIFA World Cup qualification,2021,1
2021-09-04,Slovenia,Malta,1.0,0.0,FIFA World Cup qualification,2021,1
2021-09-04,Cyprus,Russia,0.0,2.0,FIFA World Cup qualification,2021,0
2021-09-04,Slovakia,Croatia,0.0,1.0,FIFA World Cup qualification,2021,0
2021-09-05,Togo,Namibia,0.0,1.0,FIFA World Cup qualification,2021,0
2021-09-05,Spain,Georgia,4.0,0.0,FIFA World Cup qualification,2021,1
2021-09-05,Bulgaria,Lithuania,1.0,0.0,FIFA World Cup qualification,2021,1
2021-09-05,Belarus,Wales,2.0,3.0,FIFA World Cup qualification,2021,0
2021-09-05,Belgium,Czech Republic,3.0,0.0,FIFA World Cup qualification,2021,1
2021-09-05,England,Andorra,4.0,0.0,FIFA World Cup qualification,2021,1
2021-09-05,Albania,Hungary,1.0,0.0,FIFA World Cup qualification,2021,1
2021-09-05,Germany,Armenia,6.0,0.0,FIFA World Cup qualification,2021,1
2021-09-05,Romania,Liechtenstein,2.0,0.0,FIFA World Cup qualification,2021,1
2021-09-05,Uruguay,Bolivia,4.0,2.0,FIFA World Cup qualification,2021,1
2021-09-05,Peru,Venezuela,1.0,0.0,FIFA World Cup qualification,2021,1
2021-09-05,Costa Rica,Mexico,0.0,1.0,FIFA World Cup qualification,2021,0
2021-09-05,Jamaica,Panama,0.0,3.0,FIFA World Cup qualification,2021,0
2021-09-06,Liberia,Central African Republic,1.0,0.0,FIFA World Cup qualification,2021,1
2021-09-06,Ivory Coast,Cameroon,2.0,1.0,FIFA World Cup qualification,2021,1
2021-09-06,South Africa,Ghana,1.0,0.0,FIFA World Cup qualification,2021,1
2021-09-07,Zambia,Tunisia,0.0,2.0,FIFA World Cup qualification,2021,0
2021-09-07,Equatorial Guinea,Mauritania,1.0,0.0,FIFA World Cup qualification,2021,1
2021-09-07,Cape Verde,Nigeria,1.0,2.0,FIFA World Cup qualification,2021,0
2021-09-07,Malawi,Mozambique,1.0,0.0,FIFA World Cup qualification,2021,1
2021-09-07,Angola,Libya,0.0,1.0,FIFA World Cup qualification,2021,0
2021-09-07,Ethiopia,Zimbabwe,1.0,0.0,FIFA World Cup qualification,2021,1
2021-09-07,Congo,Senegal,1.0,3.0,FIFA World Cup qualification,2021,0
2021-09-07,Sudan,Guinea-Bissau,2.0,4.0,FIFA World Cup qualification,2021,0
2021-09-07,Tanzania,Madagascar,3.0,2.0,FIFA World Cup qualification,2021,1
2021-09-07,South Korea,Lebanon,1.0,0.0,FIFA World Cup qualification,2021,1
2021-09-07,Iraq,Iran,0.0,3.0,FIFA World Cup qualification,2021,0
2021-09-07,China,Japan,0.0,1.0,FIFA World Cup qualification,2021,0
2021-09-07,Azerbaijan,Portugal,0.0,3.0,FIFA World Cup qualification,2021,0
2021-09-07,France,Finland,2.0,0.0,FIFA World Cup qualification,2021,1
2021-09-07,Faroe Islands,Moldova,2.0,1.0,FIFA World Cup qualification,2021,1
2021-09-07,Austria,Scotland,0.0,1.0,FIFA World Cup qualification,2021,0
2021-09-07,Denmark,Israel,5.0,0.0,FIFA World Cup qualification,2021,1
2021-09-07,Netherlands,Turkey,6.0,1.0,FIFA World Cup qualification,2021,1
2021-09-07,Croatia,Slovenia,3.0,0.0,FIFA World Cup qualification,2021,1
2021-09-07,Slovakia,Cyprus,2.0,0.0,FIFA World Cup qualification,2021,1
2021-09-07,Russia,Malta,2.0,0.0,FIFA World Cup qualification,2021,1
2021-09-08,Kosovo,Spain,0.0,2.0,FIFA World Cup qualification,2021,0
2021-09-08,Greece,Sweden,2.0,1.0,FIFA World Cup qualification,2021,1
2021-09-08,Italy,Lithuania,5.0,0.0,FIFA World Cup qualification,2021,1
2021-09-08,Belarus,Belgium,0.0,1.0,FIFA World Cup qualification,2021,0
2021-09-08,Hungary,Andorra,2.0,1.0,FIFA World Cup qualification,2021,1
2021-09-08,Iceland,Germany,0.0,4.0,FIFA World Cup qualification,2021,0
2021-09-08,Canada,El Salvador,3.0,0.0,FIFA World Cup qualification,2021,1
2021-09-08,Honduras,United States,1.0,4.0,FIFA World Cup qualification,2021,0
2021-09-09,Colombia,Chile,3.0,1.0,FIFA World Cup qualification,2021,1
2021-09-09,Paraguay,Venezuela,2.0,1.0,FIFA World Cup qualification,2021,1
2021-09-09,Uruguay,Ecuador,1.0,0.0,FIFA World Cup qualification,2021,1
2021-09-09,Argentina,Bolivia,3.0,0.0,FIFA World Cup qualification,2021,1
2021-09-09,Brazil,Peru,2.0,0.0,FIFA World Cup qualification,2021,1
2021-10-06,Morocco,Guinea-Bissau,5.0,0.0,FIFA World Cup qualification,2021,1
2021-10-07,South Korea,Syria,2.0,1.0,FIFA World Cup qualification,2021,1
2021-10-07,United Arab Emirates,Iran,0.0,1.0,FIFA World Cup qualification,2021,0
2021-10-07,Saudi Arabia,Japan,1.0,0.0,FIFA World Cup qualification,2021,1
2021-10-07,United States,Jamaica,2.0,0.0,FIFA World Cup qualification,2021,1
2021-10-07,El Salvador,Panama,1.0,0.0,FIFA World Cup qualification,2021,1
2021-10-07,Equatorial Guinea,Zambia,2.0,0.0,FIFA World Cup qualification,2021,1
2021-10-07,Tunisia,Mauritania,3.0,0.0,FIFA World Cup qualification,2021,1
2021-10-07,Liberia,Cape Verde,1.0,2.0,FIFA World Cup qualification,2021,0
2021-10-07,Nigeria,Central African Republic,0.0,1.0,FIFA World Cup qualification,2021,0
2021-10-07,Rwanda,Uganda,0.0,1.0,FIFA World Cup qualification,2021,0
2021-10-07,Mali,Kenya,5.0,0.0,FIFA World Cup qualification,2021,1
2021-10-07,DR Congo,Madagascar,2.0,0.0,FIFA World Cup qualification,2021,1
2021-10-07,Tanzania,Benin,0.0,1.0,FIFA World Cup qualification,2021,0
2021-10-07,Ecuador,Bolivia,3.0,0.0,FIFA World Cup qualification,2021,1
2021-10-07,Venezuela,Brazil,1.0,3.0,FIFA World Cup qualification,2021,0
2021-10-07,Peru,Chile,2.0,0.0,FIFA World Cup qualification,2021,1
2021-10-08,Estonia,Belarus,2.0,0.0,FIFA World Cup qualification,2021,1
2021-10-08,Latvia,Netherlands,0.0,1.0,FIFA World Cup qualification,2021,0
2021-10-08,Malta,Slovenia,0.0,4.0,FIFA World Cup qualification,2021,0
2021-10-08,Cyprus,Croatia,0.0,3.0,FIFA World Cup qualification,2021,0
2021-10-08,Russia,Slovakia,1.0,0.0,FIFA World Cup qualification,2021,1
2021-10-08,Germany,Romania,2.0,1.0,FIFA World Cup qualification,2021,1
2021-10-08,Liechtenstein,North Macedonia,0.0,4.0,FIFA World Cup qualification,2021,0
2021-10-08,Algeria,Niger,6.0,1.0,FIFA World Cup qualification,2021,1
2021-10-08,Malawi,Ivory Coast,0.0,3.0,FIFA World Cup qualification,2021,0
2021-10-08,Cameroon,Mozambique,3.0,1.0,FIFA World Cup qualification,2021,1
2021-10-08,Angola,Gabon,3.0,1.0,FIFA World Cup qualification,2021,1
2021-10-08,Egypt,Libya,1.0,0.0,FIFA World Cup qualification,2021,1
2021-10-09,Azerbaijan,Republic of Ireland,0.0,3.0,FIFA World Cup qualification,2021,0
2021-10-09,Luxembourg,Serbia,0.0,1.0,FIFA World Cup qualification,2021,0
2021-10-09,Sweden,Kosovo,3.0,0.0,FIFA World Cup qualification,2021,1
2021-10-09,Georgia,Greece,0.0,2.0,FIFA World Cup qualification,2021,0
2021-10-09,Lithuania,Bulgaria,3.0,1.0,FIFA World Cup qualification,2021,1
2021-10-09,Switzerland,Northern Ireland,2.0,0.0,FIFA World Cup qualification,2021,1
2021-10-09,Finland,Ukraine,1.0,2.0,FIFA World Cup qualification,2021,0
2021-10-09,Kazakhstan,Bosnia and Herzegovina,0.0,2.0,FIFA World Cup qualification,2021,0
2021-10-09,Scotland,Israel,3.0,2.0,FIFA World Cup qualification,2021,1
2021-10-09,Faroe Islands,Austria,0.0,2.0,FIFA World Cup qualification,2021,0
2021-10-09,Moldova,Denmark,0.0,4.0,FIFA World Cup qualification,2021,0
2021-10-09,Andorra,England,0.0,5.0,FIFA World Cup qualification,2021,0
2021-10-09,Hungary,Albania,0.0,1.0,FIFA World Cup qualification,2021,0
2021-10-09,Ethiopia,South Africa,1.0,3.0,FIFA World Cup qualification,2021,0
2021-10-09,Ghana,Zimbabwe,3.0,1.0,FIFA World Cup qualification,2021,1
2021-10-09,Senegal,Namibia,4.0,1.0,FIFA World Cup qualification,2021,1
2021-10-09,Morocco,Guinea-Bissau,3.0,0.0,FIFA World Cup qualification,2021,1
2021-10-10,Costa Rica,El Salvador,2.0,1.0,FIFA World Cup qualification,2021,1
2021-10-10,Panama,United States,1.0,0.0,FIFA World Cup qualification,2021,1
2021-10-10,Mexico,Honduras,3.0,0.0,FIFA World Cup qualification,2021,1
2021-10-10,Central African Republic,Nigeria,0.0,2.0,FIFA World Cup qualification,2021,0
2021-10-10,Cape Verde,Liberia,1.0,0.0,FIFA World Cup qualification,2021,1
2021-10-10,Kenya,Mali,0.0,1.0,FIFA World Cup qualification,2021,0
2021-10-10,Uganda,Rwanda,1.0,0.0,FIFA World Cup qualification,2021,1
2021-10-10,Benin,Tanzania,0.0,1.0,FIFA World Cup qualification,2021,0
2021-10-10,Madagascar,DR Congo,1.0,0.0,FIFA World Cup qualification,2021,1
2021-10-10,Bolivia,Peru,1.0,0.0,FIFA World Cup qualification,2021,1
2021-10-10,Venezuela,Ecuador,2.0,1.0,FIFA World Cup qualification,2021,1
2021-10-10,Argentina,Uruguay,3.0,0.0,FIFA World Cup qualification,2021,1
2021-10-10,Chile,Paraguay,2.0,0.0,FIFA World Cup qualification,2021,1
2021-10-11,Belarus,Czech Republic,0.0,2.0,FIFA World Cup qualification,2021,0
2021-10-11,Estonia,Wales,0.0,1.0,FIFA World Cup qualification,2021,0
2021-10-11,Norway,Montenegro,2.0,0.0,FIFA World Cup qualification,2021,1
2021-10-11,Latvia,Turkey,1.0,2.0,FIFA World Cup qualification,2021,0
2021-10-11,Slovenia,Russia,1.0,2.0,FIFA World Cup qualification,2021,0
2021-10-11,Iceland,Liechtenstein,4.0,0.0,FIFA World Cup qualification,2021,1
2021-10-11,North Macedonia,Germany,0.0,4.0,FIFA World Cup qualification,2021,0
2021-10-11,Romania,Armenia,1.0,0.0,FIFA World Cup qualification,2021,1
2021-10-11,Mozambique,Cameroon,0.0,1.0,FIFA World Cup qualification,2021,0
2021-10-11,Ivory Coast,Malawi,2.0,1.0,FIFA World Cup qualification,2021,1
2021-10-11,Gabon,Angola,2.0,0.0,FIFA World Cup qualification,2021,1
2021-10-11,Libya,Egypt,0.0,3.0,FIFA World Cup qualification,2021,0
2021-10-12,Syria,Lebanon,2.0,3.0,FIFA World Cup qualification,2021,0
2021-10-12,Japan,Australia,2.0,1.0,FIFA World Cup qualification,2021,1
2021-10-12,Saudi Arabia,China,3.0,2.0,FIFA World Cup qualification,2021,1
2021-10-12,Portugal,Luxembourg,5.0,0.0,FIFA World Cup qualification,2021,1
2021-10-12,Serbia,Azerbaijan,3.0,1.0,FIFA World Cup qualification,2021,1
2021-10-12,Kosovo,Georgia,1.0,2.0,FIFA World Cup qualification,2021,0
2021-10-12,Sweden,Greece,2.0,0.0,FIFA World Cup qualification,2021,1
2021-10-12,Bulgaria,Northern Ireland,2.0,1.0,FIFA World Cup qualification,2021,1
2021-10-12,Lithuania,Switzerland,0.0,4.0,FIFA World Cup qualification,2021,0
2021-10-12,Kazakhstan,Finland,0.0,2.0,FIFA World Cup qualification,2021,0
2021-10-12,Faroe Islands,Scotland,0.0,1.0,FIFA World Cup qualification,2021,0
2021-10-12,Denmark,Austria,1.0,0.0,FIFA World Cup qualification,2021,1
2021-10-12,Israel,Moldova,2.0,1.0,FIFA World Cup qualification,2021,1
2021-10-12,Albania,Poland,0.0,1.0,FIFA World Cup qualification,2021,0
2021-10-12,Niger,Algeria,0.0,4.0,FIFA World Cup qualification,2021,0
2021-10-12,Zimbabwe,Ghana,0.0,1.0,FIFA World Cup qualification,2021,0
2021-10-12,South Africa,Ethiopia,1.0,0.0,FIFA World Cup qualification,2021,1
2021-10-12,Namibia,Senegal,1.0,3.0,FIFA World Cup qualification,2021,0
2021-10-12,Congo,Togo,1.0,2.0,FIFA World Cup qualification,2021,0
2021-10-12,Morocco,Guinea,4.0,1.0,FIFA World Cup qualification,2021,1
2021-10-13,Honduras,Jamaica,0.0,2.0,FIFA World Cup qualification,2021,0
2021-10-13,United States,Costa Rica,2.0,1.0,FIFA World Cup qualification,2021,1
2021-10-13,Canada,Panama,4.0,1.0,FIFA World Cup qualification,2021,1
2021-10-13,El Salvador,Mexico,0.0,2.0,FIFA World Cup qualification,2021,0
2021-10-14,Bolivia,Paraguay,4.0,0.0,FIFA World Cup qualification,2021,1
2021-10-14,Argentina,Peru,1.0,0.0,FIFA World Cup qualification,2021,1
2021-10-14,Brazil,Uruguay,4.0,1.0,FIFA World Cup qualification,2021,1
2021-10-14,Chile,Venezuela,3.0,0.0,FIFA World Cup qualification,2021,1
2021-11-11,Rwanda,Mali,0.0,3.0,FIFA World Cup qualification,2021,0
2021-11-11,South Africa,Zimbabwe,1.0,0.0,FIFA World Cup qualification,2021,1
2021-11-11,Tanzania,DR Congo,0.0,3.0,FIFA World Cup qualification,2021,0
2021-11-11,Benin,Madagascar,2.0,0.0,FIFA World Cup qualification,2021,1
2021-11-11,Lebanon,Iran,1.0,2.0,FIFA World Cup qualification,2021,0
2021-11-11,South Korea,United Arab Emirates,1.0,0.0,FIFA World Cup qualification,2021,1
2021-11-11,Azerbaijan,Luxembourg,1.0,3.0,FIFA World Cup qualification,2021,0
2021-11-11,Georgia,Sweden,2.0,0.0,FIFA World Cup qualification,2021,1
2021-11-11,Greece,Spain,0.0,1.0,FIFA World Cup qualification,2021,0
2021-11-11,Russia,Cyprus,6.0,0.0,FIFA World Cup qualification,2021,1
2021-11-11,Malta,Croatia,1.0,7.0,FIFA World Cup qualification,2021,0
2021-11-11,Germany,Liechtenstein,9.0,0.0,FIFA World Cup qualification,2021,1
2021-11-11,Armenia,North Macedonia,0.0,5.0,FIFA World Cup qualification,2021,0
2021-11-11,Ecuador,Venezuela,1.0,0.0,FIFA World Cup qualification,2021,1
2021-11-11,Paraguay,Chile,0.0,1.0,FIFA World Cup qualification,2021,0
2021-11-11,Peru,Bolivia,3.0,0.0,FIFA World Cup qualification,2021,1
2021-11-11,Brazil,Colombia,1.0,0.0,FIFA World Cup qualification,2021,1
2021-11-12,Gabon,Libya,1.0,0.0,FIFA World Cup qualification,2021,1
2021-11-12,Morocco,Sudan,3.0,0.0,FIFA World Cup qualification,2021,1
2021-11-12,Canada,Costa Rica,1.0,0.0,FIFA World Cup qualification,2021,1
2021-11-12,Honduras,Panama,2.0,3.0,FIFA World Cup qualification,2021,0
2021-11-12,United States,Mexico,2.0,0.0,FIFA World Cup qualification,2021,1
2021-11-12,Northern Ireland,Lithuania,1.0,0.0,FIFA World Cup qualification,2021,1
2021-11-12,Moldova,Scotland,0.0,2.0,FIFA World Cup qualification,2021,0
2021-11-12,Denmark,Faroe Islands,3.0,1.0,FIFA World Cup qualification,2021,1
2021-11-12,Austria,Israel,4.0,2.0,FIFA World Cup qualification,2021,1
2021-11-12,England,Albania,5.0,0.0,FIFA World Cup qualification,2021,1
2021-11-12,Andorra,Poland,1.0,4.0,FIFA World Cup qualification,2021,0
2021-11-12,Uruguay,Argentina,0.0,1.0,FIFA World Cup qualification,2021,0
2021-11-13,Zambia,Mauritania,4.0,0.0,FIFA World Cup qualification,2021,1
2021-11-13,Equatorial Guinea,Tunisia,1.0,0.0,FIFA World Cup qualification,2021,1
2021-11-13,Cape Verde,Central African Republic,2.0,1.0,FIFA World Cup qualification,2021,1
2021-11-13,Liberia,Nigeria,0.0,2.0,FIFA World Cup qualification,2021,0
2021-11-13,Malawi,Cameroon,0.0,4.0,FIFA World Cup qualification,2021,0
2021-11-13,Ivory Coast,Mozambique,3.0,0.0,FIFA World Cup qualification,2021,1
2021-11-13,Bosnia and Herzegovina,Finland,1.0,3.0,FIFA World Cup qualification,2021,0
2021-11-13,France,Kazakhstan,8.0,0.0,FIFA World Cup qualification,2021,1
2021-11-13,Wales,Belarus,5.0,1.0,FIFA World Cup qualification,2021,1
2021-11-13,Belgium,Estonia,3.0,1.0,FIFA World Cup qualification,2021,1
2021-11-14,Mali,Uganda,1.0,0.0,FIFA World Cup qualification,2021,1
2021-11-14,Ghana,South Africa,1.0,0.0,FIFA World Cup qualification,2021,1
2021-11-14,Senegal,Congo,2.0,0.0,FIFA World Cup qualification,2021,1
2021-11-14,DR Congo,Benin,2.0,0.0,FIFA World Cup qualification,2021,1
2021-11-14,Portugal,Serbia,1.0,2.0,FIFA World Cup qualification,2021,0
2021-11-14,Luxembourg,Republic of Ireland,0.0,3.0,FIFA World Cup qualification,2021,0
2021-11-14,Spain,Sweden,1.0,0.0,FIFA World Cup qualification,2021,1
2021-11-14,Croatia,Russia,1.0,0.0,FIFA World Cup qualification,2021,1
2021-11-14,Malta,Slovakia,0.0,6.0,FIFA World Cup qualification,2021,0
2021-11-14,Slovenia,Cyprus,2.0,1.0,FIFA World Cup qualification,2021,1
2021-11-14,Liechtenstein,Romania,0.0,2.0,FIFA World Cup qualification,2021,0
2021-11-14,North Macedonia,Iceland,3.0,1.0,FIFA World Cup qualification,2021,1
2021-11-14,Armenia,Germany,1.0,4.0,FIFA World Cup qualification,2021,0
2021-11-15,Kenya,Rwanda,2.0,1.0,FIFA World Cup qualification,2021,1
2021-11-15,Namibia,Togo,0.0,1.0,FIFA World Cup qualification,2021,0
2021-11-15,Switzerland,Bulgaria,4.0,0.0,FIFA World Cup qualification,2021,1
2021-11-15,Scotland,Denmark,2.0,0.0,FIFA World Cup qualification,2021,1
2021-11-15,Austria,Moldova,4.0,1.0,FIFA World Cup qualification,2021,1
2021-11-15,Israel,Faroe Islands,3.0,2.0,FIFA World Cup qualification,2021,1
2021-11-15,Albania,Andorra,1.0,0.0,FIFA World Cup qualification,2021,1
2021-11-15,Poland,Hungary,1.0,2.0,FIFA World Cup qualification,2021,0
2021-11-16,Tunisia,Zambia,3.0,1.0,FIFA World Cup qualification,2021,1
2021-11-16,Liberia,Central African Republic,3.0,1.0,FIFA World Cup qualification,2021,1
2021-11-16,Mozambique,Malawi,1.0,0.0,FIFA World Cup qualification,2021,1
2021-11-16,Cameroon,Ivory Coast,1.0,0.0,FIFA World Cup qualification,2021,1
2021-11-16,Egypt,Gabon,2.0,1.0,FIFA World Cup qualification,2021,1
2021-11-16,Morocco,Guinea,3.0,0.0,FIFA World Cup qualification,2021,1
2021-11-16,Lebanon,United Arab Emirates,0.0,1.0,FIFA World Cup qualification,2021,0
2021-11-16,Iraq,South Korea,0.0,3.0,FIFA World Cup qualification,2021,0
2021-11-16,Syria,Iran,0.0,3.0,FIFA World Cup qualification,2021,0
2021-11-16,Canada,Mexico,2.0,1.0,FIFA World Cup qualification,2021,1
2021-11-16,Costa Rica,Honduras,2.0,1.0,FIFA World Cup qualification,2021,1
2021-11-16,Panama,El Salvador,2.0,1.0,FIFA World Cup qualification,2021,1
2021-11-16,Bosnia and Herzegovina,Ukraine,0.0,2.0,FIFA World Cup qualification,2021,0
2021-11-16,Finland,France,0.0,2.0,FIFA World Cup qualification,2021,0
2021-11-16,Czech Republic,Estonia,2.0,0.0,FIFA World Cup qualification,2021,1
2021-11-16,Montenegro,Turkey,1.0,2.0,FIFA World Cup qualification,2021,0
2021-11-16,Netherlands,Norway,2.0,0.0,FIFA World Cup qualification,2021,1
2021-11-16,Bolivia,Uruguay,3.0,0.0,FIFA World Cup qualification,2021,1
2021-11-16,Venezuela,Peru,1.0,2.0,FIFA World Cup qualification,2021,0
2021-11-16,Chile,Ecuador,0.0,2.0,FIFA World Cup qualification,2021,0
2022-01-27,Jamaica,Mexico,1.0,2.0,FIFA World Cup qualification,2022,0
2022-01-27,United States,El Salvador,1.0,0.0,FIFA World Cup qualification,2022,1
2022-01-27,Honduras,Canada,0.0,2.0,FIFA World Cup qualification,2022,0
2022-01-27,Costa Rica,Panama,1.0,0.0,FIFA World Cup qualification,2022,1
2022-01-27,Lebanon,South Korea,0.0,1.0,FIFA World Cup qualification,2022,0
2022-01-27,Iran,Iraq,1.0,0.0,FIFA World Cup qualification,2022,1
2022-01-27,United Arab Emirates,Syria,2.0,0.0,FIFA World Cup qualification,2022,1
2022-01-27,Japan,China,2.0,0.0,FIFA World Cup qualification,2022,1
2022-01-27,Australia,Vietnam,4.0,0.0,FIFA World Cup qualification,2022,1
2022-01-27,Paraguay,Uruguay,0.0,1.0,FIFA World Cup qualification,2022,0
2022-01-27,Chile,Argentina,1.0,2.0,FIFA World Cup qualification,2022,0
2022-01-28,Colombia,Peru,0.0,1.0,FIFA World Cup qualification,2022,0
2022-01-28,Venezuela,Bolivia,4.0,1.0,FIFA World Cup qualification,2022,1
2022-01-30,Canada,United States,2.0,0.0,FIFA World Cup qualification,2022,1
2022-01-30,Panama,Jamaica,3.0,2.0,FIFA World Cup qualification,2022,1
2022-01-30,Honduras,El Salvador,0.0,2.0,FIFA World Cup qualification,2022,0
2022-02-01,Iran,United Arab Emirates,1.0,0.0,FIFA World Cup qualification,2022,1
2022-02-01,Syria,South Korea,0.0,2.0,FIFA World Cup qualification,2022,0
2022-02-01,Vietnam,China,3.0,1.0,FIFA World Cup qualification,2022,1
2022-02-01,Japan,Saudi Arabia,2.0,0.0,FIFA World Cup qualification,2022,1
2022-02-01,Bolivia,Chile,2.0,3.0,FIFA World Cup qualification,2022,0
2022-02-01,Uruguay,Venezuela,4.0,1.0,FIFA World Cup qualification,2022,1
2022-02-01,Argentina,Colombia,1.0,0.0,FIFA World Cup qualification,2022,1
2022-02-01,Brazil,Paraguay,4.0,0.0,FIFA World Cup qualification,2022,1
2022-02-02,United States,Honduras,3.0,0.0,FIFA World Cup qualification,2022,1
2022-02-02,Jamaica,Costa Rica,0.0,1.0,FIFA World Cup qualification,2022,0
2022-02-02,El Salvador,Canada,0.0,2.0,FIFA World Cup qualification,2022,0
2022-02-02,Mexico,Panama,1.0,0.0,FIFA World Cup qualification,2022,1
2022-03-18,Papua New Guinea,New Zealand,0.0,1.0,FIFA World Cup qualification,2022,0
2022-03-21,New Zealand,Fiji,4.0,0.0,FIFA World Cup qualification,2022,1
2022-03-24,Costa Rica,Canada,1.0,0.0,FIFA World Cup qualification,2022,1
2022-03-24,Lebanon,Syria,0.0,3.0,FIFA World Cup qualification,2022,0
2022-03-24,Iraq,United Arab Emirates,1.0,0.0,FIFA World Cup qualification,2022,1
2022-03-24,South Korea,Iran,2.0,0.0,FIFA World Cup qualification,2022,1
2022-03-24,Australia,Japan,0.0,2.0,FIFA World Cup qualification,2022,0
2022-03-24,Fiji,Papua New Guinea,1.0,2.0,FIFA World Cup qualification,2022,0
2022-03-24,Colombia,Bolivia,3.0,0.0,FIFA World Cup qualification,2022,1
2022-03-24,Brazil,Chile,4.0,0.0,FIFA World Cup qualification,2022,1
2022-03-24,Paraguay,Ecuador,3.0,1.0,FIFA World Cup qualification,2022,1
2022-03-24,Uruguay,Peru,1.0,0.0,FIFA World Cup qualification,2022,1
2022-03-24,Italy,North Macedonia,0.0,1.0,FIFA World Cup qualification,2022,0
2022-03-24,Portugal,Turkey,3.0,1.0,FIFA World Cup qualification,2022,1
2022-03-24,Sweden,Czech Republic,1.0,0.0,FIFA World Cup qualification,2022,1
2022-03-24,Wales,Austria,2.0,1.0,FIFA World Cup qualification,2022,1
2022-03-25,Cameroon,Algeria,0.0,1.0,FIFA World Cup qualification,2022,0
2022-03-25,Egypt,Senegal,1.0,0.0,FIFA World Cup qualification,2022,1
2022-03-25,Mali,Tunisia,0.0,1.0,FIFA World Cup qualification,2022,0
2022-03-25,Argentina,Venezuela,3.0,0.0,FIFA World Cup qualification,2022,1
2022-03-27,El Salvador,Costa Rica,1.0,2.0,FIFA World Cup qualification,2022,0
2022-03-27,Canada,Jamaica,4.0,0.0,FIFA World Cup qualification,2022,1
2022-03-27,Honduras,Mexico,0.0,1.0,FIFA World Cup qualification,2022,0
2022-03-27,United States,Panama,5.0,1.0,FIFA World Cup qualification,2022,1
2022-03-29,Algeria,Cameroon,1.0,2.0,FIFA World Cup qualification,2022,0
2022-03-29,Morocco,DR Congo,4.0,1.0,FIFA World Cup qualification,2022,1
2022-03-29,Senegal,Egypt,1.0,0.0,FIFA World Cup qualification,2022,1
2022-03-29,Iran,Lebanon,2.0,0.0,FIFA World Cup qualification,2022,1
2022-03-29,United Arab Emirates,South Korea,1.0,0.0,FIFA World Cup qualification,2022,1
2022-03-29,Saudi Arabia,Australia,1.0,0.0,FIFA World Cup qualification,2022,1
2022-03-29,Peru,Paraguay,2.0,0.0,FIFA World Cup qualification,2022,1
2022-03-29,Bolivia,Brazil,0.0,4.0,FIFA World Cup qualification,2022,0
2022-03-29,Venezuela,Colombia,0.0,1.0,FIFA World Cup qualification,2022,0
2022-03-29,Chile,Uruguay,0.0,2.0,FIFA World Cup qualification,2022,0
2022-03-29,Poland,Sweden,2.0,0.0,FIFA World Cup qualification,2022,1
2022-03-29,Portugal,North Macedonia,2.0,0.0,FIFA World Cup qualification,2022,1
2022-03-30,Mexico,El Salvador,2.0,0.0,FIFA World Cup qualification,2022,1
2022-03-30,Costa Rica,United States,2.0,0.0,FIFA World Cup qualification,2022,1
2022-03-30,Panama,Canada,1.0,0.0,FIFA World Cup qualification,2022,1
2022-03-30,Jamaica,Honduras,2.0,1.0,FIFA World Cup qualification,2022,1
2022-06-01,Scotland,Ukraine,1.0,3.0,FIFA World Cup qualification,2022,0
2022-06-05,Wales,Ukraine,1.0,0.0,FIFA World Cup qualification,2022,1
2022-06-07,United Arab Emirates,Australia,1.0,2.0,FIFA World Cup qualification,2022,0
2022-06-14,Costa Rica,New Zealand,1.0,0.0,FIFA World Cup qualification,2022,1
2022-11-21,Senegal,Netherlands,0.0,2.0,FIFA World Cup,2022,0
2022-11-21,England,Iran,6.0,2.0,FIFA World Cup,2022,1
2022-11-22,Argentina,Saudi Arabia,1.0,2.0,FIFA World Cup,2022,0
2022-11-22,France,Australia,4.0,1.0,FIFA World Cup,2022,1
2022-11-23,Germany,Japan,1.0,2.0,FIFA World Cup,2022,0
2022-11-23,Spain,Costa Rica,7.0,0.0,FIFA World Cup,2022,1
2022-11-23,Belgium,Canada,1.0,0.0,FIFA World Cup,2022,1
2022-11-24,Switzerland,Cameroon,1.0,0.0,FIFA World Cup,2022,1
2022-11-24,Brazil,Serbia,2.0,0.0,FIFA World Cup,2022,1
2022-11-24,Portugal,Ghana,3.0,2.0,FIFA World Cup,2022,1
2022-11-25,Wales,Iran,0.0,2.0,FIFA World Cup,2022,0
2022-11-26,Poland,Saudi Arabia,2.0,0.0,FIFA World Cup,2022,1
2022-11-26,Argentina,Mexico,2.0,0.0,FIFA World Cup,2022,1
2022-11-26,Tunisia,Australia,0.0,1.0,FIFA World Cup,2022,0
2022-11-26,France,Denmark,2.0,1.0,FIFA World Cup,2022,1
2022-11-27,Japan,Costa Rica,0.0,1.0,FIFA World Cup,2022,0
2022-11-27,Belgium,Morocco,0.0,2.0,FIFA World Cup,2022,0
2022-11-27,Croatia,Canada,4.0,1.0,FIFA World Cup,2022,1
2022-11-28,Brazil,Switzerland,1.0,0.0,FIFA World Cup,2022,1
2022-11-28,South Korea,Ghana,2.0,3.0,FIFA World Cup,2022,0
2022-11-28,Portugal,Uruguay,2.0,0.0,FIFA World Cup,2022,1
2022-11-29,Ecuador,Senegal,1.0,2.0,FIFA World Cup,2022,0
2022-11-29,Wales,England,0.0,3.0,FIFA World Cup,2022,0
2022-11-29,Iran,United States,0.0,1.0,FIFA World Cup,2022,0
2022-11-30,Poland,Argentina,0.0,2.0,FIFA World Cup,2022,0
2022-11-30,Saudi Arabia,Mexico,1.0,2.0,FIFA World Cup,2022,0
2022-11-30,Australia,Denmark,1.0,0.0,FIFA World Cup,2022,1
2022-11-30,Tunisia,France,1.0,0.0,FIFA World Cup,2022,1
2022-12-01,Japan,Spain,2.0,1.0,FIFA World Cup,2022,1
2022-12-01,Costa Rica,Germany,2.0,4.0,FIFA World Cup,2022,0
2022-12-01,Canada,Morocco,1.0,2.0,FIFA World Cup,2022,0
2022-12-02,Serbia,Switzerland,2.0,3.0,FIFA World Cup,2022,0
2022-12-02,Cameroon,Brazil,1.0,0.0,FIFA World Cup,2022,1
2022-12-02,Ghana,Uruguay,0.0,2.0,FIFA World Cup,2022,0
2022-12-02,South Korea,Portugal,2.0,1.0,FIFA World Cup,2022,1
2022-12-03,Netherlands,United States,3.0,1.0,FIFA World Cup,2022,1
2022-12-03,Argentina,Australia,2.0,1.0,FIFA World Cup,2022,1
2022-12-04,France,Poland,3.0,1.0,FIFA World Cup,2022,1
2022-12-04,England,Senegal,3.0,0.0,FIFA World Cup,2022,1
2022-12-05,Brazil,South Korea,4.0,1.0,FIFA World Cup,2022,1
2022-12-06,Portugal,Switzerland,6.0,1.0,FIFA World Cup,2022,1
2022-12-10,Morocco,Portugal,1.0,0.0,FIFA World Cup,2022,1
2022-12-10,England,France,1.0,2.0,FIFA World Cup,2022,0
2022-12-13,Argentina,Croatia,3.0,0.0,FIFA World Cup,2022,1
2022-12-14,France,Morocco,2.0,0.0,FIFA World Cup,2022,1
2022-12-17,Croatia,Morocco,2.0,1.0,FIFA World Cup,2022,1
2023-09-07,Colombia,Venezuela,1.0,0.0,FIFA World Cup qualification,2023,1
2023-09-07,Argentina,Ecuador,1.0,0.0,FIFA World Cup qualification,2023,1
2023-09-08,Uruguay,Chile,3.0,1.0,FIFA World Cup qualification,2023,1
2023-09-08,Brazil,Bolivia,5.0,1.0,FIFA World Cup qualification,2023,1
2023-09-12,Bolivia,Argentina,0.0,3.0,FIFA World Cup qualification,2023,0
2023-09-12,Ecuador,Uruguay,2.0,1.0,FIFA World Cup qualification,2023,1
2023-09-12,Venezuela,Paraguay,1.0,0.0,FIFA World Cup qualification,2023,1
2023-09-12,Peru,Brazil,0.0,1.0,FIFA World Cup qualification,2023,0
2023-10-12,Bolivia,Ecuador,1.0,2.0,FIFA World Cup qualification,2023,0
2023-10-12,Argentina,Paraguay,1.0,0.0,FIFA World Cup qualification,2023,1
2023-10-12,Chile,Peru,2.0,0.0,FIFA World Cup qualification,2023,1
2023-10-12,Singapore,Guam,2.0,1.0,FIFA World Cup qualification,2023,1
2023-10-17,Venezuela,Chile,3.0,0.0,FIFA World Cup qualification,2023,1
2023-10-17,Paraguay,Bolivia,1.0,0.0,FIFA World Cup qualification,2023,1
2023-10-17,Peru,Argentina,0.0,2.0,FIFA World Cup qualification,2023,0
2023-10-17,Uruguay,Brazil,2.0,0.0,FIFA World Cup qualification,2023,1
2023-10-17,Guam,Singapore,0.0,1.0,FIFA World Cup qualification,2023,0
2023-11-15,DR Congo,Mauritania,2.0,0.0,FIFA World Cup qualification,2023,1
2023-11-15,Equatorial Guinea,Namibia,0.0,3.0,FIFA World Cup qualification,2023,0
2023-11-16,Bolivia,Peru,2.0,0.0,FIFA World Cup qualification,2023,1
2023-11-16,Colombia,Brazil,2.0,1.0,FIFA World Cup qualification,2023,1
2023-11-16,Argentina,Uruguay,0.0,2.0,FIFA World Cup qualification,2023,0
2023-11-16,Qatar,Afghanistan,8.0,1.0,FIFA World Cup qualification,2023,1
2023-11-16,Syria,North Korea,1.0,0.0,FIFA World Cup qualification,2023,1
2023-11-16,Thailand,China,1.0,2.0,FIFA World Cup qualification,2023,0
2023-11-16,South Korea,Singapore,5.0,0.0,FIFA World Cup qualification,2023,1
2023-11-16,Iran,Hong Kong,4.0,0.0,FIFA World Cup qualification,2023,1
2023-11-16,Iraq,Indonesia,5.0,1.0,FIFA World Cup qualification,2023,1
2023-11-16,Philippines,Vietnam,0.0,2.0,FIFA World Cup qualification,2023,0
2023-11-16,Burundi,Gambia,3.0,2.0,FIFA World Cup qualification,2023,1
2023-11-16,Gabon,Kenya,2.0,1.0,FIFA World Cup qualification,2023,1
2023-11-17,Cameroon,Mauritius,3.0,0.0,FIFA World Cup qualification,2023,1
2023-11-17,Zambia,Congo,4.0,2.0,FIFA World Cup qualification,2023,1
2023-11-17,Guinea,Uganda,2.0,1.0,FIFA World Cup qualification,2023,1
2023-11-17,Tunisia,São Tomé and Príncipe,4.0,0.0,FIFA World Cup qualification,2023,1
2023-11-17,Comoros,Central African Republic,4.0,2.0,FIFA World Cup qualification,2023,1
2023-11-17,Ghana,Madagascar,1.0,0.0,FIFA World Cup qualification,2023,1
2023-11-17,Mali,Chad,3.0,1.0,FIFA World Cup qualification,2023,1
2023-11-18,Senegal,South Sudan,4.0,0.0,FIFA World Cup qualification,2023,1
2023-11-18,South Africa,Benin,2.0,1.0,FIFA World Cup qualification,2023,1
2023-11-19,Sierra Leone,Egypt,0.0,2.0,FIFA World Cup qualification,2023,0
2023-11-19,Sudan,DR Congo,1.0,0.0,FIFA World Cup qualification,2023,1
2023-11-19,Burundi,Gabon,1.0,2.0,FIFA World Cup qualification,2023,0
2023-11-19,Mozambique,Algeria,0.0,2.0,FIFA World Cup qualification,2023,0
2023-11-20,Gambia,Ivory Coast,0.0,2.0,FIFA World Cup qualification,2023,0
2023-11-20,Liberia,Equatorial Guinea,3.0,0.0,FIFA World Cup qualification,2023,1
2023-11-20,Chad,Madagascar,0.0,3.0,FIFA World Cup qualification,2023,0
2023-11-21,Ecuador,Chile,1.0,0.0,FIFA World Cup qualification,2023,1
2023-11-21,Paraguay,Colombia,0.0,1.0,FIFA World Cup qualification,2023,0
2023-11-21,Uruguay,Bolivia,3.0,0.0,FIFA World Cup qualification,2023,1
2023-11-21,Brazil,Argentina,0.0,1.0,FIFA World Cup qualification,2023,0
2023-11-21,India,Qatar,0.0,3.0,FIFA World Cup qualification,2023,0
2023-11-21,Syria,Japan,0.0,5.0,FIFA World Cup qualification,2023,0
2023-11-21,China,South Korea,0.0,3.0,FIFA World Cup qualification,2023,0
2023-11-21,Singapore,Thailand,1.0,3.0,FIFA World Cup qualification,2023,0
2023-11-21,Vietnam,Iraq,0.0,1.0,FIFA World Cup qualification,2023,0
2023-11-21,Jordan,Saudi Arabia,0.0,2.0,FIFA World Cup qualification,2023,0
2023-11-21,Palestine,Australia,0.0,1.0,FIFA World Cup qualification,2023,0
2023-11-21,Ethiopia,Burkina Faso,0.0,3.0,FIFA World Cup qualification,2023,0
2023-11-21,Tanzania,Morocco,0.0,2.0,FIFA World Cup qualification,2023,0
2023-11-21,São Tomé and Príncipe,Namibia,0.0,2.0,FIFA World Cup qualification,2023,0
2023-11-21,Comoros,Ghana,1.0,0.0,FIFA World Cup qualification,2023,1
2024-03-21,Japan,North Korea,1.0,0.0,FIFA World Cup qualification,2024,1
2024-03-21,Hong Kong,Uzbekistan,0.0,2.0,FIFA World Cup qualification,2024,0
2024-03-21,Iraq,Philippines,1.0,0.0,FIFA World Cup qualification,2024,1
2024-03-21,Pakistan,Jordan,0.0,3.0,FIFA World Cup qualification,2024,0
2024-03-21,Australia,Lebanon,2.0,0.0,FIFA World Cup qualification,2024,1
2024-03-26,Thailand,South Korea,0.0,3.0,FIFA World Cup qualification,2024,0
2024-03-26,Uzbekistan,Hong Kong,3.0,0.0,FIFA World Cup qualification,2024,1
2024-03-26,Philippines,Iraq,0.0,5.0,FIFA World Cup qualification,2024,0
2024-03-26,Jordan,Pakistan,7.0,0.0,FIFA World Cup qualification,2024,1
2024-03-26,Australia,Lebanon,5.0,0.0,FIFA World Cup qualification,2024,1
2024-06-05,Tunisia,Equatorial Guinea,1.0,0.0,FIFA World Cup qualification,2024,1
2024-06-05,Central African Republic,Chad,1.0,0.0,FIFA World Cup qualification,2024,1
2024-06-06,Egypt,Burkina Faso,2.0,1.0,FIFA World Cup qualification,2024,1
2024-06-06,Mauritania,Sudan,0.0,2.0,FIFA World Cup qualification,2024,0
2024-06-06,Libya,Mauritius,2.0,1.0,FIFA World Cup qualification,2024,1
2024-06-06,Algeria,Guinea,1.0,2.0,FIFA World Cup qualification,2024,0
2024-06-06,Malawi,São Tomé and Príncipe,3.0,1.0,FIFA World Cup qualification,2024,1
2024-06-06,Mali,Ghana,1.0,2.0,FIFA World Cup qualification,2024,0
2024-06-06,North Korea,Syria,1.0,0.0,FIFA World Cup qualification,2024,1
2024-06-06,Hong Kong,Iran,2.0,4.0,FIFA World Cup qualification,2024,0
2024-06-06,Indonesia,Iraq,0.0,2.0,FIFA World Cup qualification,2024,0
2024-06-06,Pakistan,Saudi Arabia,0.0,3.0,FIFA World Cup qualification,2024,0
2024-06-06,Nepal,United Arab Emirates,0.0,4.0,FIFA World Cup qualification,2024,0
2024-06-06,Honduras,Cuba,3.0,1.0,FIFA World Cup qualification,2024,1
2024-06-06,Costa Rica,Saint Kitts and Nevis,4.0,0.0,FIFA World Cup qualification,2024,1
2024-06-06,Haiti,Saint Lucia,2.0,1.0,FIFA World Cup qualification,2024,1
2024-06-06,Panama,Guyana,2.0,0.0,FIFA World Cup qualification,2024,1
2024-06-06,Jamaica,Dominican Republic,1.0,0.0,FIFA World Cup qualification,2024,1
2024-06-07,Morocco,Zambia,2.0,1.0,FIFA World Cup qualification,2024,1
2024-06-07,Ivory Coast,Gabon,1.0,0.0,FIFA World Cup qualification,2024,1
2024-06-07,Madagascar,Comoros,2.0,1.0,FIFA World Cup qualification,2024,1
2024-06-08,Cameroon,Cape Verde,4.0,1.0,FIFA World Cup qualification,2024,1
2024-06-09,Mauritania,Senegal,0.0,1.0,FIFA World Cup qualification,2024,0
2024-06-09,DR Congo,Togo,1.0,0.0,FIFA World Cup qualification,2024,1
2024-06-09,São Tomé and Príncipe,Liberia,0.0,1.0,FIFA World Cup qualification,2024,0
2024-06-09,Bermuda,Honduras,1.0,6.0,FIFA World Cup qualification,2024,0
2024-06-09,Grenada,Costa Rica,0.0,3.0,FIFA World Cup qualification,2024,0
2024-06-09,Montserrat,Panama,1.0,3.0,FIFA World Cup qualification,2024,0
2024-06-10,Benin,Nigeria,2.0,1.0,FIFA World Cup qualification,2024,1
2024-06-10,Uganda,Algeria,1.0,2.0,FIFA World Cup qualification,2024,0
2024-06-10,Guinea,Mozambique,0.0,1.0,FIFA World Cup qualification,2024,0
2024-06-10,Equatorial Guinea,Malawi,1.0,0.0,FIFA World Cup qualification,2024,1
2024-06-10,Ghana,Central African Republic,4.0,3.0,FIFA World Cup qualification,2024,1
2024-06-11,South Sudan,Sudan,0.0,3.0,FIFA World Cup qualification,2024,0
2024-06-11,South Africa,Zimbabwe,3.0,1.0,FIFA World Cup qualification,2024,1
2024-06-11,Cape Verde,Libya,1.0,0.0,FIFA World Cup qualification,2024,1
2024-06-11,Zambia,Tanzania,0.0,1.0,FIFA World Cup qualification,2024,0
2024-06-11,Morocco,Congo,6.0,0.0,FIFA World Cup qualification,2024,1
2024-06-11,Gabon,Gambia,3.0,2.0,FIFA World Cup qualification,2024,1
2024-06-11,Chad,Comoros,0.0,2.0,FIFA World Cup qualification,2024,0
2024-06-11,Qatar,India,2.0,1.0,FIFA World Cup qualification,2024,1
2024-06-11,Japan,Syria,5.0,0.0,FIFA World Cup qualification,2024,1
2024-06-11,South Korea,China,1.0,0.0,FIFA World Cup qualification,2024,1
2024-06-11,Indonesia,Philippines,2.0,0.0,FIFA World Cup qualification,2024,1
2024-06-11,Saudi Arabia,Jordan,1.0,2.0,FIFA World Cup qualification,2024,0
2024-06-11,Australia,Palestine,5.0,0.0,FIFA World Cup qualification,2024,1
2024-09-05,Bolivia,Venezuela,4.0,0.0,FIFA World Cup qualification,2024,1
2024-09-05,Argentina,Chile,3.0,0.0,FIFA World Cup qualification,2024,1
2024-09-05,Qatar,United Arab Emirates,1.0,3.0,FIFA World Cup qualification,2024,0
2024-09-05,Uzbekistan,North Korea,1.0,0.0,FIFA World Cup qualification,2024,1
2024-09-05,Japan,China,7.0,0.0,FIFA World Cup qualification,2024,1
2024-09-06,Brazil,Ecuador,1.0,0.0,FIFA World Cup qualification,2024,1
2024-09-10,Colombia,Argentina,2.0,1.0,FIFA World Cup qualification,2024,1
2024-09-10,Ecuador,Peru,1.0,0.0,FIFA World Cup qualification,2024,1
2024-09-10,Chile,Bolivia,1.0,2.0,FIFA World Cup qualification,2024,0
2024-09-10,Paraguay,Brazil,1.0,0.0,FIFA World Cup qualification,2024,1
2024-09-10,United Arab Emirates,Iran,0.0,1.0,FIFA World Cup qualification,2024,0
2024-09-10,Palestine,Jordan,1.0,3.0,FIFA World Cup qualification,2024,0
2024-09-10,China,Saudi Arabia,1.0,2.0,FIFA World Cup qualification,2024,0
2024-10-10,Bolivia,Colombia,1.0,0.0,FIFA World Cup qualification,2024,1
2024-10-10,Chile,Brazil,1.0,2.0,FIFA World Cup qualification,2024,0
2024-10-10,Jordan,South Korea,0.0,2.0,FIFA World Cup qualification,2024,0
2024-10-10,Iraq,Palestine,1.0,0.0,FIFA World Cup qualification,2024,1
2024-10-10,Australia,China,3.0,1.0,FIFA World Cup qualification,2024,1
2024-10-10,Saudi Arabia,Japan,0.0,2.0,FIFA World Cup qualification,2024,0
2024-10-11,Peru,Uruguay,1.0,0.0,FIFA World Cup qualification,2024,1
2024-10-15,Colombia,Chile,4.0,0.0,FIFA World Cup qualification,2024,1
2024-10-15,Paraguay,Venezuela,2.0,1.0,FIFA World Cup qualification,2024,1
2024-10-15,Argentina,Bolivia,6.0,0.0,FIFA World Cup qualification,2024,1
2024-10-15,Brazil,Peru,4.0,0.0,FIFA World Cup qualification,2024,1
2024-10-15,Uzbekistan,United Arab Emirates,1.0,0.0,FIFA World Cup qualification,2024,1
2024-10-15,Iran,Qatar,4.0,1.0,FIFA World Cup qualification,2024,1
2024-10-15,South Korea,Iraq,3.0,2.0,FIFA World Cup qualification,2024,1
2024-10-15,China,Indonesia,2.0,1.0,FIFA World Cup qualification,2024,1
2024-11-14,Ecuador,Bolivia,4.0,0.0,FIFA World Cup qualification,2024,1
2024-11-14,Paraguay,Argentina,2.0,1.0,FIFA World Cup qualification,2024,1
2024-11-14,North Korea,Iran,2.0,3.0,FIFA World Cup qualification,2024,0
2024-11-14,Qatar,Uzbekistan,3.0,2.0,FIFA World Cup qualification,2024,1
2024-11-15,Uruguay,Colombia,3.0,2.0,FIFA World Cup qualification,2024,1
2024-11-15,New Zealand,Vanuatu,8.0,1.0,FIFA World Cup qualification,2024,1
2024-11-15,Indonesia,Japan,0.0,4.0,FIFA World Cup qualification,2024,0
2024-11-19,Colombia,Ecuador,0.0,1.0,FIFA World Cup qualification,2024,0
2024-11-19,Argentina,Peru,1.0,0.0,FIFA World Cup qualification,2024,1
2024-11-19,Chile,Venezuela,4.0,2.0,FIFA World Cup qualification,2024,1
2024-11-19,North Korea,Uzbekistan,0.0,1.0,FIFA World Cup qualification,2024,0
2024-11-19,United Arab Emirates,Qatar,5.0,0.0,FIFA World Cup qualification,2024,1
2024-11-19,Indonesia,Saudi Arabia,2.0,0.0,FIFA World Cup qualification,2024,1
2024-11-19,China,Japan,1.0,3.0,FIFA World Cup qualification,2024,0
2025-03-19,Liberia,Tunisia,0.0,1.0,FIFA World Cup qualification,2025,0
2025-03-19,Central African Republic,Madagascar,1.0,4.0,FIFA World Cup qualification,2025,0
2025-03-20,Paraguay,Chile,1.0,0.0,FIFA World Cup qualification,2025,1
2025-03-20,Peru,Bolivia,3.0,1.0,FIFA World Cup qualification,2025,1
2025-03-20,Brazil,Colombia,2.0,1.0,FIFA World Cup qualification,2025,1
2025-03-20,Iran,United Arab Emirates,2.0,0.0,FIFA World Cup qualification,2025,1
2025-03-20,Jordan,Palestine,3.0,1.0,FIFA World Cup qualification,2025,1
2025-03-20,Australia,Indonesia,5.0,1.0,FIFA World Cup qualification,2025,1
2025-03-20,Saudi Arabia,China,1.0,0.0,FIFA World Cup qualification,2025,1
2025-03-20,Sierra Leone,Guinea-Bissau,3.0,1.0,FIFA World Cup qualification,2025,1
2025-03-20,Mozambique,Uganda,3.0,1.0,FIFA World Cup qualification,2025,1
2025-03-20,Malawi,Namibia,0.0,1.0,FIFA World Cup qualification,2025,0
2025-03-21,Ecuador,Venezuela,2.0,1.0,FIFA World Cup qualification,2025,1
2025-03-21,Uruguay,Argentina,0.0,1.0,FIFA World Cup qualification,2025,0
2025-03-21,New Zealand,Fiji,7.0,0.0,FIFA World Cup qualification,2025,1
2025-03-21,Rwanda,Nigeria,0.0,2.0,FIFA World Cup qualification,2025,0
2025-03-21,Burundi,Ivory Coast,0.0,1.0,FIFA World Cup qualification,2025,0
2025-03-21,Ghana,Chad,5.0,0.0,FIFA World Cup qualification,2025,1
2025-03-21,Malta,Finland,0.0,1.0,FIFA World Cup qualification,2025,0
2025-03-21,Poland,Lithuania,1.0,0.0,FIFA World Cup qualification,2025,1
2025-03-21,Romania,Bosnia and Herzegovina,0.0,1.0,FIFA World Cup qualification,2025,0
2025-03-21,England,Albania,2.0,0.0,FIFA World Cup qualification,2025,1
2025-03-21,Andorra,Latvia,0.0,1.0,FIFA World Cup qualification,2025,0
2025-03-22,Moldova,Norway,0.0,5.0,FIFA World Cup qualification,2025,0
2025-03-22,Israel,Estonia,2.0,1.0,FIFA World Cup qualification,2025,1
2025-03-22,Liechtenstein,North Macedonia,0.0,3.0,FIFA World Cup qualification,2025,0
2025-03-22,Wales,Kazakhstan,3.0,1.0,FIFA World Cup qualification,2025,1
2025-03-22,Czech Republic,Faroe Islands,2.0,1.0,FIFA World Cup qualification,2025,1
2025-03-23,Kenya,Gabon,1.0,2.0,FIFA World Cup qualification,2025,0
2025-03-24,Guinea-Bissau,Burkina Faso,1.0,2.0,FIFA World Cup qualification,2025,0
2025-03-24,Ivory Coast,Gambia,1.0,0.0,FIFA World Cup qualification,2025,1
2025-03-24,Tunisia,Malawi,2.0,0.0,FIFA World Cup qualification,2025,1
2025-03-24,Madagascar,Ghana,0.0,3.0,FIFA World Cup qualification,2025,0
2025-03-24,Poland,Malta,2.0,0.0,FIFA World Cup qualification,2025,1
2025-03-24,Bosnia and Herzegovina,Cyprus,2.0,1.0,FIFA World Cup qualification,2025,1
2025-03-24,England,Latvia,3.0,0.0,FIFA World Cup qualification,2025,1
2025-03-24,Albania,Andorra,3.0,0.0,FIFA World Cup qualification,2025,1
2025-03-25,Venezuela,Peru,1.0,0.0,FIFA World Cup qualification,2025,1
2025-03-25,Argentina,Brazil,4.0,1.0,FIFA World Cup qualification,2025,1
2025-03-25,North Korea,United Arab Emirates,1.0,2.0,FIFA World Cup qualification,2025,0
2025-03-25,Palestine,Iraq,2.0,1.0,FIFA World Cup qualification,2025,1
2025-03-25,China,Australia,0.0,2.0,FIFA World Cup qualification,2025,0
2025-03-25,Egypt,Sierra Leone,1.0,0.0,FIFA World Cup qualification,2025,1
2025-03-25,Mauritania,DR Congo,0.0,2.0,FIFA World Cup qualification,2025,0
2025-03-25,Senegal,Togo,2.0,0.0,FIFA World Cup qualification,2025,1
2025-03-25,Benin,South Africa,0.0,2.0,FIFA World Cup qualification,2025,0
2025-03-25,Angola,Cape Verde,1.0,2.0,FIFA World Cup qualification,2025,0
2025-03-25,Cameroon,Libya,3.0,1.0,FIFA World Cup qualification,2025,1
2025-03-25,Morocco,Tanzania,2.0,0.0,FIFA World Cup qualification,2025,1
2025-03-25,Uganda,Guinea,1.0,0.0,FIFA World Cup qualification,2025,1
2025-03-25,Algeria,Mozambique,5.0,1.0,FIFA World Cup qualification,2025,1
2025-03-25,Moldova,Estonia,2.0,3.0,FIFA World Cup qualification,2025,0
2025-03-25,Israel,Norway,2.0,4.0,FIFA World Cup qualification,2025,0
2025-03-25,Liechtenstein,Kazakhstan,0.0,2.0,FIFA World Cup qualification,2025,0
2025-03-25,Montenegro,Faroe Islands,1.0,0.0,FIFA World Cup qualification,2025,1
2025-06-05,Paraguay,Uruguay,2.0,0.0,FIFA World Cup qualification,2025,1
2025-06-05,Chile,Argentina,0.0,1.0,FIFA World Cup qualification,2025,0
2025-06-05,Iraq,South Korea,0.0,2.0,FIFA World Cup qualification,2025,0
2025-06-05,Australia,Japan,1.0,0.0,FIFA World Cup qualification,2025,1
2025-06-05,Indonesia,China,1.0,0.0,FIFA World Cup qualification,2025,1
2025-06-06,Venezuela,Bolivia,2.0,0.0,FIFA World Cup qualification,2025,1
2025-06-06,Norway,Italy,3.0,0.0,FIFA World Cup qualification,2025,1
2025-06-06,Estonia,Israel,1.0,3.0,FIFA World Cup qualification,2025,0
2025-06-06,Wales,Liechtenstein,3.0,0.0,FIFA World Cup qualification,2025,1
2025-06-06,Czech Republic,Montenegro,2.0,0.0,FIFA World Cup qualification,2025,1
2025-06-06,Antigua and Barbuda,Cuba,0.0,1.0,FIFA World Cup qualification,2025,0
2025-06-06,Guatemala,Dominican Republic,4.0,2.0,FIFA World Cup qualification,2025,1
2025-06-06,Suriname,Puerto Rico,1.0,0.0,FIFA World Cup qualification,2025,1
2025-06-07,Finland,Netherlands,0.0,2.0,FIFA World Cup qualification,2025,0
2025-06-07,Austria,Romania,2.0,1.0,FIFA World Cup qualification,2025,1
2025-06-07,Andorra,England,0.0,1.0,FIFA World Cup qualification,2025,0
2025-06-09,Italy,Moldova,2.0,0.0,FIFA World Cup qualification,2025,1
2025-06-09,Estonia,Norway,0.0,1.0,FIFA World Cup qualification,2025,0
2025-06-09,Kazakhstan,North Macedonia,0.0,1.0,FIFA World Cup qualification,2025,0
2025-06-09,Belgium,Wales,4.0,3.0,FIFA World Cup qualification,2025,1
2025-06-09,Croatia,Czech Republic,5.0,1.0,FIFA World Cup qualification,2025,1
2025-06-10,Bolivia,Chile,2.0,0.0,FIFA World Cup qualification,2025,1
2025-06-10,Uruguay,Venezuela,2.0,0.0,FIFA World Cup qualification,2025,1
2025-06-10,Brazil,Paraguay,1.0,0.0,FIFA World Cup qualification,2025,1
2025-06-10,Iran,North Korea,3.0,0.0,FIFA World Cup qualification,2025,1
2025-06-10,Jordan,Iraq,0.0,1.0,FIFA World Cup qualification,2025,0
2025-06-10,Japan,Indonesia,6.0,0.0,FIFA World Cup qualification,2025,1
2025-06-10,Saudi Arabia,Australia,1.0,2.0,FIFA World Cup qualification,2025,0
2025-06-10,Netherlands,Malta,8.0,0.0,FIFA World Cup qualification,2025,1
2025-06-10,Finland,Poland,2.0,1.0,FIFA World Cup qualification,2025,1
2025-06-10,Romania,Cyprus,2.0,0.0,FIFA World Cup qualification,2025,1
2025-06-10,Serbia,Andorra,3.0,0.0,FIFA World Cup qualification,2025,1
2025-06-10,Cuba,Bermuda,1.0,2.0,FIFA World Cup qualification,2025,0
2025-06-10,Honduras,Antigua and Barbuda,2.0,0.0,FIFA World Cup qualification,2025,1
2025-06-10,Costa Rica,Trinidad and Tobago,2.0,1.0,FIFA World Cup qualification,2025,1
2025-06-10,Haiti,Curaçao,1.0,5.0,FIFA World Cup qualification,2025,0
2025-06-10,Guyana,Montserrat,3.0,0.0,FIFA World Cup qualification,2025,1
2025-06-10,Jamaica,Guatemala,3.0,0.0,FIFA World Cup qualification,2025,1
2025-09-04,Colombia,Bolivia,3.0,0.0,FIFA World Cup qualification,2025,1
2025-09-04,Argentina,Venezuela,3.0,0.0,FIFA World Cup qualification,2025,1
2025-09-04,Uruguay,Peru,3.0,0.0,FIFA World Cup qualification,2025,1
2025-09-04,Brazil,Chile,3.0,0.0,FIFA World Cup qualification,2025,1
2025-09-04,Angola,Libya,0.0,1.0,FIFA World Cup qualification,2025,0
2025-09-04,Tunisia,Liberia,3.0,0.0,FIFA World Cup qualification,2025,1
2025-09-04,Madagascar,Central African Republic,2.0,0.0,FIFA World Cup qualification,2025,1
2025-09-04,Luxembourg,Northern Ireland,1.0,3.0,FIFA World Cup qualification,2025,0
2025-09-04,Slovakia,Germany,2.0,0.0,FIFA World Cup qualification,2025,1
2025-09-04,Georgia,Turkey,2.0,3.0,FIFA World Cup qualification,2025,0
2025-09-04,Bulgaria,Spain,0.0,3.0,FIFA World Cup qualification,2025,0
2025-09-04,Kazakhstan,Wales,0.0,1.0,FIFA World Cup qualification,2025,0
2025-09-04,Liechtenstein,Belgium,0.0,6.0,FIFA World Cup qualification,2025,0
2025-09-04,Guatemala,El Salvador,0.0,1.0,FIFA World Cup qualification,2025,0
2025-09-05,Mauritania,Togo,2.0,0.0,FIFA World Cup qualification,2025,1
2025-09-05,Senegal,Sudan,2.0,0.0,FIFA World Cup qualification,2025,1
2025-09-05,Benin,Zimbabwe,1.0,0.0,FIFA World Cup qualification,2025,1
2025-09-05,Kenya,Gambia,1.0,3.0,FIFA World Cup qualification,2025,0
2025-09-05,Ivory Coast,Burundi,1.0,0.0,FIFA World Cup qualification,2025,1
2025-09-05,Somalia,Guinea,0.0,3.0,FIFA World Cup qualification,2025,0
2025-09-05,Uganda,Mozambique,4.0,0.0,FIFA World Cup qualification,2025,1
2025-09-05,Namibia,Malawi,1.0,2.0,FIFA World Cup qualification,2025,0
2025-09-05,Switzerland,Kosovo,4.0,0.0,FIFA World Cup qualification,2025,1
2025-09-05,Greece,Belarus,5.0,1.0,FIFA World Cup qualification,2025,1
2025-09-05,Iceland,Azerbaijan,5.0,0.0,FIFA World Cup qualification,2025,1
2025-09-05,Ukraine,France,0.0,2.0,FIFA World Cup qualification,2025,0
2025-09-05,Italy,Estonia,5.0,0.0,FIFA World Cup qualification,2025,1
2025-09-05,Moldova,Israel,0.0,4.0,FIFA World Cup qualification,2025,0
2025-09-05,Faroe Islands,Croatia,0.0,1.0,FIFA World Cup qualification,2025,0
2025-09-05,Montenegro,Czech Republic,0.0,2.0,FIFA World Cup qualification,2025,0
2025-09-05,Bermuda,Jamaica,0.0,4.0,FIFA World Cup qualification,2025,0
2025-09-06,Nigeria,Rwanda,1.0,0.0,FIFA World Cup qualification,2025,1
2025-09-06,Armenia,Portugal,0.0,5.0,FIFA World Cup qualification,2025,0
2025-09-06,Austria,Cyprus,1.0,0.0,FIFA World Cup qualification,2025,1
2025-09-06,Latvia,Serbia,0.0,1.0,FIFA World Cup qualification,2025,0
2025-09-06,England,Andorra,2.0,0.0,FIFA World Cup qualification,2025,1
2025-09-07,Germany,Northern Ireland,3.0,1.0,FIFA World Cup qualification,2025,1
2025-09-07,Luxembourg,Slovakia,0.0,1.0,FIFA World Cup qualification,2025,0
2025-09-07,Georgia,Bulgaria,3.0,0.0,FIFA World Cup qualification,2025,1
2025-09-07,Turkey,Spain,0.0,6.0,FIFA World Cup qualification,2025,0
2025-09-07,Lithuania,Netherlands,2.0,3.0,FIFA World Cup qualification,2025,0
2025-09-07,Poland,Finland,3.0,1.0,FIFA World Cup qualification,2025,1
2025-09-07,North Macedonia,Liechtenstein,5.0,0.0,FIFA World Cup qualification,2025,1
2025-09-07,Belgium,Kazakhstan,6.0,0.0,FIFA World Cup qualification,2025,1
2025-09-08,Zambia,Morocco,0.0,2.0,FIFA World Cup qualification,2025,0
2025-09-08,Uganda,Somalia,2.0,0.0,FIFA World Cup qualification,2025,1
2025-09-08,Equatorial Guinea,Tunisia,0.0,1.0,FIFA World Cup qualification,2025,0
2025-09-08,Madagascar,Chad,3.0,1.0,FIFA World Cup qualification,2025,1
2025-09-08,Ghana,Mali,1.0,0.0,FIFA World Cup qualification,2025,1
2025-09-08,Kosovo,Sweden,2.0,0.0,FIFA World Cup qualification,2025,1
2025-09-08,Switzerland,Slovenia,3.0,0.0,FIFA World Cup qualification,2025,1
2025-09-08,Belarus,Scotland,0.0,2.0,FIFA World Cup qualification,2025,0
2025-09-08,Greece,Denmark,0.0,3.0,FIFA World Cup qualification,2025,0
2025-09-08,Israel,Italy,4.0,5.0,FIFA World Cup qualification,2025,0
2025-09-08,Croatia,Montenegro,4.0,0.0,FIFA World Cup qualification,2025,1
2025-09-08,El Salvador,Suriname,1.0,2.0,FIFA World Cup qualification,2025,0
2025-09-09,Ecuador,Argentina,1.0,0.0,FIFA World Cup qualification,2025,1
2025-09-09,Peru,Paraguay,0.0,1.0,FIFA World Cup qualification,2025,0
2025-09-09,Bolivia,Brazil,1.0,0.0,FIFA World Cup qualification,2025,1
2025-09-09,Venezuela,Colombia,3.0,6.0,FIFA World Cup qualification,2025,0
2025-09-09,Togo,Sudan,1.0,0.0,FIFA World Cup qualification,2025,1
2025-09-09,DR Congo,Senegal,2.0,3.0,FIFA World Cup qualification,2025,0
2025-09-09,Zimbabwe,Rwanda,0.0,1.0,FIFA World Cup qualification,2025,0
2025-09-09,Cape Verde,Cameroon,1.0,0.0,FIFA World Cup qualification,2025,1
2025-09-09,Gambia,Burundi,2.0,0.0,FIFA World Cup qualification,2025,1
2025-09-09,France,Iceland,2.0,1.0,FIFA World Cup qualification,2025,1
2025-09-09,Armenia,Republic of Ireland,2.0,1.0,FIFA World Cup qualification,2025,1
2025-09-09,Hungary,Portugal,2.0,3.0,FIFA World Cup qualification,2025,0
2025-09-09,Bosnia and Herzegovina,Austria,1.0,2.0,FIFA World Cup qualification,2025,0
2025-09-09,Norway,Moldova,11.0,1.0,FIFA World Cup qualification,2025,1
2025-09-09,Albania,Latvia,1.0,0.0,FIFA World Cup qualification,2025,1
2025-09-09,Serbia,England,0.0,5.0,FIFA World Cup qualification,2025,0
2025-09-09,Jamaica,Trinidad and Tobago,2.0,0.0,FIFA World Cup qualification,2025,1
2025-09-09,Curaçao,Bermuda,3.0,2.0,FIFA World Cup qualification,2025,1
2025-10-08,Saudi Arabia,Indonesia,3.0,2.0,FIFA World Cup qualification,2025,1
2025-10-08,Sierra Leone,Burkina Faso,0.0,1.0,FIFA World Cup qualification,2025,0
2025-10-08,Tanzania,Zambia,0.0,1.0,FIFA World Cup qualification,2025,0
2025-10-08,Central African Republic,Ghana,0.0,5.0,FIFA World Cup qualification,2025,0
2025-10-08,Chad,Mali,0.0,2.0,FIFA World Cup qualification,2025,0
2025-10-09,Burundi,Kenya,0.0,1.0,FIFA World Cup qualification,2025,0
2025-10-09,Algeria,Somalia,3.0,0.0,FIFA World Cup qualification,2025,1
2025-10-09,Mozambique,Guinea,1.0,2.0,FIFA World Cup qualification,2025,0
2025-10-09,Malawi,Equatorial Guinea,3.0,0.0,FIFA World Cup qualification,2025,1
2025-10-09,Scotland,Greece,3.0,1.0,FIFA World Cup qualification,2025,1
2025-10-09,Belarus,Denmark,0.0,6.0,FIFA World Cup qualification,2025,0
2025-10-09,Malta,Netherlands,0.0,4.0,FIFA World Cup qualification,2025,0
2025-10-09,Finland,Lithuania,2.0,1.0,FIFA World Cup qualification,2025,1
2025-10-09,Faroe Islands,Montenegro,4.0,0.0,FIFA World Cup qualification,2025,1
2025-10-09,Liberia,Namibia,3.0,1.0,FIFA World Cup qualification,2025,1
2025-10-10,Togo,DR Congo,0.0,1.0,FIFA World Cup qualification,2025,0
2025-10-10,Rwanda,Benin,0.0,1.0,FIFA World Cup qualification,2025,0
2025-10-10,Gambia,Gabon,3.0,4.0,FIFA World Cup qualification,2025,0
2025-10-10,Northern Ireland,Slovakia,2.0,0.0,FIFA World Cup qualification,2025,1
2025-10-10,Germany,Luxembourg,4.0,0.0,FIFA World Cup qualification,2025,1
2025-10-10,Sweden,Switzerland,0.0,2.0,FIFA World Cup qualification,2025,0
2025-10-10,Iceland,Ukraine,3.0,5.0,FIFA World Cup qualification,2025,0
2025-10-10,France,Azerbaijan,3.0,0.0,FIFA World Cup qualification,2025,1
2025-10-10,Kazakhstan,Liechtenstein,4.0,0.0,FIFA World Cup qualification,2025,1
2025-10-10,El Salvador,Panama,0.0,1.0,FIFA World Cup qualification,2025,0
2025-10-10,Bermuda,Trinidad and Tobago,0.0,3.0,FIFA World Cup qualification,2025,0
2025-10-10,Curaçao,Jamaica,2.0,0.0,FIFA World Cup qualification,2025,1
2025-10-11,Iraq,Indonesia,1.0,0.0,FIFA World Cup qualification,2025,1
2025-10-11,Spain,Georgia,2.0,0.0,FIFA World Cup qualification,2025,1
2025-10-11,Bulgaria,Turkey,1.0,6.0,FIFA World Cup qualification,2025,0
2025-10-11,Hungary,Armenia,2.0,0.0,FIFA World Cup qualification,2025,1
2025-10-11,Portugal,Republic of Ireland,1.0,0.0,FIFA World Cup qualification,2025,1
2025-10-11,Norway,Israel,5.0,0.0,FIFA World Cup qualification,2025,1
2025-10-11,Estonia,Italy,1.0,3.0,FIFA World Cup qualification,2025,0
2025-10-11,Serbia,Albania,0.0,1.0,FIFA World Cup qualification,2025,0
2025-10-12,Egypt,Guinea-Bissau,1.0,0.0,FIFA World Cup qualification,2025,1
2025-10-12,Chad,Central African Republic,2.0,3.0,FIFA World Cup qualification,2025,0
2025-10-12,Mali,Madagascar,4.0,1.0,FIFA World Cup qualification,2025,1
2025-10-12,Scotland,Belarus,2.0,1.0,FIFA World Cup qualification,2025,1
2025-10-12,Denmark,Greece,3.0,1.0,FIFA World Cup qualification,2025,1
2025-10-12,Netherlands,Finland,4.0,0.0,FIFA World Cup qualification,2025,1
2025-10-12,Lithuania,Poland,0.0,2.0,FIFA World Cup qualification,2025,0
2025-10-12,Romania,Austria,1.0,0.0,FIFA World Cup qualification,2025,1
2025-10-12,Faroe Islands,Czech Republic,2.0,1.0,FIFA World Cup qualification,2025,1
2025-10-13,Tunisia,Namibia,3.0,0.0,FIFA World Cup qualification,2025,1
2025-10-13,Northern Ireland,Germany,0.0,1.0,FIFA World Cup qualification,2025,0
2025-10-13,Slovakia,Luxembourg,2.0,0.0,FIFA World Cup qualification,2025,1
2025-10-13,Sweden,Kosovo,0.0,1.0,FIFA World Cup qualification,2025,0
2025-10-13,Ukraine,Azerbaijan,2.0,1.0,FIFA World Cup qualification,2025,1
2025-10-13,Wales,Belgium,2.0,4.0,FIFA World Cup qualification,2025,0
2025-10-13,Honduras,Haiti,3.0,0.0,FIFA World Cup qualification,2025,1
2025-10-14,Senegal,Mauritania,4.0,0.0,FIFA World Cup qualification,2025,1
2025-10-14,DR Congo,Sudan,1.0,0.0,FIFA World Cup qualification,2025,1
2025-10-14,Nigeria,Benin,4.0,0.0,FIFA World Cup qualification,2025,1
2025-10-14,South Africa,Rwanda,3.0,0.0,FIFA World Cup qualification,2025,1
2025-10-14,Morocco,Congo,1.0,0.0,FIFA World Cup qualification,2025,1
2025-10-14,Ivory Coast,Kenya,3.0,0.0,FIFA World Cup qualification,2025,1
2025-10-14,Gabon,Burundi,2.0,0.0,FIFA World Cup qualification,2025,1
2025-10-14,Algeria,Uganda,2.0,1.0,FIFA World Cup qualification,2025,1
2025-10-14,Somalia,Mozambique,0.0,1.0,FIFA World Cup qualification,2025,0
2025-10-14,Spain,Bulgaria,4.0,0.0,FIFA World Cup qualification,2025,1
2025-10-14,Turkey,Georgia,4.0,1.0,FIFA World Cup qualification,2025,1
2025-10-14,Republic of Ireland,Armenia,1.0,0.0,FIFA World Cup qualification,2025,1
2025-10-14,Italy,Israel,3.0,0.0,FIFA World Cup qualification,2025,1
2025-10-14,Andorra,Serbia,1.0,3.0,FIFA World Cup qualification,2025,0
2025-10-14,Latvia,England,0.0,5.0,FIFA World Cup qualification,2025,0
2025-10-14,El Salvador,Guatemala,0.0,1.0,FIFA World Cup qualification,2025,0
2025-10-14,Jamaica,Bermuda,4.0,0.0,FIFA World Cup qualification,2025,1
2025-11-13,Cameroon,DR Congo,0.0,1.0,FIFA World Cup qualification,2025,0
2025-11-13,Nigeria,Gabon,4.0,1.0,FIFA World Cup qualification,2025,1
2025-11-13,France,Ukraine,4.0,0.0,FIFA World Cup qualification,2025,1
2025-11-13,Azerbaijan,Iceland,0.0,2.0,FIFA World Cup qualification,2025,0
2025-11-13,Republic of Ireland,Portugal,2.0,0.0,FIFA World Cup qualification,2025,1
2025-11-13,Armenia,Hungary,0.0,1.0,FIFA World Cup qualification,2025,0
2025-11-13,Norway,Estonia,4.0,1.0,FIFA World Cup qualification,2025,1
2025-11-13,Moldova,Italy,0.0,2.0,FIFA World Cup qualification,2025,0
2025-11-13,England,Serbia,2.0,0.0,FIFA World Cup qualification,2025,1
2025-11-13,Andorra,Albania,0.0,1.0,FIFA World Cup qualification,2025,0
2025-11-13,Suriname,El Salvador,4.0,0.0,FIFA World Cup qualification,2025,1
2025-11-13,Guatemala,Panama,2.0,3.0,FIFA World Cup qualification,2025,0
2025-11-13,Bermuda,Curaçao,0.0,7.0,FIFA World Cup qualification,2025,0
2025-11-13,Haiti,Costa Rica,1.0,0.0,FIFA World Cup qualification,2025,1
2025-11-14,Luxembourg,Germany,0.0,2.0,FIFA World Cup qualification,2025,0
2025-11-14,Slovakia,Northern Ireland,1.0,0.0,FIFA World Cup qualification,2025,1
2025-11-14,Finland,Malta,0.0,1.0,FIFA World Cup qualification,2025,0
2025-11-14,Croatia,Faroe Islands,3.0,1.0,FIFA World Cup qualification,2025,1
2025-11-15,Slovenia,Kosovo,0.0,2.0,FIFA World Cup qualification,2025,0
2025-11-15,Switzerland,Sweden,4.0,1.0,FIFA World Cup qualification,2025,1
2025-11-15,Greece,Scotland,3.0,2.0,FIFA World Cup qualification,2025,1
2025-11-15,Turkey,Bulgaria,2.0,0.0,FIFA World Cup qualification,2025,1
2025-11-15,Georgia,Spain,0.0,4.0,FIFA World Cup qualification,2025,0
2025-11-15,Cyprus,Austria,0.0,2.0,FIFA World Cup qualification,2025,0
2025-11-15,Bosnia and Herzegovina,Romania,3.0,1.0,FIFA World Cup qualification,2025,1
2025-11-15,Liechtenstein,Wales,0.0,1.0,FIFA World Cup qualification,2025,0
2025-11-16,Ukraine,Iceland,2.0,0.0,FIFA World Cup qualification,2025,1
2025-11-16,Azerbaijan,France,1.0,3.0,FIFA World Cup qualification,2025,0
2025-11-16,Portugal,Armenia,9.0,1.0,FIFA World Cup qualification,2025,1
2025-11-16,Hungary,Republic of Ireland,2.0,3.0,FIFA World Cup qualification,2025,0
2025-11-16,Moldova,Israel,1.0,4.0,FIFA World Cup qualification,2025,0
2025-11-16,Italy,Norway,1.0,4.0,FIFA World Cup qualification,2025,0
2025-11-16,Albania,England,0.0,2.0,FIFA World Cup qualification,2025,0
2025-11-16,Serbia,Latvia,2.0,1.0,FIFA World Cup qualification,2025,1
2025-11-17,Northern Ireland,Luxembourg,1.0,0.0,FIFA World Cup qualification,2025,1
2025-11-17,Germany,Slovakia,6.0,0.0,FIFA World Cup qualification,2025,1
2025-11-17,Malta,Poland,2.0,3.0,FIFA World Cup qualification,2025,0
2025-11-17,Netherlands,Lithuania,4.0,0.0,FIFA World Cup qualification,2025,1
2025-11-17,Montenegro,Croatia,2.0,3.0,FIFA World Cup qualification,2025,0
2025-11-18,Iraq,United Arab Emirates,2.0,1.0,FIFA World Cup qualification,2025,1
2025-11-18,Scotland,Denmark,4.0,2.0,FIFA World Cup qualification,2025,1
2025-11-18,Bulgaria,Georgia,2.0,1.0,FIFA World Cup qualification,2025,1
2025-11-18,Wales,North Macedonia,7.0,1.0,FIFA World Cup qualification,2025,1
2025-11-18,Belgium,Liechtenstein,7.0,0.0,FIFA World Cup qualification,2025,1
2025-11-18,Guatemala,Suriname,3.0,1.0,FIFA World Cup qualification,2025,1
2025-11-18,Panama,El Salvador,3.0,0.0,FIFA World Cup qualification,2025,1
