team,year,squad_size,age,height_cm,weight_kg,attacking_crossing,attacking_finishing,attacking_heading_accuracy,attacking_short_passing,attacking_volleys,skill_dribbling,skill_curve,skill_fk_accuracy,skill_long_passing,skill_ball_control,movement_acceleration,movement_sprint_speed,movement_agility,movement_reactions,movement_balance,power_shot_power,power_jumping,power_stamina,power_strength,power_long_shots,mentality_aggression,mentality_interceptions,mentality_positioning,mentality_vision,mentality_penalties,mentality_composure,defending_marking_awareness,defending_standing_tackle,defending_sliding_tackle,goalkeeping_diving,goalkeeping_handling,goalkeeping_kicking,goalkeeping_positioning,goalkeeping_reflexes
Albania,2015,23,25.043478260869566,180.4782608695652,74.6086956521739,54.21739130434783,49.95652173913044,51.52173913043478,60.69565217391305,49.65217391304348,56.78260869565217,52.60869565217392,49.78260869565217,52.34782608695652,61.869565217391305,66.73913043478261,66.91304347826087,68.04347826086956,64.73913043478261,67.52173913043478,63.65217391304348,67.47826086956522,65.73913043478261,64.04347826086956,53.04347826086956,61.95652173913044,51.130434782608695,54.391304347826086,55.04347826086956,53.60869565217392,,47.869565217391305,48.26086956521739,47.43478260869565,17.91304347826087,17.608695652173914,17.47826086956522,16.391304347826086,19.043478260869566
Algeria,2015,23,25.73913043478261,182.08695652173915,75.78260869565217,62.26086956521739,53.391304347826086,59.869565217391305,69.82608695652173,54.82608695652174,64.82608695652173,60.21739130434783,57.0,62.391304347826086,70.65217391304348,70.34782608695652,69.91304347826087,70.8695652173913,70.26086956521739,66.0,65.82608695652173,67.52173913043478,73.17391304347827,68.8695652173913,58.391304347826086,64.30434782608695,54.30434782608695,60.91304347826087,62.69565217391305,58.869565217391305,,45.69565217391305,51.60869565217392,46.65217391304348,13.608695652173912,11.826086956521738,12.173913043478262,12.173913043478262,13.08695652173913
Angola,2015,6,24.5,183.0,76.83333333333333,50.333333333333336,42.0,63.333333333333336,58.333333333333336,42.16666666666666,54.0,43.833333333333336,37.5,52.66666666666666,59.16666666666666,64.16666666666667,69.33333333333333,62.833333333333336,59.0,57.66666666666666,56.5,69.33333333333333,63.16666666666666,72.66666666666667,43.833333333333336,65.83333333333333,52.66666666666666,49.16666666666666,41.66666666666666,49.333333333333336,,49.66666666666666,52.16666666666666,48.833333333333336,9.833333333333334,10.166666666666666,10.166666666666666,9.333333333333334,8.833333333333334
Antigua and Barbuda,2015,4,23.75,178.75,72.75,51.0,44.75,57.0,54.5,40.25,61.25,47.25,35.5,45.5,59.25,75.0,74.75,67.0,54.5,70.25,52.0,72.5,68.25,64.0,41.0,51.75,42.0,50.25,47.0,55.0,,43.0,48.0,42.25,9.25,10.25,10.0,10.25,11.0
Argentina,2015,23,28.39130434782609,181.43478260869568,77.95652173913044,61.78260869565217,57.08695652173913,62.65217391304348,68.78260869565217,57.65217391304348,65.95652173913044,60.04347826086956,57.26086956521739,64.26086956521739,70.21739130434783,68.1304347826087,68.34782608695652,68.91304347826087,78.0,66.21739130434783,66.30434782608695,71.6086956521739,66.26086956521739,73.73913043478261,59.60869565217392,66.1304347826087,57.78260869565217,60.0,63.95652173913044,60.08695652173913,,52.26086956521739,57.95652173913044,55.69565217391305,17.565217391304348,18.52173913043478,18.17391304347826,18.91304347826087,18.782608695652176
Armenia,2015,6,27.83333333333333,179.33333333333334,74.5,56.66666666666666,65.0,50.333333333333336,58.333333333333336,63.833333333333336,68.5,57.16666666666666,54.0,52.333333333333336,66.16666666666667,72.66666666666667,72.66666666666667,68.33333333333333,70.66666666666667,66.0,65.66666666666667,65.33333333333333,65.0,64.83333333333333,65.33333333333333,53.833333333333336,40.16666666666666,64.66666666666667,56.5,59.833333333333336,,28.83333333333333,28.5,28.83333333333333,18.666666666666668,20.5,20.5,20.166666666666668,18.33333333333333
Australia,2015,23,25.30434782608696,181.0434782608696,77.8695652173913,55.52173913043478,48.60869565217392,54.08695652173913,60.78260869565217,46.95652173913044,54.65217391304348,51.130434782608695,42.26086956521739,54.56521739130435,59.65217391304348,67.95652173913044,68.47826086956522,64.1304347826087,66.52173913043478,64.43478260869566,59.08695652173913,70.08695652173913,67.6086956521739,69.1304347826087,52.869565217391305,59.130434782608695,51.0,52.60869565217392,54.95652173913044,53.95652173913044,,47.0,52.78260869565217,50.17391304347826,19.08695652173913,17.217391304347824,18.782608695652176,17.608695652173914,18.043478260869566
Austria,2015,23,25.608695652173918,184.30434782608697,78.65217391304348,55.78260869565217,53.0,58.52173913043478,63.17391304347826,54.0,61.91304347826087,56.56521739130435,51.65217391304348,55.78260869565217,64.30434782608695,69.21739130434783,71.17391304347827,67.95652173913044,70.47826086956522,62.34782608695652,66.1304347826087,66.52173913043478,70.69565217391305,72.26086956521739,58.21739130434783,62.34782608695652,52.56521739130435,59.34782608695652,59.56521739130435,54.391304347826086,,49.869565217391305,52.69565217391305,49.47826086956522,17.782608695652176,17.043478260869566,17.652173913043477,17.869565217391305,17.652173913043477
Azerbaijan,2015,2,23.0,184.5,79.0,59.0,48.5,51.5,61.0,55.0,63.0,58.5,48.0,55.0,65.0,72.0,73.0,61.0,59.0,53.0,72.0,46.0,72.0,72.0,54.5,64.0,53.5,60.5,52.0,55.5,,49.5,52.0,50.5,12.0,7.5,13.5,14.5,11.0
Bahrain,2015,1,33.0,181.0,81.0,32.0,30.0,73.0,40.0,24.0,29.0,23.0,29.0,32.0,41.0,54.0,68.0,53.0,62.0,51.0,49.0,74.0,67.0,86.0,29.0,69.0,70.0,35.0,40.0,34.0,,72.0,70.0,66.0,14.0,14.0,10.0,15.0,10.0
Barbados,2015,2,30.5,183.5,74.5,61.5,62.0,59.5,54.5,45.5,63.5,25.5,35.5,50.5,64.0,73.5,76.0,60.0,64.5,62.5,61.0,67.5,69.0,68.5,50.5,64.0,48.0,54.0,57.0,60.5,,46.0,49.0,46.0,11.0,5.0,6.0,12.0,7.5
Belarus,2015,16,28.625,183.125,78.125,55.6875,44.9375,49.1875,59.25,42.5625,53.0625,48.625,47.75,57.375,57.25,60.25,58.0,58.5,62.875,60.9375,50.4375,67.5,58.875,65.4375,50.75,53.6875,49.0625,48.125,53.6875,46.5625,,46.9375,49.0625,47.8125,21.25,20.125,20.4375,19.875,20.25
Belgium,2015,23,25.782608695652176,184.1304347826087,78.0,64.26086956521739,58.65217391304348,61.04347826086956,71.78260869565217,58.34782608695652,67.0,60.56521739130435,60.30434782608695,67.65217391304348,69.3913043478261,70.6086956521739,72.56521739130434,70.26086956521739,76.34782608695652,63.52173913043478,72.82608695652173,72.6086956521739,71.0,73.30434782608695,65.0,63.34782608695652,55.26086956521739,61.43478260869565,62.82608695652174,61.82608695652174,,52.08695652173913,55.69565217391305,53.95652173913044,19.347826086956523,19.347826086956523,17.782608695652176,19.47826086956522,19.782608695652176
Benin,2015,14,23.571428571428573,182.28571428571428,76.0,50.5,50.21428571428572,61.285714285714285,58.35714285714285,44.85714285714285,56.92857142857143,46.0,42.21428571428572,50.57142857142857,60.07142857142857,64.85714285714286,65.14285714285714,60.85714285714285,59.0,63.142857142857146,55.57142857142857,67.71428571428571,69.21428571428571,69.35714285714286,48.42857142857143,61.21428571428572,45.142857142857146,53.85714285714285,52.21428571428572,50.57142857142857,,45.642857142857146,46.42857142857143,45.142857142857146,12.571428571428571,14.857142857142858,13.214285714285714,13.0,12.785714285714286
Bermuda,2015,2,21.5,181.5,77.0,43.5,47.0,42.5,39.5,38.5,46.5,44.5,38.5,29.0,43.0,65.0,67.0,65.5,52.0,57.5,47.5,70.0,55.5,63.0,47.0,25.5,39.5,43.5,42.5,55.5,,25.0,23.0,25.0,36.5,30.0,33.0,29.5,33.5
Bolivia,2015,23,26.782608695652176,176.69565217391303,72.17391304347827,47.73913043478261,45.56521739130435,50.391304347826086,51.95652173913044,39.73913043478261,52.91304347826087,42.130434782608695,41.26086956521739,48.17391304347826,55.43478260869565,62.82608695652174,62.08695652173913,63.04347826086956,58.34782608695652,69.73913043478261,51.47826086956522,60.04347826086956,62.0,56.04347826086956,46.08695652173913,48.130434782608695,44.21739130434783,46.869565217391305,48.95652173913044,51.21739130434783,,43.391304347826086,43.34782608695652,42.73913043478261,16.608695652173914,15.869565217391305,16.608695652173914,17.47826086956522,16.347826086956523
Bosnia and Herzegovina,2015,23,26.65217391304348,185.2608695652174,79.0,59.65217391304348,53.0,59.130434782608695,66.8695652173913,50.73913043478261,62.47826086956522,60.26086956521739,56.91304347826087,62.17391304347826,65.91304347826087,63.26086956521739,67.1304347826087,66.3913043478261,71.82608695652173,59.08695652173913,68.17391304347827,64.78260869565217,67.52173913043478,73.17391304347827,58.04347826086956,63.30434782608695,55.21739130434783,55.82608695652174,59.56521739130435,58.47826086956522,,50.34782608695652,54.69565217391305,52.0,16.73913043478261,15.08695652173913,15.695652173913045,15.565217391304348,15.73913043478261
Brazil,2015,23,25.565217391304348,180.7391304347826,75.47826086956522,66.08695652173913,56.69565217391305,60.73913043478261,72.04347826086956,57.04347826086956,70.43478260869566,62.78260869565217,58.30434782608695,69.17391304347827,73.91304347826087,77.34782608695652,77.47826086956522,75.95652173913044,79.47826086956522,68.91304347826087,71.17391304347827,73.3913043478261,74.91304347826087,67.3913043478261,63.0,67.34782608695652,64.1304347826087,61.82608695652174,64.73913043478261,59.34782608695652,,58.82608695652174,63.69565217391305,63.130434782608695,19.91304347826087,17.82608695652174,17.782608695652176,18.65217391304348,19.043478260869566
Bulgaria,2015,23,27.0,182.56521739130437,75.69565217391305,51.391304347826086,48.34782608695652,56.17391304347826,56.56521739130435,43.391304347826086,53.73913043478261,46.47826086956522,46.69565217391305,53.08695652173913,57.43478260869565,66.21739130434783,65.21739130434783,57.869565217391305,62.73913043478261,59.43478260869565,55.17391304347826,62.82608695652174,63.26086956521739,66.21739130434783,49.21739130434783,54.95652173913044,49.60869565217392,49.82608695652174,50.43478260869565,48.56521739130435,,50.91304347826087,52.43478260869565,50.78260869565217,17.347826086956523,18.130434782608692,17.608695652173914,16.043478260869566,18.0
Burkina Faso,2015,18,23.5,178.11111111111111,72.88888888888889,53.888888888888886,52.61111111111112,57.888888888888886,60.888888888888886,48.0,62.27777777777778,48.94444444444444,45.44444444444444,54.333333333333336,65.55555555555556,77.38888888888889,77.61111111111111,73.33333333333333,64.22222222222223,72.88888888888889,61.77777777777778,71.27777777777777,69.33333333333333,64.88888888888889,52.16666666666666,62.11111111111112,51.05555555555556,55.77777777777778,54.94444444444444,55.5,,49.77777777777778,49.55555555555556,46.388888888888886,9.444444444444445,10.833333333333334,8.222222222222221,10.666666666666666,10.77777777777778
Burundi,2015,2,22.5,175.0,67.5,42.5,38.0,49.0,54.5,38.0,54.0,42.0,31.5,41.5,51.5,76.5,74.0,59.5,60.0,67.5,48.0,78.0,59.5,50.0,48.0,56.5,46.5,40.0,38.0,47.5,,38.5,44.0,43.0,6.5,9.5,8.5,13.0,10.0
Cambodia,2015,1,27.0,177.0,76.0,40.0,63.0,62.0,52.0,51.0,61.0,60.0,33.0,41.0,64.0,71.0,68.0,69.0,63.0,66.0,68.0,70.0,60.0,69.0,55.0,62.0,42.0,66.0,44.0,54.0,,25.0,25.0,20.0,10.0,13.0,9.0,5.0,15.0
Cameroon,2015,23,25.65217391304348,181.4782608695652,77.69565217391305,53.69565217391305,46.47826086956522,63.391304347826086,63.130434782608695,48.34782608695652,61.130434782608695,49.30434782608695,42.391304347826086,57.04347826086956,64.3913043478261,71.17391304347827,74.52173913043478,67.82608695652173,69.95652173913044,65.73913043478261,63.60869565217392,73.8695652173913,69.30434782608695,71.26086956521739,50.73913043478261,60.43478260869565,55.34782608695652,54.08695652173913,55.21739130434783,49.26086956521739,,51.47826086956522,54.69565217391305,51.391304347826086,16.695652173913043,16.869565217391305,17.869565217391305,17.0,19.47826086956522
Canada,2015,23,26.73913043478261,181.2173913043478,76.82608695652173,52.869565217391305,49.60869565217392,59.69565217391305,61.391304347826086,51.391304347826086,58.43478260869565,52.21739130434783,46.95652173913044,52.73913043478261,60.52173913043478,69.21739130434783,69.82608695652173,66.21739130434783,62.65217391304348,65.95652173913044,62.26086956521739,71.52173913043478,66.82608695652173,67.0,53.21739130434783,64.43478260869566,50.60869565217392,56.21739130434783,54.69565217391305,53.91304347826087,,47.21739130434783,50.65217391304348,48.17391304347826,11.521739130434783,12.347826086956522,11.73913043478261,13.217391304347826,12.652173913043478
Cape Verde,2015,23,24.08695652173913,183.34782608695653,76.0,50.60869565217392,50.08695652173913,59.391304347826086,57.82608695652174,48.08695652173913,60.34782608695652,49.65217391304348,42.65217391304348,50.04347826086956,60.34782608695652,69.82608695652173,72.78260869565217,64.69565217391305,61.04347826086956,62.82608695652174,62.0,66.69565217391305,65.3913043478261,69.34782608695652,50.73913043478261,57.73913043478261,42.34782608695652,53.04347826086956,50.21739130434783,53.17391304347826,,40.30434782608695,43.08695652173913,40.60869565217392,11.695652173913045,11.521739130434783,13.478260869565217,12.304347826086955,12.08695652173913
Central African Republic,2015,7,24.714285714285715,184.8571428571429,78.0,43.85714285714285,44.85714285714285,55.57142857142857,50.57142857142857,43.71428571428572,50.85714285714285,42.0,35.0,41.285714285714285,52.142857142857146,63.71428571428572,64.42857142857143,59.85714285714285,54.285714285714285,56.142857142857146,57.142857142857146,69.42857142857143,58.142857142857146,64.0,44.71428571428572,49.71428571428572,39.285714285714285,49.42857142857143,43.71428571428572,43.285714285714285,,41.57142857142857,42.57142857142857,40.85714285714285,19.142857142857142,16.714285714285715,17.857142857142858,16.142857142857142,17.142857142857142
Chile,2015,23,26.695652173913043,177.30434782608697,74.34782608695652,58.91304347826087,54.08695652173913,55.17391304347826,66.47826086956522,54.26086956521739,64.95652173913044,58.130434782608695,56.17391304347826,61.73913043478261,67.91304347826087,73.17391304347827,71.56521739130434,70.56521739130434,70.26086956521739,71.34782608695652,62.65217391304348,73.65217391304348,72.34782608695652,65.21739130434783,57.47826086956522,65.0,56.21739130434783,58.52173913043478,61.0,58.21739130434783,,52.04347826086956,56.08695652173913,52.95652173913044,18.17391304347826,17.652173913043477,17.73913043478261,17.130434782608695,18.65217391304348
China,2015,2,20.0,181.0,69.5,65.0,47.0,45.0,61.5,54.0,68.0,57.5,54.0,55.0,67.0,71.5,78.0,75.0,57.5,72.0,69.0,47.5,66.0,52.0,56.0,42.5,29.5,51.5,56.0,60.0,,29.0,31.5,32.5,8.0,10.5,12.0,7.0,10.0
Colombia,2015,23,27.043478260869566,180.8695652173913,77.34782608695652,57.69565217391305,55.130434782608695,62.08695652173913,65.95652173913044,54.78260869565217,65.65217391304348,56.60869565217392,51.69565217391305,60.91304347826087,67.56521739130434,70.65217391304348,72.43478260869566,69.8695652173913,73.21739130434783,66.26086956521739,68.21739130434783,69.91304347826087,70.47826086956522,73.69565217391305,60.56521739130435,64.91304347826087,52.130434782608695,62.56521739130435,60.56521739130435,59.82608695652174,,45.391304347826086,52.391304347826086,48.17391304347826,18.47826086956522,17.434782608695652,17.347826086956523,16.52173913043478,18.347826086956523
Comoros,2015,4,25.5,177.5,71.5,58.5,38.5,59.5,61.5,40.0,59.75,45.75,36.75,53.25,57.0,77.75,75.0,73.5,65.5,75.0,55.25,62.75,70.5,59.5,44.25,52.75,57.25,48.5,50.25,44.0,,53.5,58.0,57.5,9.5,12.5,10.75,12.5,7.75
Congo,2015,13,24.846153846153847,182.07692307692307,76.53846153846153,46.46153846153846,45.30769230769231,58.30769230769231,57.30769230769231,44.23076923076923,51.15384615384615,40.61538461538461,39.92307692307692,48.23076923076923,56.84615384615385,68.46153846153847,66.3076923076923,64.23076923076923,63.84615384615385,63.69230769230769,57.23076923076923,66.46153846153847,62.69230769230769,69.23076923076923,44.92307692307692,60.53846153846154,51.07692307692308,48.46153846153846,51.23076923076923,45.46153846153846,,48.53846153846154,51.30769230769231,49.61538461538461,15.153846153846152,14.153846153846152,14.076923076923077,14.538461538461538,14.307692307692308
Costa Rica,2015,23,26.30434782608696,180.8695652173913,75.56521739130434,56.0,52.60869565217392,57.08695652173913,60.130434782608695,51.43478260869565,61.130434782608695,55.60869565217392,47.65217391304348,54.52173913043478,64.47826086956522,73.08695652173913,72.69565217391305,71.26086956521739,65.95652173913044,69.1304347826087,63.65217391304348,69.52173913043478,70.30434782608695,66.26086956521739,54.65217391304348,62.56521739130435,48.69565217391305,57.73913043478261,55.21739130434783,53.52173913043478,,47.91304347826087,48.82608695652174,46.95652173913044,16.434782608695652,15.304347826086955,15.434782608695652,15.565217391304348,16.08695652173913
Croatia,2015,23,27.65217391304348,184.0,78.56521739130434,64.3913043478261,58.21739130434783,61.60869565217392,68.95652173913044,60.34782608695652,67.52173913043478,63.56521739130435,62.34782608695652,64.08695652173913,71.47826086956522,67.43478260869566,67.65217391304348,68.04347826086956,75.47826086956522,61.65217391304348,70.47826086956522,68.26086956521739,67.8695652173913,71.8695652173913,63.34782608695652,65.69565217391305,54.30434782608695,61.56521739130435,65.47826086956522,65.1304347826087,,47.17391304347826,52.869565217391305,49.91304347826087,16.434782608695652,15.608695652173912,15.91304347826087,15.26086956521739,15.043478260869565
Cuba,2015,2,23.0,177.5,76.0,39.5,41.0,53.0,66.0,47.5,55.5,50.0,42.0,64.5,58.5,73.5,74.5,61.5,63.5,72.5,65.5,69.5,70.0,68.5,48.5,68.0,58.5,57.0,55.0,53.5,,55.0,60.0,57.5,11.0,10.0,10.5,13.0,9.5
Curaçao,2015,5,22.2,176.6,70.6,56.6,45.2,48.4,58.2,46.4,64.2,49.2,40.6,51.2,62.6,78.0,76.8,71.4,60.4,72.4,55.6,70.0,65.2,57.6,51.0,57.4,47.6,53.0,51.6,48.8,,45.0,47.2,46.4,11.2,10.8,10.0,11.4,9.6
Cyprus,2015,3,23.33333333333333,184.66666666666663,79.66666666666667,43.66666666666666,45.66666666666666,59.333333333333336,50.0,43.66666666666666,48.66666666666666,44.66666666666666,33.0,51.0,51.0,76.66666666666667,74.0,59.333333333333336,52.0,65.33333333333333,53.0,68.66666666666667,63.333333333333336,72.0,38.333333333333336,63.0,53.0,44.66666666666666,40.66666666666666,46.0,,46.333333333333336,53.66666666666666,46.66666666666666,10.0,7.333333333333333,10.666666666666666,12.0,9.0
Czech Republic,2015,23,27.217391304347824,182.0434782608696,75.21739130434783,57.91304347826087,54.95652173913044,56.95652173913044,63.17391304347826,53.869565217391305,61.869565217391305,54.56521739130435,53.0,59.391304347826086,65.52173913043478,68.43478260869566,68.73913043478261,65.08695652173913,70.69565217391305,65.69565217391305,65.21739130434783,68.08695652173913,68.34782608695652,64.82608695652173,57.69565217391305,62.47826086956522,52.73913043478261,56.391304347826086,56.69565217391305,58.73913043478261,,50.08695652173913,52.0,52.130434782608695,18.91304347826087,17.47826086956522,17.956521739130434,19.608695652173918,17.608695652173914
DR Congo,2015,23,26.17391304347826,180.34782608695653,76.56521739130434,56.391304347826086,50.73913043478261,57.26086956521739,61.95652173913044,47.91304347826087,61.73913043478261,53.91304347826087,46.391304347826086,54.47826086956522,64.3913043478261,74.08695652173913,73.30434782608695,72.69565217391305,67.43478260869566,67.73913043478261,64.69565217391305,72.26086956521739,71.30434782608695,72.17391304347827,54.73913043478261,63.34782608695652,48.60869565217392,55.91304347826087,57.26086956521739,54.43478260869565,,47.52173913043478,51.56521739130435,48.869565217391305,12.217391304347826,13.391304347826088,12.608695652173912,12.26086956521739,12.0
Denmark,2015,23,25.65217391304348,183.69565217391303,77.65217391304348,55.869565217391305,52.78260869565217,58.60869565217392,65.26086956521739,51.95652173913044,60.130434782608695,56.17391304347826,56.130434782608695,62.26086956521739,65.8695652173913,67.56521739130434,67.69565217391305,65.65217391304348,69.91304347826087,65.0,67.91304347826087,66.47826086956522,70.8695652173913,70.56521739130434,57.91304347826087,60.78260869565217,55.60869565217392,58.95652173913044,58.69565217391305,54.43478260869565,,49.82608695652174,54.30434782608695,50.30434782608695,17.695652173913043,18.39130434782609,18.52173913043478,18.39130434782609,18.47826086956522
Ecuador,2015,23,27.52173913043478,178.6086956521739,74.78260869565217,55.56521739130435,51.0,57.60869565217392,60.47826086956522,49.391304347826086,62.08695652173913,54.65217391304348,52.95652173913044,55.34782608695652,63.78260869565217,72.6086956521739,71.47826086956522,65.04347826086956,66.6086956521739,63.73913043478261,61.47826086956522,67.73913043478261,69.04347826086956,69.56521739130434,53.34782608695652,59.391304347826086,47.65217391304348,55.130434782608695,55.78260869565217,56.391304347826086,,47.26086956521739,49.65217391304348,47.21739130434783,17.782608695652176,17.695652173913043,17.52173913043478,18.043478260869566,17.608695652173914
Egypt,2015,23,28.0,180.3913043478261,76.08695652173913,54.869565217391305,51.47826086956522,54.65217391304348,62.30434782608695,44.17391304347826,59.52173913043478,50.91304347826087,47.56521739130435,54.82608695652174,60.73913043478261,67.04347826086956,66.73913043478261,62.91304347826087,63.130434782608695,65.52173913043478,60.34782608695652,65.30434782608695,64.8695652173913,67.0,53.0,60.65217391304348,50.17391304347826,51.91304347826087,55.91304347826087,52.391304347826086,,47.78260869565217,51.56521739130435,48.391304347826086,17.043478260869566,17.73913043478261,18.043478260869566,18.0,17.695652173913043
England,2015,23,24.47826086956522,182.56521739130437,75.73913043478261,61.78260869565217,57.34782608695652,60.60869565217392,70.6086956521739,55.82608695652174,68.47826086956522,58.65217391304348,53.21739130434783,64.6086956521739,69.69565217391305,72.3913043478261,73.21739130434783,68.08695652173913,75.3913043478261,67.6086956521739,66.65217391304348,70.3913043478261,72.69565217391305,71.73913043478261,62.73913043478261,64.30434782608695,52.17391304347826,62.08695652173913,62.95652173913044,60.73913043478261,,50.91304347826087,56.56521739130435,53.47826086956522,19.0,20.91304347826087,19.43478260869565,19.043478260869566,20.30434782608696
Equatorial Guinea,2015,4,25.75,180.25,74.25,56.25,47.5,50.5,55.0,43.75,53.25,54.5,40.5,52.25,55.25,73.5,79.75,75.0,64.75,69.0,61.0,81.75,70.75,71.75,49.0,55.25,41.25,54.5,49.5,45.75,,42.75,45.25,54.0,21.75,18.75,19.25,22.5,22.0
Estonia,2015,9,25.11111111111111,181.44444444444449,78.22222222222223,45.44444444444444,51.11111111111112,52.0,52.66666666666666,45.66666666666666,55.77777777777778,46.77777777777778,38.22222222222222,47.22222222222222,58.11111111111112,68.0,66.66666666666667,63.22222222222222,57.77777777777778,65.22222222222223,61.22222222222222,64.66666666666667,61.333333333333336,61.22222222222222,51.888888888888886,50.888888888888886,36.0,51.888888888888886,50.77777777777778,50.77777777777778,,37.55555555555556,38.888888888888886,37.333333333333336,15.77777777777778,16.11111111111111,14.0,16.77777777777778,15.444444444444445
Faroe Islands,2015,4,21.5,183.0,76.0,34.75,36.75,42.25,43.25,32.75,41.0,34.75,33.25,39.5,42.25,58.25,60.0,56.25,52.5,56.25,39.75,62.0,53.0,58.5,36.0,38.5,35.0,44.25,37.0,44.0,,35.5,38.0,36.75,22.75,22.5,23.25,23.25,21.75
Fiji,2015,1,26.0,170.0,70.0,52.0,57.0,36.0,45.0,58.0,67.0,61.0,32.0,38.0,59.0,83.0,78.0,79.0,63.0,81.0,58.0,65.0,58.0,32.0,51.0,31.0,21.0,61.0,44.0,41.0,,25.0,22.0,26.0,12.0,12.0,5.0,10.0,8.0
Finland,2015,23,25.347826086956523,183.2173913043478,78.6086956521739,52.78260869565217,48.65217391304348,55.17391304347826,61.43478260869565,47.21739130434783,57.43478260869565,55.869565217391305,49.91304347826087,56.47826086956522,62.56521739130435,62.78260869565217,62.56521739130435,63.73913043478261,64.1304347826087,61.0,63.56521739130435,65.52173913043478,66.56521739130434,66.69565217391305,56.04347826086956,59.04347826086956,50.26086956521739,53.91304347826087,52.95652173913044,51.95652173913044,,48.08695652173913,50.65217391304348,50.04347826086956,16.956521739130434,16.08695652173913,15.391304347826088,15.73913043478261,16.47826086956522
France,2015,23,26.043478260869566,180.82608695652172,76.04347826086956,64.21739130434783,55.34782608695652,66.21739130434783,70.95652173913044,54.69565217391305,66.08695652173913,61.43478260869565,54.95652173913044,65.56521739130434,69.95652173913044,75.1304347826087,74.47826086956522,72.17391304347827,78.21739130434783,66.95652173913044,67.08695652173913,75.52173913043478,74.3913043478261,71.8695652173913,60.130434782608695,68.82608695652173,63.391304347826086,60.869565217391305,63.0,57.08695652173913,,57.60869565217392,60.56521739130435,60.04347826086956,19.47826086956522,18.91304347826087,17.391304347826086,18.217391304347824,18.73913043478261
Gabon,2015,12,23.58333333333333,181.41666666666663,76.91666666666667,49.16666666666666,43.66666666666666,50.66666666666666,58.41666666666666,40.5,53.91666666666666,44.66666666666666,43.5,51.91666666666666,58.25,68.91666666666667,69.75,63.25,64.25,65.16666666666667,50.333333333333336,63.91666666666666,60.91666666666666,67.58333333333333,45.25,55.333333333333336,49.0,48.083333333333336,50.41666666666666,47.16666666666666,,47.75,50.91666666666666,48.66666666666666,20.166666666666668,19.5,18.25,20.25,19.916666666666668
Gambia,2015,12,23.916666666666668,182.25,75.83333333333333,51.833333333333336,50.583333333333336,54.25,55.41666666666666,46.833333333333336,58.0,48.41666666666666,48.5,51.333333333333336,60.25,75.66666666666667,75.33333333333333,70.08333333333333,57.41666666666666,62.083333333333336,61.91666666666666,68.58333333333333,68.58333333333333,67.16666666666667,52.25,59.16666666666666,43.333333333333336,56.083333333333336,50.91666666666666,54.083333333333336,,43.75,44.0,42.91666666666666,9.083333333333334,10.083333333333334,10.416666666666666,11.083333333333334,9.416666666666666
Georgia,2015,16,22.0625,181.1875,74.3125,50.25,51.25,56.125,59.25,47.9375,61.0625,48.0625,46.5,52.9375,61.5625,70.0625,70.4375,65.625,59.0625,65.0,59.0625,59.0625,63.75,63.0625,49.125,53.9375,40.0625,52.75,55.5625,54.875,,41.9375,44.625,42.375,8.25,8.875,9.75,10.5,10.125
Germany,2015,23,24.91304347826087,185.95652173913044,80.43478260869566,65.30434782608695,61.04347826086956,62.0,73.52173913043478,62.130434782608695,68.52173913043478,63.17391304347826,56.34782608695652,66.17391304347827,72.34782608695652,69.26086956521739,70.78260869565217,68.47826086956522,82.21739130434783,63.04347826086956,71.3913043478261,68.91304347826087,70.8695652173913,72.73913043478261,63.130434782608695,62.65217391304348,58.130434782608695,64.3913043478261,66.78260869565217,61.130434782608695,,50.21739130434783,55.56521739130435,54.21739130434783,19.782608695652176,19.565217391304348,18.30434782608696,19.217391304347824,19.0
Ghana,2015,23,24.65217391304348,177.91304347826087,73.73913043478261,63.56521739130435,57.08695652173913,61.56521739130435,71.8695652173913,59.17391304347826,70.47826086956522,59.08695652173913,50.43478260869565,65.30434782608695,73.08695652173913,79.95652173913044,79.69565217391305,76.30434782608695,69.78260869565217,75.56521739130434,71.91304347826087,79.34782608695652,77.26086956521739,70.52173913043478,62.43478260869565,71.73913043478261,58.82608695652174,63.69565217391305,65.52173913043478,56.69565217391305,,51.73913043478261,58.52173913043478,58.04347826086956,9.130434782608695,7.3478260869565215,8.608695652173912,8.26086956521739,8.478260869565217
Gibraltar,2015,1,28.0,183.0,72.0,62.0,24.0,63.0,62.0,23.0,57.0,40.0,42.0,56.0,65.0,77.0,78.0,71.0,59.0,69.0,56.0,74.0,70.0,67.0,39.0,54.0,58.0,41.0,49.0,35.0,,67.0,66.0,66.0,7.0,6.0,6.0,8.0,7.0
Greece,2015,23,26.17391304347826,185.82608695652172,79.52173913043478,56.73913043478261,50.391304347826086,62.69565217391305,61.60869565217392,50.82608695652174,58.78260869565217,55.78260869565217,53.869565217391305,59.26086956521739,63.34782608695652,67.43478260869566,68.0,63.21739130434783,69.78260869565217,59.130434782608695,64.78260869565217,71.1304347826087,66.30434782608695,73.78260869565217,58.391304347826086,64.04347826086956,53.391304347826086,53.17391304347826,55.47826086956522,53.56521739130435,,51.56521739130435,53.30434782608695,51.95652173913044,18.47826086956522,17.08695652173913,17.0,19.0,18.695652173913043
Grenada,2015,2,30.5,183.0,78.0,46.5,54.5,55.0,58.0,55.5,61.5,52.0,55.0,53.5,59.0,71.5,70.5,69.5,62.0,64.0,63.0,67.5,72.5,68.5,54.5,63.0,57.5,56.5,57.0,59.0,,54.5,54.5,58.5,7.0,12.0,7.5,5.5,9.5
Guam,2015,1,26.0,175.0,68.0,58.0,48.0,60.0,63.0,47.0,58.0,60.0,54.0,57.0,63.0,76.0,74.0,76.0,74.0,90.0,52.0,72.0,79.0,70.0,35.0,69.0,72.0,54.0,55.0,51.0,,69.0,66.0,68.0,12.0,8.0,15.0,11.0,10.0
Guatemala,2015,3,27.0,179.33333333333334,75.66666666666667,49.66666666666666,49.0,39.0,50.66666666666666,45.0,57.0,47.66666666666666,54.66666666666666,52.0,55.66666666666666,61.66666666666666,62.66666666666666,63.333333333333336,57.0,61.66666666666666,55.66666666666666,58.66666666666666,57.333333333333336,54.66666666666666,53.0,48.0,34.333333333333336,48.0,52.333333333333336,45.66666666666666,,38.0,37.66666666666666,33.666666666666664,28.666666666666668,29.33333333333333,21.0,27.33333333333333,26.0
Guinea,2015,23,23.30434782608696,181.5217391304348,75.3913043478261,55.73913043478261,53.34782608695652,56.73913043478261,61.43478260869565,50.47826086956522,66.26086956521739,51.60869565217392,45.17391304347826,52.43478260869565,65.47826086956522,73.52173913043478,73.56521739130434,71.69565217391305,61.60869565217392,67.0,66.04347826086956,69.65217391304348,67.47826086956522,66.69565217391305,56.56521739130435,57.78260869565217,44.08695652173913,58.56521739130435,53.95652173913044,54.0,,40.26086956521739,42.91304347826087,42.04347826086956,8.347826086956522,9.173913043478262,10.26086956521739,9.608695652173912,9.521739130434783
Guinea-Bissau,2015,10,23.5,178.4,73.6,51.2,57.6,54.1,58.9,52.0,66.2,51.6,43.1,49.2,66.2,74.6,74.6,71.8,61.0,71.0,65.2,62.4,61.6,59.5,53.3,50.5,32.9,58.9,54.9,57.9,,33.8,33.9,32.4,9.8,10.5,10.7,10.8,10.2
Guyana,2015,1,21.0,186.0,88.0,25.0,25.0,25.0,33.0,25.0,25.0,25.0,25.0,33.0,25.0,50.0,46.0,42.0,59.0,51.0,20.0,57.0,20.0,79.0,25.0,25.0,25.0,25.0,25.0,22.0,,25.0,25.0,25.0,71.0,61.0,66.0,65.0,74.0
Haiti,2015,7,26.857142857142858,177.57142857142858,76.0,49.42857142857143,44.142857142857146,52.0,55.142857142857146,47.57142857142857,54.57142857142857,47.142857142857146,49.57142857142857,51.71428571428572,55.85714285714285,73.71428571428571,72.57142857142857,62.0,66.42857142857143,65.28571428571429,57.0,70.57142857142857,61.57142857142857,63.71428571428572,50.85714285714285,57.85714285714285,53.142857142857146,48.85714285714285,51.0,47.85714285714285,,55.285714285714285,53.57142857142857,52.142857142857146,17.285714285714285,19.0,17.571428571428573,17.285714285714285,17.571428571428573
Honduras,2015,18,27.22222222222222,178.83333333333334,74.22222222222223,57.27777777777778,47.388888888888886,60.833333333333336,65.77777777777777,49.833333333333336,63.66666666666666,53.388888888888886,53.94444444444444,58.61111111111112,66.27777777777777,70.0,69.66666666666667,69.72222222222223,65.22222222222223,69.38888888888889,66.77777777777777,70.16666666666667,70.05555555555556,68.44444444444444,50.72222222222222,69.16666666666667,59.833333333333336,56.72222222222222,55.888888888888886,57.388888888888886,,60.22222222222222,59.55555555555556,57.11111111111112,9.27777777777778,10.055555555555555,10.444444444444445,10.22222222222222,10.38888888888889
Hungary,2015,23,25.608695652173918,183.4782608695652,77.65217391304348,53.30434782608695,52.0,54.91304347826087,57.91304347826087,47.869565217391305,53.69565217391305,46.60869565217392,48.47826086956522,53.69565217391305,58.73913043478261,65.6086956521739,66.17391304347827,61.52173913043478,65.0,59.30434782608695,56.60869565217392,65.52173913043478,62.34782608695652,65.8695652173913,52.34782608695652,55.65217391304348,47.43478260869565,52.60869565217392,50.82608695652174,53.43478260869565,,46.78260869565217,46.17391304347826,44.65217391304348,17.652173913043477,16.652173913043477,17.26086956521739,18.08695652173913,17.0
Iceland,2015,23,26.130434782608692,183.30434782608697,77.73913043478261,54.34782608695652,59.08695652173913,63.130434782608695,63.43478260869565,57.04347826086956,60.21739130434783,57.26086956521739,53.56521739130435,57.65217391304348,65.78260869565217,68.82608695652173,69.91304347826087,66.30434782608695,66.52173913043478,66.08695652173913,69.08695652173913,67.65217391304348,75.04347826086956,73.0,62.56521739130435,66.6086956521739,50.52173913043478,61.82608695652174,58.869565217391305,59.34782608695652,,45.21739130434783,50.30434782608695,48.21739130434783,8.521739130434783,8.695652173913043,9.956521739130435,10.217391304347826,10.826086956521738
India,2015,23,25.52173913043478,177.17391304347825,71.91304347826087,39.56521739130435,41.04347826086956,47.95652173913044,47.73913043478261,37.869565217391305,45.65217391304348,40.78260869565217,40.56521739130435,37.47826086956522,49.869565217391305,68.34782608695652,66.78260869565217,63.60869565217392,50.69565217391305,66.30434782608695,47.869565217391305,58.95652173913044,56.17391304347826,55.04347826086956,43.26086956521739,43.52173913043478,39.73913043478261,43.65217391304348,43.08695652173913,46.95652173913044,,37.91304347826087,41.43478260869565,39.82608695652174,16.043478260869566,14.695652173913045,15.73913043478261,15.130434782608695,17.347826086956523
Indonesia,2015,1,21.0,175.0,70.0,42.0,24.0,38.0,51.0,22.0,52.0,55.0,46.0,46.0,58.0,76.0,78.0,78.0,58.0,79.0,38.0,69.0,68.0,54.0,39.0,70.0,61.0,53.0,55.0,44.0,,47.0,65.0,63.0,10.0,7.0,9.0,14.0,5.0
Iran,2015,6,25.83333333333333,183.66666666666663,76.33333333333333,45.333333333333336,44.833333333333336,48.16666666666666,51.16666666666666,43.833333333333336,52.333333333333336,49.833333333333336,48.333333333333336,46.833333333333336,55.333333333333336,61.833333333333336,61.333333333333336,60.333333333333336,64.16666666666667,59.0,59.0,67.66666666666667,52.5,65.5,47.16666666666666,51.0,43.833333333333336,50.0,50.833333333333336,42.16666666666666,,39.833333333333336,42.5,41.333333333333336,27.0,26.0,25.666666666666668,28.5,30.166666666666668
Iraq,2015,5,23.6,181.4,74.6,56.4,53.0,48.8,62.0,55.6,67.0,62.2,57.2,54.6,66.0,73.4,72.8,76.6,65.6,71.0,68.4,69.4,75.0,64.6,59.6,61.0,50.8,58.8,60.4,56.0,,51.4,53.4,53.6,11.4,10.6,9.6,9.0,11.4
Israel,2015,20,24.85,179.75,74.45,52.65,53.15,57.75,63.2,50.3,62.65,54.0,51.7,55.85,67.15,68.55,65.75,69.15,62.55,69.55,61.05,65.1,64.65,62.4,51.2,58.3,47.25,56.85,57.0,56.95,,43.8,47.6,44.85,10.3,9.15,9.6,11.2,8.9
Italy,2015,23,26.043478260869566,181.95652173913044,75.26086956521739,59.78260869565217,54.30434782608695,61.52173913043478,67.69565217391305,57.69565217391305,64.8695652173913,62.08695652173913,51.95652173913044,61.60869565217392,69.73913043478261,72.21739130434783,72.52173913043478,72.08695652173913,75.3913043478261,67.78260869565217,68.47826086956522,72.0,71.08695652173913,68.08695652173913,58.56521739130435,67.3913043478261,56.82608695652174,62.0,62.52173913043478,56.52173913043478,,52.04347826086956,56.30434782608695,55.73913043478261,16.47826086956522,15.478260869565217,15.956521739130435,17.0,16.304347826086957
Ivory Coast,2015,23,26.73913043478261,180.8695652173913,76.91304347826087,55.26086956521739,54.130434782608695,61.73913043478261,65.1304347826087,52.17391304347826,63.0,55.08695652173913,48.130434782608695,57.91304347826087,66.30434782608695,74.56521739130434,75.04347826086956,68.47826086956522,70.56521739130434,67.17391304347827,63.91304347826087,71.91304347826087,73.47826086956522,72.65217391304348,55.08695652173913,63.34782608695652,53.17391304347826,57.56521739130435,57.869565217391305,53.869565217391305,,50.04347826086956,52.52173913043478,50.60869565217392,16.82608695652174,15.73913043478261,16.652173913043477,17.347826086956523,17.73913043478261
Jamaica,2015,23,29.17391304347826,180.91304347826087,76.91304347826087,55.56521739130435,51.21739130434783,57.34782608695652,59.73913043478261,47.0,62.130434782608695,52.65217391304348,43.78260869565217,50.26086956521739,62.17391304347826,74.95652173913044,75.91304347826087,69.91304347826087,64.04347826086956,65.65217391304348,62.91304347826087,70.26086956521739,69.8695652173913,70.65217391304348,51.91304347826087,62.26086956521739,46.869565217391305,56.47826086956522,54.60869565217392,53.21739130434783,,45.26086956521739,45.91304347826087,42.82608695652174,12.652173913043478,11.652173913043478,12.304347826086955,12.826086956521738,12.130434782608695
Japan,2015,23,25.43478260869565,178.04347826086956,71.3913043478261,61.0,57.91304347826087,55.17391304347826,69.17391304347827,57.26086956521739,69.91304347826087,62.47826086956522,53.0,60.130434782608695,71.8695652173913,76.8695652173913,74.73913043478261,80.30434782608695,71.91304347826087,74.69565217391305,65.0,70.8695652173913,71.26086956521739,56.130434782608695,55.391304347826086,47.21739130434783,46.52173913043478,65.3913043478261,65.0,53.869565217391305,,40.82608695652174,44.60869565217392,43.30434782608695,12.652173913043478,12.173913043478262,12.043478260869565,12.0,12.565217391304348
Jordan,2015,11,25.727272727272727,178.1818181818182,73.45454545454545,45.18181818181818,45.09090909090909,49.54545454545455,55.18181818181818,37.72727272727273,51.63636363636363,40.18181818181818,39.09090909090909,52.18181818181818,52.27272727272727,66.27272727272727,64.27272727272727,64.36363636363636,54.09090909090909,62.09090909090909,58.81818181818182,62.45454545454545,70.72727272727273,69.9090909090909,43.36363636363637,57.72727272727273,49.27272727272727,48.72727272727273,49.72727272727273,48.90909090909091,,48.45454545454545,52.90909090909091,51.45454545454545,9.0,9.545454545454543,10.363636363636363,10.181818181818182,10.818181818181818
Kazakhstan,2015,3,25.0,180.0,79.66666666666667,56.333333333333336,49.0,54.66666666666666,56.0,52.0,58.333333333333336,51.66666666666666,51.0,51.333333333333336,65.33333333333333,69.0,67.0,69.0,59.333333333333336,73.66666666666667,63.0,68.0,82.33333333333333,72.0,55.333333333333336,68.66666666666667,51.66666666666666,56.0,56.0,46.333333333333336,,51.0,52.0,54.333333333333336,9.0,10.0,8.333333333333334,10.666666666666666,10.0
Kenya,2015,6,25.5,183.33333333333331,80.0,50.16666666666666,47.16666666666666,55.5,53.66666666666666,44.16666666666666,52.16666666666666,45.0,38.66666666666666,49.333333333333336,54.0,69.0,69.16666666666667,60.66666666666666,61.16666666666666,58.66666666666666,54.0,71.33333333333333,64.0,71.66666666666667,48.66666666666666,58.66666666666666,42.16666666666666,48.0,45.833333333333336,44.333333333333336,,45.0,45.333333333333336,44.833333333333336,18.83333333333333,18.83333333333333,16.5,20.5,19.33333333333333
Kosovo,2015,7,25.714285714285715,183.57142857142856,79.0,51.142857142857146,55.85714285714285,59.42857142857143,59.142857142857146,52.71428571428572,60.85714285714285,53.142857142857146,48.0,50.85714285714285,63.142857142857146,66.0,69.42857142857143,64.85714285714286,63.85714285714285,65.42857142857143,68.42857142857143,66.85714285714286,62.71428571428572,69.28571428571429,48.85714285714285,61.71428571428572,39.0,58.0,50.285714285714285,54.85714285714285,,41.285714285714285,40.85714285714285,38.142857142857146,10.571428571428571,9.285714285714286,9.571428571428571,11.0,10.142857142857142
Kuwait,2015,1,30.0,180.0,72.0,59.0,35.0,70.0,64.0,56.0,47.0,73.0,77.0,65.0,50.0,68.0,67.0,45.0,60.0,67.0,76.0,79.0,65.0,78.0,57.0,75.0,63.0,25.0,50.0,62.0,,59.0,64.0,63.0,6.0,13.0,14.0,8.0,13.0
Kyrgyzstan,2015,1,27.0,194.0,90.0,25.0,25.0,25.0,34.0,25.0,25.0,25.0,25.0,31.0,28.0,46.0,48.0,35.0,63.0,34.0,22.0,68.0,20.0,71.0,25.0,32.0,25.0,25.0,25.0,25.0,,25.0,25.0,25.0,64.0,58.0,65.0,65.0,61.0
Latvia,2015,11,26.454545454545453,184.0909090909091,77.0909090909091,44.36363636363637,54.09090909090909,51.81818181818182,50.0,47.36363636363637,55.45454545454545,44.72727272727273,44.36363636363637,44.54545454545455,53.90909090909091,63.36363636363637,64.72727272727273,58.72727272727273,56.36363636363637,61.81818181818182,59.45454545454545,66.36363636363636,54.72727272727273,59.72727272727273,49.36363636363637,42.81818181818182,32.09090909090909,49.54545454545455,46.27272727272727,52.63636363636363,,30.90909090909091,34.27272727272727,30.454545454545453,20.818181818181817,20.181818181818183,19.545454545454547,19.272727272727277,22.363636363636363
Lebanon,2015,3,25.0,187.33333333333331,83.33333333333333,39.0,39.66666666666666,47.333333333333336,51.333333333333336,37.0,40.66666666666666,39.66666666666666,35.0,45.0,43.66666666666666,57.333333333333336,61.0,55.333333333333336,60.0,53.0,55.66666666666666,66.33333333333333,51.66666666666666,67.33333333333333,43.0,44.0,39.66666666666666,38.66666666666666,38.0,44.66666666666666,,36.66666666666666,40.333333333333336,37.0,27.0,26.0,23.33333333333333,25.0,28.0
Liberia,2015,5,24.6,180.0,72.6,49.6,59.6,55.6,63.0,62.8,69.8,58.2,43.0,51.6,68.6,74.2,74.6,72.2,61.2,67.6,69.8,75.2,66.2,66.0,64.4,59.0,39.4,64.2,62.0,58.2,,32.6,37.4,38.8,9.6,9.2,10.4,8.4,13.0
Libya,2015,3,24.0,175.66666666666666,73.0,55.333333333333336,52.0,43.333333333333336,60.333333333333336,47.333333333333336,60.0,49.333333333333336,48.0,53.66666666666666,61.0,79.66666666666667,78.0,83.66666666666667,50.333333333333336,79.33333333333333,57.66666666666666,70.33333333333333,74.33333333333333,56.66666666666666,48.0,45.66666666666666,32.0,56.66666666666666,57.333333333333336,61.66666666666666,,24.666666666666668,31.33333333333333,34.0,11.0,11.0,9.666666666666666,9.666666666666666,12.0
Liechtenstein,2015,8,25.375,182.125,76.25,41.0,36.5,44.25,48.0,34.625,44.625,38.125,39.375,46.5,48.25,51.375,52.75,55.125,55.125,57.125,45.75,56.375,54.375,55.875,38.0,49.75,48.0,40.375,44.625,45.125,,45.625,50.0,47.5,22.375,23.125,19.625,23.125,24.75
Lithuania,2015,16,25.5,185.875,79.25,40.0625,42.8125,50.1875,49.4375,39.25,46.875,41.125,40.4375,43.125,49.9375,56.0625,56.625,53.5625,56.9375,55.8125,50.1875,64.6875,53.875,67.875,42.375,48.75,40.25,42.0625,41.5625,46.625,,40.0,40.8125,40.0625,23.8125,21.5,21.0,22.5625,23.6875
Luxembourg,2015,5,23.2,182.4,77.8,44.0,33.4,61.2,58.8,36.6,44.4,38.0,48.4,55.8,57.8,61.0,61.6,54.4,57.8,63.0,59.6,67.6,69.6,70.6,42.6,59.2,58.0,40.2,45.6,48.8,,54.0,60.2,55.8,10.4,9.4,10.2,9.8,9.0
Madagascar,2015,3,25.0,182.33333333333331,71.66666666666667,60.0,48.66666666666666,54.333333333333336,59.0,44.66666666666666,58.333333333333336,52.66666666666666,47.333333333333336,45.0,59.66666666666666,79.0,79.0,69.66666666666667,62.333333333333336,68.66666666666667,43.66666666666666,65.33333333333333,72.66666666666667,54.333333333333336,39.333333333333336,52.333333333333336,51.0,57.66666666666666,48.66666666666666,44.66666666666666,,42.333333333333336,50.333333333333336,48.0,12.0,7.666666666666667,12.666666666666666,10.666666666666666,10.0
Mali,2015,23,27.08695652173913,183.8695652173913,78.04347826086956,56.69565217391305,53.130434782608695,62.69565217391305,67.0,48.130434782608695,62.47826086956522,52.95652173913044,46.130434782608695,62.73913043478261,67.3913043478261,69.26086956521739,70.95652173913044,66.65217391304348,70.08695652173913,63.47826086956522,65.82608695652173,65.91304347826087,72.8695652173913,77.78260869565217,58.34782608695652,67.95652173913044,57.78260869565217,55.43478260869565,59.65217391304348,54.47826086956522,,54.17391304347826,57.73913043478261,54.78260869565217,12.08695652173913,12.695652173913045,12.521739130434783,11.478260869565217,12.608695652173912
Malta,2015,4,33.0,177.25,74.0,54.75,47.0,48.0,55.5,47.75,57.25,52.5,52.5,54.75,56.25,50.75,54.5,55.0,58.0,65.75,53.75,59.25,65.25,65.5,47.25,59.0,49.5,54.25,51.25,53.25,,42.75,44.25,42.0,11.25,8.25,10.75,9.75,11.25
Mauritania,2015,3,20.33333333333333,184.66666666666663,76.66666666666667,50.0,47.333333333333336,57.0,60.0,40.333333333333336,56.0,37.0,37.66666666666666,48.0,58.66666666666666,67.66666666666667,71.33333333333333,63.333333333333336,60.333333333333336,50.66666666666666,49.66666666666666,66.0,63.66666666666666,71.33333333333333,42.66666666666666,50.333333333333336,47.66666666666666,46.333333333333336,48.0,56.333333333333336,,48.333333333333336,47.0,47.333333333333336,8.333333333333334,10.666666666666666,11.333333333333334,9.0,10.333333333333334
Mexico,2015,23,26.39130434782609,178.47826086956522,74.08695652173913,56.43478260869565,48.91304347826087,58.73913043478261,63.08695652173913,50.52173913043478,59.47826086956522,54.26086956521739,50.78260869565217,59.60869565217392,62.60869565217392,71.73913043478261,71.95652173913044,70.78260869565217,70.78260869565217,67.73913043478261,63.69565217391305,71.73913043478261,70.65217391304348,70.52173913043478,58.21739130434783,63.47826086956522,54.65217391304348,53.78260869565217,55.26086956521739,56.26086956521739,,50.82608695652174,54.56521739130435,53.56521739130435,17.956521739130434,18.217391304347824,17.17391304347826,18.26086956521739,18.695652173913043
Moldova,2015,7,27.285714285714285,185.7142857142857,77.57142857142857,45.285714285714285,42.71428571428572,58.0,57.42857142857143,36.142857142857146,49.142857142857146,47.142857142857146,48.85714285714285,54.85714285714285,58.0,61.85714285714285,60.85714285714285,61.285714285714285,60.0,55.142857142857146,56.42857142857143,56.71428571428572,58.71428571428572,69.28571428571429,47.57142857142857,62.0,50.285714285714285,48.85714285714285,46.42857142857143,46.42857142857143,,46.57142857142857,49.142857142857146,47.285714285714285,16.285714285714285,18.0,18.428571428571427,14.714285714285714,17.285714285714285
Montenegro,2015,19,24.57894736842105,185.1578947368421,78.94736842105263,47.36842105263158,46.89473684210526,62.26315789473684,57.73684210526316,43.63157894736842,53.78947368421053,44.0,39.47368421052632,52.578947368421055,59.26315789473684,64.21052631578948,67.26315789473684,59.10526315789474,61.31578947368421,55.10526315789474,56.47368421052632,64.52631578947368,64.63157894736842,72.10526315789474,49.36842105263158,56.94736842105263,49.526315789473685,50.26315789473684,51.21052631578947,51.36842105263158,,48.89473684210526,50.73684210526316,50.89473684210526,9.36842105263158,11.052631578947368,10.736842105263158,9.842105263157896,9.526315789473683
Montserrat,2015,1,27.0,183.0,85.0,48.0,33.0,58.0,57.0,37.0,52.0,53.0,36.0,54.0,57.0,67.0,67.0,48.0,56.0,56.0,55.0,70.0,74.0,81.0,38.0,80.0,57.0,51.0,47.0,38.0,,62.0,60.0,66.0,15.0,7.0,14.0,7.0,8.0
Morocco,2015,23,26.30434782608696,179.52173913043478,74.34782608695652,65.56521739130434,61.17391304347826,55.0,72.0,60.17391304347826,73.6086956521739,64.0,59.73913043478261,65.91304347826087,76.43478260869566,74.91304347826087,73.78260869565217,77.08695652173913,70.82608695652173,70.04347826086956,68.65217391304348,65.65217391304348,70.21739130434783,64.08695652173913,63.73913043478261,59.130434782608695,47.73913043478261,63.82608695652174,65.6086956521739,61.43478260869565,,41.34782608695652,46.869565217391305,43.52173913043478,7.565217391304348,9.26086956521739,9.521739130434783,8.869565217391305,8.652173913043478
Mozambique,2015,5,25.2,176.8,74.8,50.8,47.8,62.4,60.6,51.8,64.2,56.2,46.2,53.4,65.8,72.4,70.2,71.0,68.4,70.2,60.4,78.0,71.4,70.6,57.0,65.6,57.6,53.0,54.2,51.2,,53.8,59.0,55.6,9.0,9.8,10.2,9.0,10.4
Netherlands,2015,23,26.130434782608692,181.8695652173913,77.0,60.69565217391305,54.95652173913044,60.56521739130435,71.56521739130434,58.17391304347826,67.26086956521739,59.34782608695652,55.47826086956522,64.91304347826087,71.26086956521739,69.69565217391305,69.43478260869566,69.91304347826087,78.52173913043478,67.43478260869566,69.0,69.95652173913044,73.82608695652173,72.21739130434783,60.17391304347826,63.65217391304348,56.26086956521739,61.47826086956522,63.47826086956522,61.78260869565217,,51.65217391304348,56.52173913043478,52.47826086956522,18.565217391304348,18.130434782608692,17.130434782608695,19.17391304347826,18.26086956521739
New Caledonia,2015,3,25.0,179.66666666666666,77.0,42.0,46.66666666666666,56.66666666666666,54.66666666666666,40.66666666666666,48.66666666666666,46.333333333333336,37.0,42.66666666666666,65.66666666666667,75.33333333333333,73.33333333333333,72.66666666666667,56.0,67.0,56.0,69.33333333333333,68.66666666666667,64.66666666666667,49.0,60.333333333333336,42.333333333333336,46.0,50.333333333333336,52.66666666666666,,43.333333333333336,43.333333333333336,45.66666666666666,10.0,7.666666666666667,7.333333333333333,12.333333333333334,10.666666666666666
New Zealand,2015,23,24.26086956521739,180.56521739130437,77.21739130434783,45.04347826086956,48.04347826086956,48.21739130434783,52.56521739130435,41.60869565217392,51.95652173913044,47.26086956521739,40.17391304347826,45.52173913043478,53.52173913043478,68.17391304347827,69.30434782608695,61.26086956521739,58.391304347826086,63.30434782608695,51.43478260869565,64.30434782608695,63.21739130434783,62.56521739130435,46.69565217391305,50.91304347826087,40.08695652173913,50.17391304347826,48.43478260869565,47.47826086956522,,38.43478260869565,40.91304347826087,37.30434782608695,15.652173913043478,16.130434782608695,17.217391304347824,15.130434782608695,16.869565217391305
Niger,2015,2,22.5,183.0,77.5,43.0,62.0,66.0,50.5,52.5,55.0,44.0,38.0,36.0,53.5,78.0,78.0,68.0,63.5,61.5,65.0,72.0,66.0,70.5,56.0,55.5,23.0,61.0,46.5,66.5,,25.0,25.5,24.5,10.5,10.0,10.0,9.5,13.0
Nigeria,2015,23,26.347826086956523,179.69565217391303,78.91304347826087,59.17391304347826,61.91304347826087,61.52173913043478,66.0,62.73913043478261,69.21739130434783,54.82608695652174,55.47826086956522,54.34782608695652,68.34782608695652,77.43478260869566,78.73913043478261,73.1304347826087,70.8695652173913,66.91304347826087,73.6086956521739,76.30434782608695,73.34782608695652,73.0,64.6086956521739,60.17391304347826,44.08695652173913,66.56521739130434,59.91304347826087,62.17391304347826,,38.0,41.95652173913044,39.47826086956522,16.130434782608695,15.391304347826088,16.347826086956523,17.391304347826086,16.043478260869566
North Korea,2015,2,25.5,184.5,81.5,45.5,63.0,68.5,64.5,56.5,64.5,50.5,55.0,54.0,66.0,70.0,75.5,67.5,66.0,61.5,70.0,86.0,76.0,83.5,64.0,62.0,37.0,59.0,59.5,62.0,,37.0,42.0,35.0,10.0,10.5,11.0,8.5,12.0
North Macedonia,2015,23,25.217391304347824,183.82608695652172,77.91304347826087,47.26086956521739,46.60869565217392,53.60869565217392,54.69565217391305,44.82608695652174,51.73913043478261,47.130434782608695,46.04347826086956,47.73913043478261,55.08695652173913,63.130434782608695,63.21739130434783,60.21739130434783,62.60869565217392,60.391304347826086,54.69565217391305,62.91304347826087,59.65217391304348,67.6086956521739,45.73913043478261,54.0,43.43478260869565,48.91304347826087,49.30434782608695,49.08695652173913,,42.95652173913044,44.04347826086956,42.82608695652174,17.26086956521739,16.82608695652174,15.434782608695652,17.08695652173913,18.26086956521739
Northern Ireland,2015,23,27.565217391304348,180.82608695652172,76.34782608695652,52.0,46.0,58.78260869565217,60.56521739130435,47.0,54.65217391304348,45.21739130434783,47.78260869565217,54.391304347826086,60.56521739130435,61.04347826086956,63.04347826086956,61.08695652173913,64.69565217391305,66.8695652173913,57.82608695652174,68.56521739130434,67.82608695652173,66.1304347826087,48.26086956521739,61.95652173913044,52.43478260869565,47.56521739130435,51.82608695652174,49.91304347826087,,52.34782608695652,55.0,52.21739130434783,16.782608695652176,17.08695652173913,16.52173913043478,17.73913043478261,17.17391304347826
Norway,2015,23,24.65217391304348,182.65217391304347,77.26086956521739,56.43478260869565,50.17391304347826,56.0,62.21739130434783,54.0,59.30434782608695,55.17391304347826,52.34782608695652,55.65217391304348,62.95652173913044,68.65217391304348,69.95652173913044,67.69565217391305,68.69565217391305,66.6086956521739,66.78260869565217,69.56521739130434,68.65217391304348,68.56521739130434,57.60869565217392,58.82608695652174,52.82608695652174,57.04347826086956,56.52173913043478,50.30434782608695,,49.869565217391305,50.391304347826086,46.82608695652174,17.869565217391305,17.608695652173914,18.130434782608692,17.47826086956522,18.0
Oman,2015,1,32.0,194.0,79.0,25.0,25.0,25.0,35.0,25.0,25.0,25.0,25.0,25.0,31.0,41.0,59.0,61.0,74.0,53.0,24.0,74.0,44.0,64.0,25.0,39.0,21.0,25.0,25.0,40.0,,25.0,25.0,25.0,76.0,70.0,65.0,75.0,78.0
Palestine,2015,3,29.0,179.0,71.0,61.0,55.0,49.66666666666666,58.66666666666666,61.0,64.33333333333333,58.0,43.66666666666666,46.0,63.0,73.66666666666667,70.33333333333333,70.0,57.0,73.0,63.0,67.66666666666667,68.33333333333333,64.66666666666667,58.66666666666666,43.0,42.66666666666666,59.333333333333336,52.333333333333336,43.66666666666666,,31.33333333333333,38.66666666666666,39.66666666666666,10.666666666666666,10.333333333333334,10.666666666666666,10.333333333333334,12.0
Panama,2015,12,27.666666666666668,178.33333333333334,73.25,49.583333333333336,42.25,52.66666666666666,54.16666666666666,45.333333333333336,55.41666666666666,44.66666666666666,39.66666666666666,50.0,56.66666666666666,68.58333333333333,69.66666666666667,63.16666666666666,59.66666666666666,65.58333333333333,52.75,68.0,61.5,63.25,46.16666666666666,63.41666666666666,50.5,49.75,48.5,46.25,,48.66666666666666,51.333333333333336,53.0,13.583333333333334,14.583333333333334,13.916666666666666,14.166666666666666,15.5
Paraguay,2015,23,30.608695652173918,181.1304347826087,76.6086956521739,55.60869565217392,52.17391304347826,60.69565217391305,62.56521739130435,52.91304347826087,57.30434782608695,54.34782608695652,52.391304347826086,56.73913043478261,61.17391304347826,63.52173913043478,63.56521739130435,63.82608695652174,68.8695652173913,59.95652173913044,65.34782608695652,65.73913043478261,65.3913043478261,69.21739130434783,57.26086956521739,62.08695652173913,50.69565217391305,53.78260869565217,56.91304347826087,56.82608695652174,,49.17391304347826,49.26086956521739,49.0,18.347826086956523,17.652173913043477,17.695652173913043,18.65217391304348,17.17391304347826
Peru,2015,23,27.608695652173918,178.6086956521739,74.47826086956522,56.30434782608695,48.34782608695652,57.65217391304348,61.08695652173913,48.52173913043478,61.04347826086956,52.73913043478261,47.26086956521739,57.47826086956522,63.43478260869565,68.69565217391305,69.34782608695652,68.78260869565217,65.26086956521739,68.3913043478261,60.65217391304348,66.56521739130434,63.21739130434783,65.30434782608695,55.95652173913044,59.69565217391305,51.78260869565217,51.95652173913044,52.91304347826087,53.391304347826086,,49.95652173913044,51.30434782608695,48.82608695652174,18.217391304347824,17.91304347826087,16.304347826086957,17.91304347826087,17.52173913043478
Philippines,2015,4,26.25,172.25,68.25,53.5,50.75,47.5,61.0,47.75,60.25,53.25,49.0,55.0,64.0,70.5,62.75,80.5,59.0,83.25,58.25,70.5,65.75,51.75,45.0,56.0,44.0,57.25,53.75,47.75,,44.25,51.25,51.5,12.75,10.25,11.25,8.0,12.25
Poland,2015,23,26.130434782608692,184.6086956521739,77.52173913043478,57.26086956521739,49.04347826086956,57.130434782608695,60.21739130434783,47.78260869565217,56.43478260869565,52.52173913043478,48.52173913043478,57.17391304347826,60.0,67.3913043478261,66.47826086956522,65.26086956521739,68.47826086956522,62.65217391304348,61.56521739130435,68.56521739130434,67.17391304347827,68.91304347826087,52.60869565217392,60.08695652173913,52.52173913043478,54.52173913043478,55.21739130434783,53.130434782608695,,46.82608695652174,48.391304347826086,46.08695652173913,20.65217391304348,18.47826086956522,17.565217391304348,18.130434782608692,20.217391304347824
Portugal,2015,23,26.39130434782609,181.08695652173915,75.52173913043478,61.21739130434783,55.52173913043478,63.04347826086956,67.8695652173913,53.56521739130435,65.6086956521739,64.04347826086956,54.78260869565217,63.47826086956522,68.26086956521739,70.56521739130434,70.34782608695652,70.91304347826087,76.04347826086956,66.78260869565217,69.95652173913044,72.8695652173913,71.26086956521739,71.69565217391305,62.17391304347826,69.52173913043478,58.82608695652174,59.82608695652174,62.08695652173913,60.60869565217392,,54.21739130434783,58.869565217391305,56.26086956521739,19.217391304347824,18.47826086956522,18.043478260869566,18.52173913043478,19.82608695652174
Republic of Ireland,2015,23,28.217391304347824,181.69565217391303,78.34782608695652,60.130434782608695,55.0,60.47826086956522,64.56521739130434,55.47826086956522,62.130434782608695,54.82608695652174,53.04347826086956,58.73913043478261,64.8695652173913,62.60869565217392,63.69565217391305,67.1304347826087,71.34782608695652,64.82608695652173,62.47826086956522,67.52173913043478,70.30434782608695,71.0,56.60869565217392,66.8695652173913,53.78260869565217,58.34782608695652,60.52173913043478,58.47826086956522,,52.08695652173913,54.0,50.52173913043478,17.782608695652176,17.869565217391305,18.08695652173913,18.52173913043478,18.73913043478261
Romania,2015,23,27.17391304347826,182.7391304347826,76.95652173913044,51.65217391304348,49.78260869565217,57.78260869565217,62.47826086956522,47.60869565217392,55.130434782608695,54.26086956521739,51.43478260869565,57.08695652173913,61.56521739130435,66.78260869565217,67.0,66.30434782608695,69.0,63.869565217391305,63.0,65.82608695652173,67.26086956521739,70.65217391304348,55.82608695652174,57.30434782608695,48.869565217391305,49.869565217391305,51.60869565217392,52.56521739130435,,49.869565217391305,52.391304347826086,51.47826086956522,17.52173913043478,18.130434782608692,18.73913043478261,18.565217391304348,17.869565217391305
Russia,2015,23,26.39130434782609,182.6086956521739,77.95652173913044,61.73913043478261,54.82608695652174,60.21739130434783,66.26086956521739,51.52173913043478,61.65217391304348,54.91304347826087,55.95652173913044,62.30434782608695,63.82608695652174,70.17391304347827,67.95652173913044,66.34782608695652,73.26086956521739,62.47826086956522,63.56521739130435,71.43478260869566,68.65217391304348,69.52173913043478,60.43478260869565,61.17391304347826,55.391304347826086,59.08695652173913,61.65217391304348,58.130434782608695,,52.21739130434783,53.56521739130435,51.69565217391305,18.608695652173918,18.17391304347826,19.82608695652174,18.782608695652176,18.608695652173918
Saint Kitts and Nevis,2015,2,25.5,183.5,72.0,46.5,58.5,59.5,53.5,59.5,62.5,57.0,43.5,43.5,64.5,78.0,78.0,72.5,62.0,63.0,67.5,61.0,65.5,73.5,57.0,61.5,41.5,61.0,60.5,57.5,,35.5,37.0,35.0,9.5,9.5,8.5,11.0,6.5
Saint Lucia,2015,1,20.0,183.0,75.0,25.0,22.0,62.0,37.0,36.0,32.0,23.0,23.0,31.0,32.0,72.0,88.0,57.0,48.0,44.0,49.0,70.0,53.0,65.0,26.0,69.0,60.0,25.0,20.0,45.0,,58.0,64.0,66.0,12.0,11.0,5.0,15.0,13.0
Saudi Arabia,2015,23,27.47826086956522,175.52173913043478,68.78260869565217,56.04347826086956,56.52173913043478,56.56521739130435,63.56521739130435,53.08695652173913,62.130434782608695,54.47826086956522,50.52173913043478,58.0,64.73913043478261,70.52173913043478,71.8695652173913,71.56521739130434,65.82608695652173,70.73913043478261,63.60869565217392,67.73913043478261,71.08695652173913,67.26086956521739,60.04347826086956,59.08695652173913,44.60869565217392,60.130434782608695,59.56521739130435,58.391304347826086,,40.56521739130435,42.21739130434783,41.0,15.26086956521739,15.608695652173912,14.608695652173912,16.26086956521739,14.565217391304348
Scotland,2015,23,27.82608695652174,182.0434782608696,75.47826086956522,60.08695652173913,52.60869565217392,58.34782608695652,65.04347826086956,49.47826086956522,61.130434782608695,54.82608695652174,49.869565217391305,61.26086956521739,65.08695652173913,65.26086956521739,65.21739130434783,68.91304347826087,69.08695652173913,63.91304347826087,61.17391304347826,66.43478260869566,69.8695652173913,70.26086956521739,55.391304347826086,66.43478260869566,54.34782608695652,57.52173913043478,59.91304347826087,56.0,,52.21739130434783,55.0,51.95652173913044,17.47826086956522,17.652173913043477,18.08695652173913,18.217391304347824,18.565217391304348
Senegal,2015,23,26.52173913043478,183.91304347826087,79.26086956521739,58.869565217391305,57.91304347826087,73.0,69.21739130434783,58.130434782608695,67.6086956521739,57.78260869565217,53.21739130434783,59.95652173913044,71.17391304347827,73.17391304347827,76.1304347826087,70.21739130434783,72.30434782608695,61.65217391304348,75.0,76.56521739130434,75.1304347826087,79.0,63.73913043478261,71.56521739130434,54.08695652173913,63.56521739130435,61.65217391304348,60.130434782608695,,50.21739130434783,55.47826086956522,52.43478260869565,9.608695652173912,8.73913043478261,10.826086956521738,9.08695652173913,10.130434782608695
Serbia,2015,23,25.39130434782609,184.56521739130437,78.82608695652173,60.130434782608695,54.69565217391305,66.3913043478261,70.04347826086956,56.73913043478261,63.91304347826087,59.130434782608695,56.78260869565217,64.3913043478261,71.17391304347827,68.52173913043478,70.78260869565217,64.73913043478261,75.08695652173913,62.56521739130435,67.82608695652173,72.34782608695652,72.30434782608695,73.52173913043478,59.95652173913044,67.1304347826087,60.56521739130435,58.52173913043478,62.47826086956522,59.52173913043478,,55.69565217391305,60.82608695652174,57.91304347826087,12.434782608695652,12.347826086956522,11.91304347826087,12.869565217391305,13.304347826086955
Sierra Leone,2015,8,23.375,177.375,74.625,48.125,49.875,58.0,57.0,51.25,60.0,46.875,38.75,51.5,61.625,75.25,74.0,70.25,61.0,70.625,62.125,68.5,71.0,68.75,50.875,62.25,52.875,52.125,51.75,47.0,,50.5,49.375,48.625,10.0,9.875,10.625,9.5,9.375
Slovakia,2015,23,28.565217391304348,185.82608695652172,80.65217391304348,49.73913043478261,49.91304347826087,59.82608695652174,57.47826086956522,50.95652173913044,56.43478260869565,45.91304347826087,44.69565217391305,50.69565217391305,57.73913043478261,59.130434782608695,61.82608695652174,58.08695652173913,67.08695652173913,52.52173913043478,59.65217391304348,66.78260869565217,62.30434782608695,69.69565217391305,52.30434782608695,55.56521739130435,44.60869565217392,51.869565217391305,49.91304347826087,51.391304347826086,,45.26086956521739,45.26086956521739,44.52173913043478,22.65217391304348,20.65217391304348,21.26086956521739,22.43478260869565,23.217391304347824
Slovenia,2015,23,26.782608695652176,185.30434782608697,79.08695652173913,53.0,46.91304347826087,54.04347826086956,59.91304347826087,47.56521739130435,54.47826086956522,50.60869565217392,49.95652173913044,55.34782608695652,62.08695652173913,65.1304347826087,67.0,62.47826086956522,65.43478260869566,59.0,58.56521739130435,67.95652173913044,63.391304347826086,69.95652173913044,50.26086956521739,58.47826086956522,50.69565217391305,52.65217391304348,53.91304347826087,51.65217391304348,,47.391304347826086,50.60869565217392,48.56521739130435,18.608695652173918,18.39130434782609,16.08695652173913,18.39130434782609,18.608695652173918
South Africa,2015,23,23.956521739130437,175.30434782608697,71.30434782608695,52.82608695652174,48.34782608695652,47.82608695652174,61.130434782608695,45.34782608695652,60.26086956521739,49.56521739130435,43.60869565217392,57.56521739130435,61.30434782608695,72.56521739130434,72.0,67.43478260869566,62.65217391304348,70.52173913043478,54.869565217391305,61.30434782608695,67.30434782608695,57.91304347826087,51.65217391304348,49.17391304347826,44.26086956521739,52.869565217391305,55.56521739130435,48.52173913043478,,47.78260869565217,50.30434782608695,44.65217391304348,18.17391304347826,17.217391304347824,18.782608695652176,18.43478260869565,18.65217391304348
South Korea,2015,23,25.956521739130437,183.30434782608697,76.17391304347827,58.73913043478261,56.47826086956522,58.52173913043478,62.43478260869565,51.34782608695652,60.69565217391305,57.17391304347826,54.91304347826087,56.0,60.47826086956522,72.52173913043478,72.26086956521739,63.21739130434783,66.47826086956522,63.0,60.91304347826087,67.34782608695652,68.73913043478261,66.26086956521739,55.91304347826087,56.69565217391305,48.82608695652174,57.78260869565217,58.04347826086956,57.26086956521739,,47.0,49.43478260869565,46.391304347826086,17.73913043478261,17.91304347826087,17.73913043478261,17.82608695652174,17.52173913043478
Spain,2015,23,25.73913043478261,180.2608695652174,75.0,65.34782608695652,60.47826086956522,62.73913043478261,74.43478260869566,55.21739130434783,68.43478260869566,64.8695652173913,57.65217391304348,68.91304347826087,74.30434782608695,71.26086956521739,72.26086956521739,72.34782608695652,81.34782608695652,68.56521739130434,65.0,70.34782608695652,72.52173913043478,71.56521739130434,57.78260869565217,64.69565217391305,61.130434782608695,65.3913043478261,67.47826086956522,62.26086956521739,,53.69565217391305,57.30434782608695,55.21739130434783,19.65217391304348,19.869565217391305,19.26086956521739,19.17391304347826,20.217391304347824
Sudan,2015,2,18.5,167.0,67.5,42.0,64.0,54.5,54.0,50.0,63.0,47.0,46.5,41.5,66.0,76.0,76.5,75.0,51.0,82.5,55.5,68.0,62.5,55.0,60.0,40.5,37.5,61.5,57.0,54.5,,37.5,42.5,36.0,12.0,5.5,9.0,11.5,12.0
Suriname,2015,2,26.0,182.5,79.5,64.0,37.5,58.0,61.5,39.0,57.0,54.0,41.0,55.0,59.0,65.0,67.5,66.5,61.0,64.0,64.5,70.5,74.0,71.5,56.5,72.5,62.0,54.5,55.0,41.5,,56.0,59.5,60.0,10.5,8.0,7.5,8.5,10.5
Sweden,2015,23,27.695652173913043,185.6086956521739,80.3913043478261,58.78260869565217,56.26086956521739,58.78260869565217,64.95652173913044,55.30434782608695,61.130434782608695,58.34782608695652,52.95652173913044,60.65217391304348,65.78260869565217,63.869565217391305,64.8695652173913,62.95652173913044,71.26086956521739,56.43478260869565,68.0,66.69565217391305,66.34782608695652,70.8695652173913,61.47826086956522,64.34782608695652,49.391304347826086,60.47826086956522,58.69565217391305,55.17391304347826,,46.60869565217392,49.95652173913044,47.47826086956522,16.608695652173914,16.347826086956523,17.130434782608695,18.608695652173918,18.65217391304348
Switzerland,2015,23,24.869565217391305,183.6086956521739,79.43478260869566,60.65217391304348,51.43478260869565,60.82608695652174,68.30434782608695,54.869565217391305,62.56521739130435,57.869565217391305,53.73913043478261,63.30434782608695,66.65217391304348,67.43478260869566,71.0,67.82608695652173,72.8695652173913,63.130434782608695,69.0,68.1304347826087,71.8695652173913,74.78260869565217,59.391304347826086,68.47826086956522,61.130434782608695,59.60869565217392,60.17391304347826,58.04347826086956,,55.69565217391305,61.869565217391305,59.391304347826086,19.043478260869566,18.17391304347826,17.17391304347826,16.782608695652176,19.608695652173918
Syria,2015,3,28.666666666666668,179.66666666666666,76.0,45.66666666666666,71.33333333333333,59.0,55.333333333333336,57.0,61.0,48.66666666666666,55.66666666666666,40.66666666666666,61.0,66.33333333333333,63.66666666666666,62.0,66.33333333333333,62.0,67.33333333333333,58.0,65.0,63.0,62.333333333333336,57.66666666666666,38.333333333333336,73.0,54.66666666666666,63.0,,34.666666666666664,37.0,38.0,8.666666666666666,7.0,8.666666666666666,9.333333333333334,8.666666666666666
Thailand,2015,1,26.0,181.0,71.0,45.0,69.0,63.0,49.0,58.0,59.0,43.0,47.0,40.0,62.0,69.0,68.0,59.0,66.0,57.0,59.0,51.0,55.0,58.0,60.0,56.0,23.0,73.0,57.0,50.0,,25.0,25.0,25.0,5.0,14.0,12.0,10.0,11.0
Togo,2015,9,27.0,180.33333333333331,72.44444444444444,59.55555555555556,60.44444444444444,59.888888888888886,61.888888888888886,58.333333333333336,67.44444444444444,52.888888888888886,49.44444444444444,49.333333333333336,65.55555555555556,73.88888888888889,73.22222222222223,71.0,66.88888888888889,66.44444444444444,64.66666666666667,67.44444444444444,66.11111111111111,65.55555555555556,60.55555555555556,53.11111111111112,32.888888888888886,61.888888888888886,60.888888888888886,60.0,,30.0,31.88888888888889,31.55555555555556,19.444444444444443,17.555555555555557,15.444444444444445,18.0,16.77777777777778
Trinidad and Tobago,2015,12,27.5,180.33333333333331,76.75,54.583333333333336,43.583333333333336,59.0,60.583333333333336,47.5,60.41666666666666,47.083333333333336,41.66666666666666,51.25,62.25,68.66666666666667,69.58333333333333,63.75,61.333333333333336,66.75,60.083333333333336,69.58333333333333,70.16666666666667,69.5,47.66666666666666,64.25,53.16666666666666,50.66666666666666,54.75,49.083333333333336,,52.91666666666666,53.16666666666666,48.91666666666666,10.583333333333334,10.75,11.083333333333334,8.25,10.833333333333334
Tunisia,2015,23,25.695652173913043,182.43478260869568,75.65217391304348,57.95652173913044,49.91304347826087,58.17391304347826,65.08695652173913,49.26086956521739,62.73913043478261,51.82608695652174,52.0,57.52173913043478,65.82608695652173,67.73913043478261,69.3913043478261,68.73913043478261,64.78260869565217,66.34782608695652,63.04347826086956,66.0,65.65217391304348,67.3913043478261,54.60869565217392,61.91304347826087,50.73913043478261,55.56521739130435,58.60869565217392,54.04347826086956,,47.869565217391305,50.0,48.47826086956522,10.304347826086955,9.26086956521739,10.26086956521739,9.347826086956522,10.391304347826088
Turkey,2015,23,26.47826086956522,181.1304347826087,76.26086956521739,63.73913043478261,58.08695652173913,60.34782608695652,68.17391304347827,55.95652173913044,66.73913043478261,58.30434782608695,59.43478260869565,63.95652173913044,68.56521739130434,73.08695652173913,73.56521739130434,72.52173913043478,76.0,67.6086956521739,67.95652173913044,72.04347826086956,71.91304347826087,72.56521739130434,62.0,68.3913043478261,57.34782608695652,61.91304347826087,62.08695652173913,57.52173913043478,,54.52173913043478,58.17391304347826,54.869565217391305,18.608695652173918,19.0,18.956521739130437,18.869565217391305,19.52173913043478
Turkmenistan,2015,1,17.0,180.0,70.0,63.0,51.0,63.0,61.0,36.0,57.0,58.0,59.0,52.0,58.0,69.0,73.0,67.0,71.0,73.0,63.0,75.0,71.0,60.0,61.0,68.0,69.0,41.0,38.0,53.0,,66.0,70.0,69.0,6.0,6.0,9.0,15.0,10.0
Uganda,2015,5,25.0,180.0,74.4,46.2,38.4,53.6,55.0,44.0,56.8,38.2,36.0,43.4,55.4,64.0,65.6,62.2,54.0,64.8,51.2,62.4,63.4,66.2,41.0,59.4,54.2,48.8,42.4,47.0,,53.8,56.0,54.2,10.8,9.2,9.2,11.6,8.0
Ukraine,2015,23,28.043478260869566,186.2608695652174,79.95652173913044,49.95652173913044,40.17391304347826,56.60869565217392,56.34782608695652,40.869565217391305,50.04347826086956,45.30434782608695,42.21739130434783,52.56521739130435,55.21739130434783,59.34782608695652,59.69565217391305,56.73913043478261,66.8695652173913,54.869565217391305,50.47826086956522,66.47826086956522,62.21739130434783,73.08695652173913,46.95652173913044,56.869565217391305,55.52173913043478,45.47826086956522,49.391304347826086,45.65217391304348,,51.78260869565217,53.0,50.34782608695652,25.043478260869566,24.30434782608696,21.52173913043478,24.0,24.08695652173913
United States,2015,23,26.82608695652174,183.3913043478261,78.91304347826087,55.17391304347826,54.34782608695652,60.52173913043478,66.1304347826087,55.56521739130435,61.869565217391305,56.82608695652174,49.78260869565217,61.130434782608695,65.0,70.1304347826087,70.56521739130434,66.34782608695652,71.47826086956522,63.91304347826087,65.21739130434783,69.56521739130434,72.1304347826087,69.1304347826087,56.69565217391305,63.391304347826086,54.130434782608695,60.78260869565217,59.17391304347826,57.34782608695652,,50.869565217391305,55.08695652173913,51.56521739130435,18.17391304347826,18.30434782608696,15.782608695652174,18.956521739130437,19.39130434782609
Uruguay,2015,23,29.0,181.0,76.30434782608695,57.08695652173913,51.69565217391305,61.43478260869565,63.60869565217392,54.91304347826087,60.34782608695652,56.130434782608695,55.69565217391305,58.0,65.95652173913044,66.52173913043478,67.47826086956522,66.6086956521739,73.47826086956522,67.17391304347827,66.65217391304348,71.78260869565217,68.73913043478261,69.56521739130434,58.26086956521739,68.82608695652173,53.869565217391305,58.78260869565217,56.60869565217392,59.17391304347826,,48.82608695652174,55.130434782608695,52.69565217391305,17.73913043478261,17.26086956521739,17.17391304347826,17.130434782608695,18.608695652173918
Uzbekistan,2015,6,28.0,177.83333333333334,71.33333333333333,65.83333333333333,49.5,57.5,66.66666666666667,56.833333333333336,64.16666666666667,56.333333333333336,61.16666666666666,63.16666666666666,68.66666666666667,68.0,69.66666666666667,68.5,64.83333333333333,70.16666666666667,70.16666666666667,69.33333333333333,70.66666666666667,62.0,59.5,61.333333333333336,59.333333333333336,58.833333333333336,65.66666666666667,56.16666666666666,,51.833333333333336,52.0,49.5,9.5,9.5,10.0,9.833333333333334,10.0
Venezuela,2015,23,27.956521739130437,180.4782608695652,75.21739130434783,52.21739130434783,46.0,55.56521739130435,58.56521739130435,49.08695652173913,54.73913043478261,49.17391304347826,47.130434782608695,53.869565217391305,59.56521739130435,64.65217391304348,64.65217391304348,61.78260869565217,66.1304347826087,62.34782608695652,58.56521739130435,68.08695652173913,61.52173913043478,65.6086956521739,48.73913043478261,61.60869565217392,47.34782608695652,52.78260869565217,53.17391304347826,50.82608695652174,,47.30434782608695,47.91304347826087,48.78260869565217,17.82608695652174,15.73913043478261,16.73913043478261,15.91304347826087,18.26086956521739
Wales,2015,23,25.73913043478261,181.82608695652172,76.52173913043478,56.869565217391305,48.95652173913044,59.69565217391305,63.69565217391305,45.47826086956522,60.391304347826086,51.69565217391305,45.47826086956522,59.78260869565217,64.04347826086956,67.3913043478261,65.47826086956522,66.69565217391305,69.69565217391305,66.17391304347827,58.391304347826086,71.21739130434783,71.3913043478261,70.17391304347827,51.56521739130435,62.91304347826087,56.34782608695652,54.69565217391305,57.869565217391305,53.60869565217392,,57.21739130434783,59.17391304347826,56.73913043478261,17.391304347826086,16.73913043478261,16.565217391304348,17.347826086956523,16.434782608695652
Zambia,2015,4,23.5,180.0,73.5,47.5,43.5,58.75,64.5,43.5,62.25,54.75,42.75,58.25,67.75,79.25,81.25,74.75,63.0,71.0,52.5,74.25,72.5,68.25,49.75,60.0,52.25,50.25,48.0,53.5,,50.25,55.25,50.0,10.75,13.0,8.75,8.75,10.5
Zimbabwe,2015,12,24.5,177.16666666666666,72.0,52.25,58.583333333333336,54.66666666666666,58.333333333333336,53.583333333333336,63.333333333333336,49.16666666666666,39.16666666666666,44.0,60.833333333333336,77.66666666666667,77.91666666666667,70.16666666666667,58.583333333333336,74.25,59.083333333333336,66.5,68.66666666666667,60.5,55.41666666666666,54.833333333333336,39.0,57.91666666666666,51.16666666666666,53.91666666666666,,35.25,37.16666666666666,37.083333333333336,10.833333333333334,8.666666666666666,10.083333333333334,9.666666666666666,9.166666666666666
Albania,2016,23,25.347826086956523,179.34782608695653,74.21739130434783,59.30434782608695,52.56521739130435,51.73913043478261,62.869565217391305,51.17391304347826,59.869565217391305,54.08695652173913,51.08695652173913,55.34782608695652,63.47826086956522,67.30434782608695,68.43478260869566,68.52173913043478,65.78260869565217,67.78260869565217,64.04347826086956,62.73913043478261,67.78260869565217,63.43478260869565,53.69565217391305,63.43478260869565,47.73913043478261,56.73913043478261,59.391304347826086,53.69565217391305,,44.26086956521739,47.47826086956522,44.47826086956522,16.043478260869566,15.565217391304348,15.565217391304348,14.91304347826087,16.869565217391305
Algeria,2016,23,25.956521739130437,181.7391304347826,75.04347826086956,61.91304347826087,53.43478260869565,58.0,70.8695652173913,53.73913043478261,67.0,62.0,57.95652173913044,65.08695652173913,70.65217391304348,71.34782608695652,69.73913043478261,71.1304347826087,71.0,67.34782608695652,66.0,67.56521739130434,73.08695652173913,69.26086956521739,59.82608695652174,66.65217391304348,55.52173913043478,60.43478260869565,63.869565217391305,57.869565217391305,,48.78260869565217,54.26086956521739,49.26086956521739,14.26086956521739,12.565217391304348,12.869565217391305,12.869565217391305,13.73913043478261
Angola,2016,11,23.90909090909091,180.54545454545453,76.63636363636364,53.18181818181818,49.09090909090909,60.0,57.72727272727273,47.36363636363637,59.18181818181818,45.27272727272727,39.36363636363637,50.0,61.90909090909091,69.36363636363636,72.54545454545455,67.72727272727273,58.45454545454545,65.81818181818181,61.27272727272727,71.9090909090909,61.36363636363637,70.72727272727273,49.54545454545455,64.72727272727273,45.0,55.18181818181818,48.45454545454545,50.72727272727273,,40.63636363636363,45.27272727272727,43.27272727272727,11.636363636363637,10.545454545454543,11.0,10.0,10.272727272727272
Antigua and Barbuda,2016,7,23.571428571428573,179.71428571428572,73.42857142857143,51.57142857142857,50.85714285714285,49.285714285714285,53.57142857142857,43.0,56.0,48.42857142857143,43.142857142857146,48.285714285714285,54.285714285714285,73.85714285714286,74.57142857142857,68.57142857142857,53.57142857142857,66.57142857142857,53.57142857142857,61.85714285714285,66.71428571428571,59.142857142857146,45.57142857142857,49.71428571428572,41.71428571428572,55.142857142857146,51.0,48.57142857142857,,36.0,39.285714285714285,36.0,10.0,10.714285714285714,10.571428571428571,12.428571428571429,10.714285714285714
Argentina,2016,22,27.954545454545453,180.9090909090909,77.0,62.95454545454545,57.13636363636363,59.95454545454545,70.63636363636364,58.90909090909091,66.5909090909091,61.72727272727273,59.0,66.18181818181819,72.04545454545455,69.95454545454545,69.18181818181819,73.0,80.27272727272727,69.9090909090909,68.0,70.86363636363636,69.0,70.68181818181819,63.04545454545455,68.86363636363636,55.68181818181818,61.40909090909091,67.9090909090909,58.86363636363637,,50.22727272727273,56.5,53.68181818181818,18.727272727272727,18.681818181818183,18.818181818181817,17.954545454545453,19.40909090909091
Armenia,2016,10,25.1,178.3,71.1,55.3,54.0,53.9,63.2,56.5,66.2,55.1,53.6,56.0,66.2,69.6,73.0,70.1,64.9,71.6,65.8,63.2,65.1,59.0,59.1,55.9,46.6,59.3,57.2,57.4,,42.0,43.2,43.4,10.2,10.9,11.9,9.7,9.5
Aruba,2016,1,23.0,172.0,71.0,57.0,51.0,55.0,69.0,52.0,67.0,57.0,55.0,67.0,64.0,75.0,75.0,70.0,65.0,76.0,62.0,77.0,72.0,68.0,58.0,73.0,64.0,51.0,67.0,48.0,,65.0,67.0,65.0,10.0,9.0,8.0,10.0,9.0
Australia,2016,23,26.08695652173913,181.17391304347825,76.34782608695652,53.34782608695652,48.34782608695652,53.21739130434783,61.69565217391305,49.21739130434783,56.26086956521739,53.26086956521739,46.0,54.82608695652174,60.04347826086956,68.08695652173913,68.21739130434783,65.69565217391305,66.91304347826087,66.3913043478261,57.95652173913044,68.04347826086956,68.47826086956522,67.17391304347827,50.91304347826087,61.130434782608695,49.82608695652174,52.08695652173913,58.73913043478261,55.69565217391305,,49.17391304347826,52.69565217391305,49.82608695652174,20.130434782608692,18.52173913043478,20.130434782608692,18.869565217391305,19.47826086956522
Austria,2016,23,26.39130434782609,185.17391304347825,80.21739130434783,56.30434782608695,50.82608695652174,60.34782608695652,64.65217391304348,53.08695652173913,59.47826086956522,54.0,51.91304347826087,57.65217391304348,63.82608695652174,67.47826086956522,69.8695652173913,65.65217391304348,71.47826086956522,61.17391304347826,65.0,69.56521739130434,70.47826086956522,74.30434782608695,56.30434782608695,65.34782608695652,55.69565217391305,56.34782608695652,59.17391304347826,54.91304347826087,,52.30434782608695,56.30434782608695,52.04347826086956,19.08695652173913,17.782608695652176,18.73913043478261,18.956521739130437,18.91304347826087
Azerbaijan,2016,5,24.0,187.8,77.4,48.0,43.6,44.6,54.8,41.2,55.6,47.0,37.6,46.2,58.2,65.2,70.0,63.8,61.2,58.8,59.6,60.4,64.6,71.0,45.2,55.2,44.4,46.6,49.8,49.6,,38.0,42.6,44.8,20.4,18.4,19.2,19.4,21.4
Bahrain,2016,1,34.0,181.0,77.0,33.0,31.0,79.0,41.0,25.0,30.0,24.0,30.0,33.0,42.0,64.0,69.0,57.0,63.0,51.0,70.0,90.0,53.0,86.0,30.0,70.0,71.0,36.0,41.0,65.0,,75.0,75.0,70.0,15.0,15.0,11.0,16.0,11.0
Barbados,2016,2,31.5,183.5,74.5,61.5,62.5,60.5,57.5,46.5,66.0,28.0,36.5,51.5,64.0,71.0,70.0,69.0,63.5,61.5,64.0,66.5,69.5,76.5,51.5,64.5,45.5,51.0,61.0,64.5,,46.0,49.5,47.0,12.0,6.0,7.0,13.0,8.5
Belarus,2016,14,28.642857142857142,183.14285714285717,78.64285714285714,59.0,47.785714285714285,53.642857142857146,62.285714285714285,41.71428571428572,54.42857142857143,49.0,49.07142857142857,59.42857142857143,60.0,61.07142857142857,63.0,58.285714285714285,63.07142857142857,61.285714285714285,56.0,65.5,64.21428571428571,66.85714285714286,53.92857142857143,59.35714285714285,54.0,51.92857142857143,60.07142857142857,51.285714285714285,,51.785714285714285,54.142857142857146,51.57142857142857,15.285714285714286,13.928571428571429,16.0,14.642857142857142,14.857142857142858
Belgium,2016,23,26.0,185.2608695652174,78.3913043478261,61.08695652173913,58.60869565217392,61.82608695652174,71.78260869565217,57.43478260869565,66.30434782608695,58.91304347826087,57.869565217391305,66.21739130434783,70.34782608695652,70.52173913043478,72.0,69.95652173913044,77.21739130434783,60.47826086956522,72.82608695652173,71.91304347826087,69.95652173913044,75.1304347826087,63.60869565217392,64.6086956521739,53.78260869565217,59.78260869565217,64.04347826086956,61.73913043478261,,49.91304347826087,54.26086956521739,51.34782608695652,20.043478260869566,19.217391304347824,18.0,19.65217391304348,20.30434782608696
Benin,2016,14,25.428571428571427,183.5,78.0,49.71428571428572,50.642857142857146,62.57142857142857,57.71428571428572,45.0,53.142857142857146,44.71428571428572,42.57142857142857,50.21428571428572,58.42857142857143,60.71428571428572,63.21428571428572,57.85714285714285,62.71428571428572,57.85714285714285,54.285714285714285,68.21428571428571,64.85714285714286,69.92857142857143,47.92857142857143,62.57142857142857,45.642857142857146,50.5,52.142857142857146,50.285714285714285,,42.07142857142857,46.42857142857143,43.42857142857143,17.785714285714285,19.571428571428573,18.571428571428573,19.0,17.357142857142858
Bermuda,2016,4,24.5,179.75,77.25,41.5,47.75,38.25,44.75,48.25,49.75,45.0,42.25,37.25,48.75,71.0,71.75,74.25,54.5,67.25,51.5,63.5,53.0,57.5,45.0,45.5,40.75,50.75,55.5,46.5,,21.5,31.5,25.0,21.0,20.0,22.5,20.25,23.5
Bolivia,2016,16,28.4375,178.0,73.625,50.125,47.1875,52.75,57.5,41.375,55.875,43.0625,43.1875,50.125,55.6875,61.3125,62.6875,60.875,60.8125,67.5,56.3125,59.0625,63.375,59.375,47.6875,52.4375,43.875,51.625,51.0,55.3125,,42.25,44.25,40.9375,18.1875,15.9375,17.1875,18.3125,17.25
Bosnia and Herzegovina,2016,23,26.82608695652174,185.30434782608697,78.43478260869566,56.82608695652174,47.91304347826087,60.95652173913044,65.26086956521739,49.69565217391305,59.34782608695652,57.0,54.130434782608695,60.04347826086956,64.82608695652173,65.0,66.0,63.95652173913044,71.6086956521739,59.21739130434783,65.56521739130434,66.3913043478261,67.52173913043478,73.65217391304348,54.869565217391305,62.91304347826087,56.869565217391305,52.869565217391305,57.47826086956522,57.0,,52.26086956521739,56.391304347826086,53.0,16.782608695652176,16.391304347826086,16.82608695652174,16.0,16.26086956521739
Brazil,2016,21,26.33333333333333,179.8095238095238,75.47619047619048,68.57142857142857,61.76190476190476,63.142857142857146,76.71428571428571,62.85714285714285,75.85714285714286,66.61904761904762,64.38095238095238,73.66666666666667,78.80952380952381,78.61904761904762,78.14285714285714,77.80952380952381,80.04761904761905,71.47619047619048,75.04761904761905,72.04761904761905,75.28571428571429,69.19047619047619,68.66666666666667,67.57142857142857,63.142857142857146,66.14285714285714,72.66666666666667,65.0952380952381,,55.42857142857143,63.42857142857143,60.90476190476191,13.61904761904762,12.857142857142858,12.714285714285714,13.19047619047619,13.047619047619047
Bulgaria,2016,19,27.94736842105263,182.31578947368425,74.42105263157895,54.89473684210526,50.8421052631579,55.26315789473684,62.21052631578947,46.73684210526316,57.42105263157895,49.526315789473685,48.1578947368421,59.0,62.36842105263158,69.3157894736842,69.26315789473684,64.0,65.47368421052632,65.89473684210526,60.526315789473685,63.21052631578947,66.15789473684211,61.78947368421053,51.31578947368421,59.63157894736842,50.21052631578947,54.89473684210526,55.578947368421055,52.05263157894737,,47.10526315789474,52.21052631578947,49.47368421052632,17.31578947368421,17.842105263157894,17.105263157894736,16.63157894736842,17.157894736842106
Burkina Faso,2016,17,23.88235294117647,178.2941176470588,72.11764705882354,56.94117647058823,53.41176470588236,58.8235294117647,63.05882352941177,48.35294117647059,63.8235294117647,53.70588235294117,48.64705882352941,57.76470588235294,66.29411764705883,78.29411764705883,77.3529411764706,72.41176470588235,64.88235294117646,72.58823529411765,65.11764705882354,73.29411764705883,65.0,64.88235294117646,54.52941176470589,64.6470588235294,51.1764705882353,59.23529411764706,55.8235294117647,56.52941176470589,,50.94117647058823,50.294117647058826,47.35294117647059,10.352941176470589,11.941176470588236,9.588235294117649,11.764705882352942,11.705882352941176
Cameroon,2016,23,24.52173913043478,183.4782608695652,79.78260869565217,49.17391304347826,48.0,59.47826086956522,63.21739130434783,47.91304347826087,58.78260869565217,48.08695652173913,39.869565217391305,56.34782608695652,62.391304347826086,69.26086956521739,71.95652173913044,64.65217391304348,68.30434782608695,61.30434782608695,61.56521739130435,67.21739130434783,68.21739130434783,75.47826086956522,48.91304347826087,60.82608695652174,51.869565217391305,55.0,55.30434782608695,49.56521739130435,,46.04347826086956,51.21739130434783,47.0,17.17391304347826,17.82608695652174,16.91304347826087,16.47826086956522,18.43478260869565
Canada,2016,23,26.39130434782609,181.2608695652174,77.1304347826087,45.60869565217392,42.47826086956522,52.04347826086956,57.17391304347826,41.69565217391305,53.26086956521739,44.95652173913044,41.130434782608695,48.17391304347826,56.34782608695652,65.69565217391305,65.6086956521739,61.0,62.26086956521739,63.34782608695652,57.04347826086956,64.91304347826087,63.65217391304348,68.17391304347827,46.91304347826087,61.65217391304348,47.869565217391305,48.47826086956522,49.78260869565217,48.130434782608695,,46.34782608695652,46.30434782608695,45.21739130434783,17.82608695652174,16.08695652173913,16.347826086956523,17.91304347826087,17.782608695652176
Cape Verde,2016,19,25.105263157894736,183.1578947368421,77.05263157894737,51.89473684210526,52.94736842105263,56.578947368421055,60.68421052631579,47.26315789473684,61.78947368421053,49.10526315789474,43.94736842105263,49.73684210526316,62.78947368421053,71.10526315789474,71.57894736842105,68.15789473684211,63.8421052631579,63.8421052631579,62.73684210526316,65.47368421052632,63.526315789473685,70.05263157894737,53.47368421052632,56.78947368421053,43.05263157894737,55.78947368421053,53.89473684210526,52.578947368421055,,39.1578947368421,41.73684210526316,39.73684210526316,13.0,13.421052631578949,14.263157894736842,12.68421052631579,13.105263157894736
Central African Republic,2016,4,24.25,185.25,78.5,30.75,46.75,52.5,47.0,42.75,47.5,42.75,41.25,38.75,52.25,60.5,61.5,59.25,60.0,57.0,51.75,69.0,49.5,70.0,49.5,46.25,31.5,44.75,51.75,40.5,,27.5,34.0,28.0,24.25,21.25,24.25,19.75,23.75
Chile,2016,20,27.4,176.35,73.6,61.5,53.2,54.7,68.4,54.9,63.8,58.65,58.5,65.0,67.5,70.8,68.7,69.6,72.35,72.3,66.6,70.35,70.95,66.2,59.4,67.05,56.65,59.75,65.85,59.8,,52.0,55.7,52.0,18.5,17.8,17.05,17.35,18.95
China,2016,23,26.869565217391305,182.95652173913044,74.69565217391305,54.30434782608695,51.04347826086956,51.52173913043478,62.21739130434783,48.0,59.26086956521739,48.43478260869565,46.0,58.34782608695652,60.60869565217392,64.26086956521739,65.26086956521739,61.69565217391305,67.21739130434783,66.26086956521739,56.04347826086956,61.130434782608695,63.73913043478261,63.26086956521739,49.26086956521739,59.08695652173913,48.91304347826087,56.130434782608695,63.56521739130435,50.0,,47.95652173913044,50.26086956521739,50.82608695652174,19.043478260869566,17.608695652173914,17.869565217391305,18.782608695652176,19.82608695652174
Colombia,2016,23,24.30434782608696,180.17391304347825,77.30434782608695,52.95652173913044,47.21739130434783,58.95652173913044,63.30434782608695,45.69565217391305,60.52173913043478,50.78260869565217,45.04347826086956,59.91304347826087,65.47826086956522,70.17391304347827,72.30434782608695,73.04347826086956,72.52173913043478,64.34782608695652,62.73913043478261,72.17391304347827,71.95652173913044,70.26086956521739,51.91304347826087,67.17391304347827,54.869565217391305,57.391304347826086,58.0,52.391304347826086,,46.08695652173913,52.26086956521739,45.56521739130435,20.0,18.73913043478261,18.217391304347824,17.956521739130434,19.47826086956522
Comoros,2016,4,25.5,176.5,71.75,61.75,36.25,56.0,62.75,38.25,60.0,50.5,44.0,56.25,61.5,74.25,71.75,75.0,67.25,75.5,59.0,62.25,70.0,59.25,43.25,56.25,60.0,46.0,53.75,40.25,,59.0,61.0,61.25,10.25,11.25,11.0,11.5,10.75
Congo,2016,17,24.529411764705884,184.1764705882353,78.05882352941177,48.588235294117645,47.23529411764706,59.05882352941177,58.70588235294117,45.52941176470589,55.47058823529412,41.94117647058823,41.70588235294117,52.8235294117647,60.0,67.70588235294117,68.3529411764706,63.0,65.05882352941177,59.64705882352941,58.294117647058826,67.76470588235294,66.3529411764706,74.76470588235294,46.35294117647059,60.23529411764706,46.64705882352941,51.23529411764706,51.35294117647059,48.41176470588236,,42.11764705882353,46.588235294117645,43.35294117647059,15.235294117647058,13.705882352941176,14.352941176470589,13.705882352941176,14.117647058823527
Costa Rica,2016,23,27.0,182.69565217391303,75.56521739130434,55.04347826086956,49.43478260869565,58.91304347826087,61.391304347826086,50.47826086956522,59.130434782608695,53.43478260869565,47.34782608695652,57.34782608695652,62.65217391304348,72.8695652173913,72.34782608695652,69.78260869565217,68.52173913043478,65.21739130434783,62.17391304347826,73.26086956521739,70.52173913043478,68.56521739130434,50.78260869565217,66.21739130434783,53.95652173913044,57.78260869565217,57.91304347826087,54.52173913043478,,51.04347826086956,52.73913043478261,50.91304347826087,17.47826086956522,16.52173913043478,16.73913043478261,16.782608695652176,17.695652173913043
Croatia,2016,23,27.043478260869566,181.6086956521739,75.73913043478261,67.0,60.91304347826087,61.43478260869565,72.0,62.95652173913044,71.17391304347827,66.65217391304348,63.26086956521739,65.73913043478261,74.21739130434783,70.52173913043478,71.56521739130434,72.0,76.30434782608695,67.69565217391305,71.82608695652173,69.69565217391305,70.82608695652173,67.04347826086956,65.95652173913044,66.34782608695652,54.95652173913044,66.21739130434783,68.1304347826087,66.8695652173913,,45.30434782608695,52.43478260869565,51.56521739130435,15.173913043478262,13.782608695652174,13.826086956521738,14.043478260869565,14.608695652173912
Cuba,2016,1,29.0,180.0,75.0,47.0,50.0,66.0,80.0,66.0,72.0,66.0,51.0,77.0,74.0,82.0,79.0,72.0,74.0,75.0,84.0,68.0,83.0,80.0,64.0,82.0,76.0,66.0,67.0,66.0,,75.0,77.0,76.0,9.0,12.0,15.0,16.0,8.0
Curaçao,2016,10,23.9,181.7,77.9,46.8,45.9,49.3,55.1,39.3,58.8,44.1,38.1,49.9,58.9,70.1,73.1,62.7,60.6,64.3,59.0,59.8,59.9,67.2,46.6,50.0,40.5,44.0,50.5,46.3,,42.5,43.2,40.4,18.4,17.8,17.2,16.3,16.6
Cyprus,2016,3,27.0,181.0,76.0,57.333333333333336,49.0,65.66666666666667,61.66666666666666,53.0,63.333333333333336,57.66666666666666,49.333333333333336,64.33333333333333,63.66666666666666,80.66666666666667,77.66666666666667,70.33333333333333,62.0,68.0,54.0,70.33333333333333,73.0,74.66666666666667,44.66666666666666,70.33333333333333,56.0,55.0,53.0,54.66666666666666,,53.66666666666666,59.333333333333336,51.333333333333336,9.666666666666666,7.666666666666667,9.666666666666666,14.333333333333334,12.333333333333334
Czech Republic,2016,12,27.166666666666668,182.25,75.58333333333333,58.16666666666666,50.91666666666666,55.66666666666666,63.083333333333336,50.5,60.083333333333336,49.25,52.16666666666666,60.66666666666666,63.75,69.75,70.5,67.33333333333333,71.58333333333333,65.5,61.833333333333336,70.33333333333333,70.33333333333333,66.83333333333333,55.16666666666666,58.333333333333336,57.833333333333336,53.333333333333336,58.083333333333336,55.75,,54.583333333333336,55.333333333333336,54.41666666666666,22.416666666666668,21.75,22.75,23.166666666666668,22.5
DR Congo,2016,23,25.26086956521739,179.43478260869566,75.52173913043478,60.78260869565217,53.47826086956522,59.34782608695652,64.6086956521739,50.78260869565217,66.17391304347827,54.34782608695652,46.21739130434783,58.65217391304348,67.56521739130434,77.26086956521739,76.0,72.69565217391305,70.43478260869566,69.34782608695652,66.47826086956522,72.0,70.43478260869566,71.56521739130434,54.52173913043478,66.91304347826087,51.69565217391305,57.56521739130435,60.869565217391305,56.04347826086956,,49.60869565217392,54.52173913043478,50.391304347826086,13.478260869565217,14.391304347826088,12.608695652173912,13.608695652173912,13.08695652173913
Denmark,2016,23,26.043478260869566,183.6086956521739,78.1304347826087,56.47826086956522,53.130434782608695,58.08695652173913,66.3913043478261,52.04347826086956,59.130434782608695,55.30434782608695,53.21739130434783,61.04347826086956,66.52173913043478,68.30434782608695,70.3913043478261,67.34782608695652,72.21739130434783,66.17391304347827,66.21739130434783,69.6086956521739,70.78260869565217,71.34782608695652,55.73913043478261,64.30434782608695,51.60869565217392,57.43478260869565,62.34782608695652,54.65217391304348,,47.869565217391305,52.69565217391305,46.65217391304348,18.73913043478261,18.08695652173913,18.39130434782609,19.08695652173913,19.869565217391305
Dominican Republic,2016,1,25.0,186.0,76.0,35.0,16.0,61.0,59.0,13.0,24.0,40.0,52.0,50.0,41.0,48.0,53.0,42.0,47.0,54.0,52.0,71.0,60.0,82.0,22.0,73.0,62.0,29.0,35.0,51.0,,59.0,71.0,61.0,7.0,13.0,14.0,6.0,14.0
Ecuador,2016,19,27.36842105263158,177.73684210526315,73.57894736842105,54.578947368421055,49.63157894736842,56.68421052631579,61.05263157894737,46.47368421052632,62.94736842105263,55.26315789473684,51.1578947368421,57.42105263157895,63.78947368421053,72.05263157894737,70.05263157894737,67.15789473684211,67.57894736842105,68.10526315789474,61.47368421052632,66.63157894736842,67.52631578947368,66.84210526315789,53.526315789473685,59.78947368421053,48.42105263157895,53.94736842105263,59.73684210526316,54.73684210526316,,46.94736842105263,49.31578947368421,45.578947368421055,17.894736842105264,17.736842105263158,17.68421052631579,17.94736842105263,17.157894736842106
Egypt,2016,18,25.22222222222222,181.05555555555557,76.16666666666667,48.22222222222222,48.61111111111112,54.11111111111112,59.22222222222222,43.61111111111112,56.16666666666666,49.16666666666666,42.94444444444444,51.833333333333336,60.833333333333336,64.66666666666667,66.05555555555556,62.44444444444444,63.888888888888886,62.833333333333336,58.16666666666666,64.5,63.0,66.05555555555556,51.0,61.5,46.11111111111112,50.888888888888886,56.55555555555556,51.888888888888886,,43.833333333333336,47.44444444444444,44.333333333333336,20.83333333333333,21.33333333333333,20.88888888888889,21.27777777777778,20.33333333333333
El Salvador,2016,1,25.0,170.0,73.0,59.0,51.0,49.0,70.0,46.0,62.0,42.0,68.0,75.0,67.0,65.0,67.0,54.0,70.0,86.0,71.0,34.0,84.0,70.0,59.0,84.0,68.0,57.0,61.0,64.0,,61.0,71.0,66.0,7.0,14.0,13.0,15.0,9.0
England,2016,23,25.73913043478261,182.0434782608696,75.17391304347827,62.04347826086956,56.65217391304348,58.91304347826087,71.47826086956522,53.869565217391305,66.95652173913044,57.130434782608695,51.130434782608695,66.43478260869566,68.65217391304348,73.0,73.8695652173913,67.73913043478261,77.56521739130434,67.6086956521739,69.1304347826087,69.26086956521739,75.04347826086956,70.08695652173913,61.17391304347826,68.17391304347827,58.56521739130435,60.0,66.04347826086956,63.91304347826087,,55.95652173913044,60.69565217391305,57.73913043478261,19.82608695652174,20.347826086956523,19.565217391304348,20.695652173913043,20.73913043478261
Equatorial Guinea,2016,6,24.166666666666668,180.5,76.16666666666667,47.833333333333336,43.0,51.66666666666666,58.833333333333336,38.5,51.66666666666666,46.16666666666666,43.333333333333336,56.5,55.16666666666666,68.5,68.0,64.0,63.5,65.16666666666667,58.0,69.66666666666667,66.0,67.33333333333333,44.16666666666666,60.66666666666666,47.833333333333336,52.0,54.16666666666666,43.833333333333336,,47.66666666666666,48.0,53.0,19.83333333333333,19.33333333333333,19.166666666666668,17.333333333333332,21.33333333333333
Estonia,2016,7,27.285714285714285,184.8571428571429,79.28571428571429,43.85714285714285,37.142857142857146,45.71428571428572,53.0,35.857142857142854,47.285714285714285,39.142857142857146,40.285714285714285,50.0,51.71428571428572,57.285714285714285,55.71428571428572,59.142857142857146,62.85714285714285,57.42857142857143,50.85714285714285,65.42857142857143,62.42857142857143,64.57142857142857,42.285714285714285,55.57142857142857,50.142857142857146,39.57142857142857,54.85714285714285,43.71428571428572,,48.71428571428572,50.0,47.71428571428572,24.714285714285715,26.142857142857142,22.571428571428573,24.142857142857142,24.857142857142858
Ethiopia,2016,2,28.5,180.5,74.0,59.0,41.5,69.0,64.0,52.0,64.5,45.0,37.0,60.0,67.0,68.0,73.5,66.0,59.0,63.0,65.5,59.0,61.0,56.5,58.5,61.5,59.5,55.5,54.5,40.5,,69.5,61.0,55.5,8.5,7.0,10.5,10.5,9.0
Faroe Islands,2016,2,20.5,176.0,72.0,50.5,56.0,52.0,54.0,40.0,53.5,51.5,48.5,47.5,57.0,64.0,67.5,58.5,49.5,71.5,61.0,65.5,61.5,60.5,55.5,46.5,45.5,55.0,52.0,60.5,,49.0,52.0,51.0,9.0,10.0,10.5,10.0,6.0
Fiji,2016,1,27.0,170.0,70.0,56.0,64.0,37.0,60.0,64.0,67.0,61.0,33.0,56.0,63.0,84.0,90.0,84.0,62.0,84.0,70.0,70.0,62.0,42.0,60.0,32.0,22.0,65.0,57.0,62.0,,12.0,23.0,27.0,13.0,13.0,6.0,11.0,9.0
Finland,2016,22,25.954545454545453,184.6818181818182,79.77272727272727,50.95454545454545,46.81818181818182,55.36363636363637,60.63636363636363,46.36363636363637,55.27272727272727,53.18181818181818,45.13636363636363,55.18181818181818,60.59090909090909,63.5,64.63636363636364,62.59090909090909,66.18181818181819,60.31818181818182,62.36363636363637,67.27272727272727,67.9090909090909,69.5,51.77272727272727,64.45454545454545,53.0,50.45454545454545,54.09090909090909,49.5,,50.5,52.95454545454545,51.40909090909091,17.59090909090909,17.681818181818183,16.545454545454547,18.181818181818183,18.454545454545453
France,2016,22,26.63636363636364,181.9090909090909,76.4090909090909,61.95454545454545,53.09090909090909,64.63636363636364,70.77272727272727,54.90909090909091,64.54545454545455,60.95454545454545,55.86363636363637,65.27272727272727,70.36363636363636,73.22727272727273,73.27272727272727,70.27272727272727,79.77272727272727,65.45454545454545,67.63636363636364,76.36363636363636,74.77272727272727,72.9090909090909,58.77272727272727,70.13636363636364,61.22727272727273,60.04545454545455,64.0909090909091,58.31818181818182,,55.63636363636363,59.13636363636363,58.0,20.90909090909091,19.863636363636363,17.59090909090909,19.13636363636364,20.045454545454547
Gabon,2016,15,23.6,180.8,75.6,55.06666666666667,45.53333333333333,57.46666666666667,64.86666666666666,42.66666666666666,60.13333333333333,46.13333333333333,44.73333333333333,59.06666666666667,64.06666666666666,70.73333333333333,71.0,65.46666666666667,65.33333333333333,65.73333333333333,58.66666666666666,63.2,64.66666666666667,70.86666666666666,46.06666666666667,63.66666666666666,54.8,51.2,54.86666666666667,49.06666666666667,,54.333333333333336,56.86666666666667,54.86666666666667,14.333333333333334,14.4,15.533333333333331,14.733333333333333,15.466666666666669
Gambia,2016,12,24.166666666666668,181.66666666666663,74.66666666666667,50.75,53.833333333333336,53.66666666666666,58.25,47.75,59.66666666666666,49.66666666666666,47.833333333333336,52.66666666666666,61.25,76.25,78.33333333333333,71.33333333333333,61.083333333333336,64.83333333333333,63.25,64.5,68.33333333333333,69.41666666666667,52.75,60.41666666666666,39.91666666666666,57.833333333333336,51.583333333333336,55.91666666666666,,41.083333333333336,43.25,41.0,10.0,10.666666666666666,10.583333333333334,12.5,10.166666666666666
Georgia,2016,19,23.473684210526315,182.3684210526316,74.52631578947368,49.10526315789474,45.36842105263158,55.21052631578947,60.10526315789474,44.10526315789474,56.47368421052632,48.63157894736842,47.21052631578947,53.68421052631579,60.36842105263158,67.89473684210526,67.89473684210526,62.526315789473685,60.47368421052632,64.3157894736842,54.68421052631579,61.1578947368421,63.578947368421055,65.10526315789474,46.63157894736842,53.47368421052632,45.526315789473685,49.578947368421055,55.36842105263158,48.0,,43.68421052631579,47.94736842105263,45.05263157894737,13.894736842105264,13.63157894736842,12.578947368421051,14.105263157894736,14.473684210526317
Germany,2016,23,25.043478260869566,184.6086956521739,80.52173913043478,65.82608695652173,60.21739130434783,59.56521739130435,74.78260869565217,62.43478260869565,69.1304347826087,65.3913043478261,58.69565217391305,69.69565217391305,72.69565217391305,70.04347826086956,70.6086956521739,70.08695652173913,82.30434782608695,65.52173913043478,69.52173913043478,69.3913043478261,71.21739130434783,72.78260869565217,63.0,61.43478260869565,58.73913043478261,65.08695652173913,74.26086956521739,64.56521739130434,,46.43478260869565,52.21739130434783,51.47826086956522,19.82608695652174,19.47826086956522,19.608695652173918,18.869565217391305,19.91304347826087
Ghana,2016,23,24.39130434782609,176.7826086956522,73.17391304347827,66.47826086956522,60.0,59.56521739130435,73.56521739130434,59.52173913043478,73.91304347826087,65.04347826086956,54.69565217391305,67.34782608695652,75.26086956521739,81.0,80.04347826086956,80.04347826086956,70.73913043478261,77.1304347826087,73.82608695652173,80.21739130434783,78.56521739130434,69.69565217391305,67.26086956521739,74.56521739130434,62.34782608695652,67.95652173913044,67.26086956521739,59.73913043478261,,55.391304347826086,63.78260869565217,62.47826086956522,9.304347826086955,8.08695652173913,8.91304347826087,9.478260869565217,8.91304347826087
Gibraltar,2016,2,25.5,179.5,70.0,61.0,37.5,50.5,56.0,34.5,59.5,49.0,41.0,53.0,57.0,79.0,78.0,76.0,60.5,75.5,51.5,72.0,71.5,58.0,47.5,44.0,50.5,48.5,51.0,43.0,,50.5,47.0,47.5,11.5,9.0,8.5,9.5,9.0
Greece,2016,19,25.73684210526316,184.26315789473685,78.36842105263158,55.31578947368421,46.05263157894737,59.26315789473684,63.578947368421055,47.21052631578947,58.31578947368421,52.1578947368421,49.578947368421055,61.0,64.3157894736842,65.63157894736842,67.05263157894737,63.05263157894737,71.52631578947368,61.05263157894737,63.94736842105263,67.15789473684211,67.21052631578948,73.21052631578948,56.526315789473685,67.21052631578948,54.05263157894737,51.578947368421055,56.0,49.526315789473685,,53.26315789473684,56.05263157894737,54.47368421052632,21.789473684210527,19.68421052631579,19.63157894736842,21.105263157894736,21.57894736842105
Grenada,2016,2,24.0,180.0,81.5,39.5,32.0,54.0,46.5,39.0,42.0,38.0,39.0,41.0,44.0,75.0,73.0,59.5,50.0,63.5,52.5,69.0,67.0,74.5,30.5,50.5,51.5,32.5,40.5,42.0,,56.0,57.0,59.5,11.0,10.0,8.5,6.0,11.0
Guam,2016,1,27.0,175.0,68.0,59.0,49.0,60.0,64.0,48.0,60.0,61.0,55.0,58.0,64.0,75.0,74.0,76.0,75.0,90.0,53.0,81.0,78.0,70.0,36.0,71.0,71.0,55.0,56.0,52.0,,73.0,67.0,71.0,13.0,9.0,16.0,12.0,11.0
Guatemala,2016,4,25.5,183.25,75.5,43.5,43.25,44.0,53.75,35.0,48.75,46.25,39.75,43.0,51.0,64.5,60.25,48.25,61.0,57.0,50.25,60.0,58.75,62.75,38.25,60.0,47.75,40.5,48.5,43.5,,49.25,50.0,45.5,27.25,25.75,21.5,24.75,23.0
Guinea,2016,23,24.130434782608692,180.91304347826087,74.8695652173913,59.08695652173913,55.95652173913044,58.95652173913044,65.52173913043478,53.47826086956522,68.82608695652173,55.95652173913044,48.26086956521739,57.47826086956522,68.69565217391305,75.8695652173913,76.43478260869566,71.47826086956522,64.78260869565217,69.21739130434783,69.8695652173913,68.21739130434783,66.91304347826087,67.04347826086956,59.60869565217392,61.130434782608695,43.73913043478261,61.95652173913044,56.60869565217392,55.82608695652174,,38.56521739130435,41.17391304347826,39.43478260869565,9.73913043478261,10.0,11.173913043478262,10.347826086956522,10.391304347826088
Guinea-Bissau,2016,9,24.0,178.33333333333334,72.66666666666667,53.55555555555556,53.0,52.66666666666666,60.11111111111112,50.66666666666666,63.77777777777778,49.44444444444444,45.888888888888886,50.333333333333336,64.44444444444444,75.77777777777777,77.55555555555556,74.11111111111111,62.0,73.88888888888889,63.22222222222222,61.77777777777778,66.66666666666667,55.44444444444444,49.0,54.333333333333336,36.0,55.55555555555556,54.0,56.333333333333336,,35.0,37.44444444444444,36.44444444444444,11.666666666666666,10.22222222222222,10.77777777777778,12.11111111111111,11.0
Guyana,2016,2,28.0,179.0,77.0,67.5,53.0,55.5,67.0,42.5,66.5,52.0,49.0,63.5,64.0,72.0,71.5,63.0,57.5,60.5,66.5,64.5,73.5,71.0,55.0,74.0,55.0,59.0,63.0,56.5,,52.0,61.0,60.0,7.0,11.0,14.5,14.0,10.5
Haiti,2016,10,24.7,178.6,75.2,42.2,42.6,51.7,55.2,38.8,53.2,39.2,37.3,50.8,52.1,66.7,67.9,58.4,63.2,65.7,52.3,68.7,61.3,65.7,42.3,55.1,51.6,44.0,43.6,46.6,,48.8,50.4,48.6,15.6,17.2,15.4,17.7,16.5
Honduras,2016,13,25.76923076923077,179.3846153846154,74.3076923076923,56.07692307692308,51.23076923076923,61.53846153846154,61.15384615384615,53.76923076923077,65.84615384615384,55.38461538461539,51.69230769230769,54.15384615384615,67.23076923076923,69.6923076923077,71.76923076923077,70.92307692307692,64.23076923076923,69.3076923076923,67.23076923076923,71.0,74.84615384615384,67.38461538461539,52.76923076923077,66.15384615384616,53.84615384615385,60.46153846153846,57.15384615384615,59.84615384615385,,52.38461538461539,55.07692307692308,51.53846153846154,10.76923076923077,9.076923076923077,11.307692307692308,11.615384615384617,11.384615384615383
Hungary,2016,18,28.0,185.33333333333331,80.88888888888889,53.44444444444444,55.44444444444444,57.888888888888886,61.22222222222222,52.44444444444444,56.44444444444444,51.833333333333336,51.61111111111112,54.72222222222222,61.55555555555556,67.16666666666667,66.83333333333333,63.0,67.88888888888889,61.55555555555556,61.27777777777778,69.33333333333333,65.22222222222223,71.5,53.388888888888886,57.77777777777778,44.888888888888886,54.888888888888886,53.05555555555556,58.388888888888886,,42.27777777777778,43.27777777777778,42.11111111111112,17.38888888888889,17.555555555555557,16.555555555555557,17.555555555555557,17.166666666666668
Iceland,2016,23,26.695652173913043,184.65217391304347,79.56521739130434,57.17391304347826,54.52173913043478,64.69565217391305,64.34782608695652,55.17391304347826,60.869565217391305,58.869565217391305,54.47826086956522,60.47826086956522,66.0,67.3913043478261,68.73913043478261,63.73913043478261,67.69565217391305,63.56521739130435,69.08695652173913,69.95652173913044,73.8695652173913,74.30434782608695,63.391304347826086,66.91304347826087,53.60869565217392,59.60869565217392,59.60869565217392,58.130434782608695,,49.73913043478261,55.30434782608695,51.04347826086956,9.826086956521738,10.478260869565217,11.304347826086955,11.26086956521739,11.782608695652174
India,2016,23,25.30434782608696,177.95652173913044,74.56521739130434,40.130434782608695,38.78260869565217,46.21739130434783,47.82608695652174,38.0,48.26086956521739,38.56521739130435,39.78260869565217,40.34782608695652,47.17391304347826,68.8695652173913,65.8695652173913,65.73913043478261,51.82608695652174,65.8695652173913,47.82608695652174,59.21739130434783,56.21739130434783,55.91304347826087,40.43478260869565,45.34782608695652,35.78260869565217,43.0,43.21739130434783,47.08695652173913,,36.391304347826086,41.04347826086956,39.69565217391305,17.652173913043477,17.043478260869566,17.52173913043478,17.26086956521739,17.217391304347824
Indonesia,2016,1,22.0,175.0,70.0,49.0,22.0,36.0,52.0,20.0,50.0,53.0,44.0,47.0,56.0,73.0,66.0,75.0,56.0,76.0,36.0,67.0,56.0,51.0,37.0,62.0,59.0,51.0,53.0,42.0,,48.0,58.0,60.0,11.0,8.0,10.0,15.0,6.0
Iran,2016,6,25.0,183.5,79.33333333333333,48.66666666666666,46.0,39.0,49.0,46.5,50.16666666666666,45.66666666666666,38.833333333333336,43.5,50.16666666666666,67.16666666666667,66.5,65.0,66.16666666666667,62.833333333333336,50.0,65.0,54.0,66.16666666666667,44.833333333333336,51.66666666666666,34.666666666666664,45.66666666666666,52.833333333333336,39.66666666666666,,31.83333333333333,33.166666666666664,31.666666666666668,29.33333333333333,26.666666666666668,27.5,28.5,30.166666666666668
Iraq,2016,11,23.90909090909091,181.45454545454547,72.54545454545455,49.72727272727273,52.54545454545455,54.90909090909091,60.81818181818182,50.45454545454545,63.81818181818182,52.36363636363637,48.0,53.45454545454545,63.45454545454545,71.72727272727273,71.27272727272727,72.0,58.63636363636363,62.81818181818182,63.36363636363637,64.63636363636364,67.72727272727273,67.0909090909091,55.09090909090909,60.72727272727273,45.72727272727273,54.18181818181818,57.36363636363637,59.18181818181818,,44.0,46.36363636363637,44.09090909090909,11.727272727272728,10.909090909090908,11.272727272727272,10.454545454545457,11.636363636363637
Israel,2016,18,25.05555555555556,180.83333333333331,76.11111111111111,55.22222222222222,51.27777777777778,56.72222222222222,67.0,50.22222222222222,64.11111111111111,53.5,50.77777777777778,60.66666666666666,66.77777777777777,66.88888888888889,65.72222222222223,67.5,64.83333333333333,66.5,63.0,67.55555555555556,64.83333333333333,65.44444444444444,52.388888888888886,58.22222222222222,45.66666666666666,57.61111111111112,60.888888888888886,56.888888888888886,,45.27777777777778,49.72222222222222,46.5,13.61111111111111,14.22222222222222,12.833333333333334,14.27777777777778,13.555555555555555
Italy,2016,23,27.47826086956522,183.5217391304348,76.52173913043478,60.60869565217392,51.34782608695652,61.30434782608695,68.73913043478261,56.04347826086956,65.69565217391305,63.56521739130435,52.73913043478261,66.08695652173913,70.08695652173913,69.52173913043478,68.69565217391305,67.1304347826087,77.26086956521739,63.21739130434783,68.6086956521739,68.26086956521739,70.17391304347827,69.91304347826087,60.43478260869565,66.47826086956522,55.43478260869565,57.391304347826086,65.56521739130434,55.869565217391305,,50.91304347826087,55.47826086956522,54.78260869565217,18.73913043478261,17.130434782608695,17.26086956521739,18.47826086956522,17.82608695652174
Ivory Coast,2016,19,26.36842105263158,183.3684210526316,78.78947368421052,54.42105263157895,58.78947368421053,63.526315789473685,65.94736842105263,53.73684210526316,63.10526315789474,56.05263157894737,51.05263157894737,57.578947368421055,67.47368421052632,70.94736842105263,71.3157894736842,63.526315789473685,70.26315789473684,63.73684210526316,66.63157894736842,66.21052631578948,72.3157894736842,73.0,59.05263157894737,65.21052631578948,52.1578947368421,59.42105263157895,60.78947368421053,58.8421052631579,,47.10526315789474,52.42105263157895,47.73684210526316,17.157894736842106,16.31578947368421,16.736842105263158,16.57894736842105,17.05263157894737
Jamaica,2016,23,27.91304347826087,183.2608695652174,79.17391304347827,52.91304347826087,47.56521739130435,55.869565217391305,58.69565217391305,43.0,59.43478260869565,48.95652173913044,39.0,48.82608695652174,60.65217391304348,73.3913043478261,73.34782608695652,68.6086956521739,65.6086956521739,61.95652173913044,60.17391304347826,67.04347826086956,68.43478260869566,72.17391304347827,48.869565217391305,60.73913043478261,47.65217391304348,55.43478260869565,54.73913043478261,49.69565217391305,,47.47826086956522,49.91304347826087,45.17391304347826,15.173913043478262,15.173913043478262,15.869565217391305,15.478260869565217,15.608695652173912
Japan,2016,23,25.82608695652174,178.2173913043478,71.47826086956522,63.47826086956522,57.78260869565217,57.30434782608695,72.04347826086956,57.95652173913044,72.95652173913044,65.21739130434783,55.391304347826086,63.130434782608695,74.26086956521739,77.17391304347827,75.69565217391305,79.56521739130434,71.73913043478261,75.3913043478261,65.26086956521739,71.8695652173913,73.04347826086956,55.91304347826087,59.56521739130435,52.95652173913044,46.34782608695652,66.78260869565217,67.69565217391305,58.0,,42.47826086956522,44.65217391304348,44.47826086956522,10.826086956521738,10.73913043478261,10.391304347826088,9.826086956521738,11.043478260869565
Jordan,2016,2,23.5,174.0,71.0,45.0,53.0,47.5,57.0,46.0,57.0,45.0,39.5,55.0,59.5,78.0,73.5,68.0,50.5,69.0,61.0,58.0,65.5,67.5,57.0,52.0,47.0,47.0,56.5,51.5,,49.5,56.5,58.0,11.0,13.0,12.5,11.5,9.5
Kazakhstan,2016,4,25.25,177.25,73.5,66.25,48.75,54.5,68.5,54.75,64.5,62.5,59.25,63.0,67.5,73.25,68.5,73.0,65.75,78.25,64.25,66.25,68.5,63.25,56.75,62.0,52.75,57.5,60.75,52.25,,49.5,59.5,55.75,9.5,8.75,8.5,12.0,13.0
Kenya,2016,2,27.5,186.0,79.0,40.0,38.0,45.5,48.5,39.5,45.5,40.5,39.0,44.0,47.0,55.0,59.0,63.5,68.0,60.5,51.0,73.0,61.0,80.0,38.0,55.0,51.5,41.5,58.0,44.0,,43.0,47.5,47.5,39.0,38.5,35.5,40.5,45.5
Kosovo,2016,20,24.1,182.65,78.1,45.35,48.95,49.6,57.8,46.8,56.0,48.25,44.05,50.05,58.95,64.7,65.1,64.65,59.6,65.05,60.65,63.65,57.9,65.05,50.05,59.4,40.45,49.45,51.3,49.9,,37.9,41.55,37.55,15.05,13.05,13.5,14.0,13.85
Kuwait,2016,2,24.0,175.5,68.0,64.5,63.5,54.0,70.0,67.5,72.0,67.0,67.0,65.0,68.0,74.5,78.5,84.0,64.5,72.5,66.5,69.0,78.0,56.0,62.5,59.5,27.5,66.0,71.0,57.5,,31.5,30.0,32.5,13.5,9.0,10.5,11.0,13.0
Kyrgyzstan,2016,1,28.0,197.0,87.0,14.0,11.0,15.0,35.0,11.0,13.0,12.0,12.0,32.0,19.0,46.0,48.0,35.0,65.0,34.0,23.0,69.0,30.0,71.0,12.0,33.0,14.0,10.0,13.0,14.0,,13.0,14.0,16.0,69.0,66.0,69.0,75.0,73.0
Latvia,2016,10,26.2,182.1,76.0,45.0,47.9,52.5,56.1,45.0,55.4,46.4,48.9,48.2,57.0,65.4,67.4,60.2,61.2,63.8,60.2,72.8,64.7,64.5,47.7,52.8,39.7,53.8,54.0,54.6,,43.2,47.4,45.0,16.6,16.3,16.9,15.7,16.4
Lebanon,2016,5,26.6,186.2,83.4,37.2,38.8,46.0,57.0,33.6,43.0,36.6,35.0,53.8,49.0,61.4,65.0,56.4,59.0,57.2,51.4,65.2,61.6,75.4,41.0,53.6,47.2,37.0,44.8,39.6,,45.8,49.6,45.0,18.6,18.4,16.8,16.4,19.4
Liberia,2016,4,24.75,181.0,75.0,45.25,63.75,55.75,55.25,53.75,65.25,51.5,37.25,36.75,66.25,80.75,76.25,79.5,60.25,65.25,62.0,67.25,66.0,64.0,55.0,53.25,24.0,65.75,57.5,58.25,,19.75,21.75,22.0,11.5,12.0,10.0,10.75,14.0
Libya,2016,5,22.0,175.4,69.0,55.6,49.6,44.8,57.4,43.6,62.8,50.6,49.8,53.4,59.8,69.0,67.4,69.6,55.4,75.2,58.4,62.0,61.6,52.0,45.2,52.6,42.8,56.2,55.6,51.4,,37.2,45.2,47.4,12.2,11.2,9.0,8.8,11.2
Liechtenstein,2016,6,27.666666666666668,181.5,76.66666666666667,42.833333333333336,36.66666666666666,48.66666666666666,50.66666666666666,38.0,46.5,43.0,43.16666666666666,50.0,52.16666666666666,52.66666666666666,53.16666666666666,57.66666666666666,58.16666666666666,61.0,47.833333333333336,57.833333333333336,57.16666666666666,61.833333333333336,40.5,54.0,50.5,42.333333333333336,53.833333333333336,44.833333333333336,,48.66666666666666,55.333333333333336,51.833333333333336,20.0,20.0,18.0,20.33333333333333,21.166666666666668
Lithuania,2016,9,24.33333333333333,187.44444444444449,81.55555555555556,29.77777777777778,32.77777777777778,35.333333333333336,39.55555555555556,29.77777777777778,36.11111111111112,30.55555555555556,28.444444444444443,34.888888888888886,40.0,53.44444444444444,54.888888888888886,46.77777777777778,61.77777777777778,54.55555555555556,39.44444444444444,64.55555555555556,49.77777777777778,63.66666666666666,33.55555555555556,40.888888888888886,29.444444444444443,34.44444444444444,36.888888888888886,35.111111111111114,,24.22222222222222,24.22222222222222,24.11111111111111,42.333333333333336,41.22222222222222,40.888888888888886,42.0,45.55555555555556
Luxembourg,2016,7,25.285714285714285,183.42857142857144,78.57142857142857,43.71428571428572,40.42857142857143,57.142857142857146,57.285714285714285,43.285714285714285,48.42857142857143,41.142857142857146,46.71428571428572,49.0,55.57142857142857,56.85714285714285,58.42857142857143,56.42857142857143,58.71428571428572,58.142857142857146,63.285714285714285,69.0,65.42857142857143,70.14285714285714,47.42857142857143,58.42857142857143,42.285714285714285,47.57142857142857,49.42857142857143,51.57142857142857,,43.0,45.71428571428572,42.85714285714285,19.285714285714285,18.142857142857142,18.714285714285715,19.285714285714285,19.571428571428573
Madagascar,2016,4,24.75,176.0,70.0,58.75,49.25,54.25,63.75,47.75,60.75,50.75,49.25,57.75,60.25,75.25,69.25,73.5,62.5,74.5,50.5,65.0,70.5,52.25,48.0,57.75,54.0,58.0,57.5,48.0,,47.0,52.0,51.25,12.25,9.25,13.25,12.25,10.0
Mali,2016,23,25.82608695652174,183.95652173913044,77.6086956521739,53.869565217391305,50.82608695652174,62.17391304347826,66.1304347826087,48.130434782608695,61.04347826086956,48.30434782608695,43.08695652173913,59.91304347826087,66.1304347826087,67.56521739130434,68.47826086956522,64.69565217391305,69.78260869565217,62.0,66.69565217391305,68.0,71.65217391304348,76.95652173913044,53.73913043478261,69.52173913043478,56.82608695652174,52.08695652173913,58.65217391304348,54.869565217391305,,55.56521739130435,57.391304347826086,54.869565217391305,13.08695652173913,13.521739130434783,13.08695652173913,11.652173913043478,13.173913043478262
Malta,2016,1,30.0,177.0,73.0,56.0,56.0,55.0,62.0,40.0,63.0,49.0,36.0,60.0,64.0,60.0,53.0,68.0,60.0,66.0,49.0,83.0,80.0,86.0,35.0,84.0,66.0,61.0,55.0,47.0,,66.0,66.0,69.0,16.0,6.0,16.0,9.0,13.0
Mauritania,2016,3,22.33333333333333,186.66666666666663,80.0,46.333333333333336,38.333333333333336,54.333333333333336,64.33333333333333,34.0,52.66666666666666,43.66666666666666,42.0,51.66666666666666,61.333333333333336,68.0,65.66666666666667,63.66666666666666,62.0,46.333333333333336,53.333333333333336,59.333333333333336,63.0,75.0,47.66666666666666,57.66666666666666,48.333333333333336,45.66666666666666,50.333333333333336,49.66666666666666,,56.66666666666666,53.66666666666666,51.0,10.0,12.333333333333334,12.333333333333334,9.333333333333334,13.0
Mauritius,2016,1,26.0,184.0,71.0,67.0,52.0,55.0,72.0,29.0,68.0,68.0,65.0,68.0,68.0,68.0,69.0,75.0,63.0,70.0,53.0,62.0,81.0,65.0,58.0,65.0,64.0,59.0,70.0,51.0,,51.0,57.0,61.0,6.0,15.0,6.0,16.0,16.0
Mexico,2016,23,27.565217391304348,179.08695652173913,73.04347826086956,57.391304347826086,49.82608695652174,58.65217391304348,65.08695652173913,51.56521739130435,60.60869565217392,59.0,50.43478260869565,61.04347826086956,64.43478260869566,70.0,70.17391304347827,70.78260869565217,71.21739130434783,68.34782608695652,64.17391304347827,73.3913043478261,71.30434782608695,66.3913043478261,58.73913043478261,65.26086956521739,57.04347826086956,56.17391304347826,61.43478260869565,59.0,,49.95652173913044,54.869565217391305,53.43478260869565,18.91304347826087,19.47826086956522,18.347826086956523,19.565217391304348,19.869565217391305
Moldova,2016,5,27.6,188.4,80.2,44.6,35.0,61.0,62.2,35.4,45.6,44.0,44.2,57.2,56.8,58.4,51.8,52.0,66.4,50.2,53.6,54.6,63.2,79.6,39.4,66.6,61.4,46.4,48.6,39.4,,62.0,61.4,59.8,19.8,21.8,21.4,18.0,21.4
Montenegro,2016,19,24.05263157894737,185.52631578947367,79.42105263157895,47.10526315789474,45.26315789473684,59.68421052631579,59.526315789473685,44.63157894736842,56.36842105263158,46.10526315789474,41.31578947368421,52.1578947368421,61.89473684210526,63.8421052631579,65.73684210526316,58.36842105263158,62.47368421052632,56.26315789473684,60.05263157894737,65.63157894736842,63.05263157894737,70.52631578947368,53.42105263157895,56.26315789473684,47.94736842105263,52.10526315789474,51.36842105263158,50.63157894736842,,44.73684210526316,49.89473684210526,47.36842105263158,11.789473684210526,14.736842105263158,13.421052631578949,13.789473684210526,13.263157894736842
Montserrat,2016,2,23.0,186.5,85.5,41.0,44.0,57.5,52.0,39.5,46.5,34.5,31.5,42.0,51.0,63.5,79.5,57.0,53.5,45.0,55.0,56.0,56.0,78.5,36.5,49.0,45.0,46.5,48.5,47.5,,47.5,54.0,55.0,12.5,13.0,11.0,13.0,10.5
Morocco,2016,23,26.869565217391305,179.30434782608697,73.65217391304348,68.26086956521739,61.43478260869565,58.47826086956522,73.47826086956522,61.82608695652174,75.0,65.73913043478261,60.26086956521739,67.08695652173913,77.30434782608695,75.52173913043478,74.73913043478261,75.26086956521739,73.30434782608695,69.73913043478261,73.43478260869566,68.1304347826087,71.34782608695652,66.8695652173913,65.82608695652173,64.21739130434783,48.73913043478261,65.43478260869566,67.95652173913044,64.52173913043478,,45.65217391304348,50.26086956521739,46.391304347826086,9.130434782608695,11.043478260869565,10.173913043478262,10.478260869565217,10.391304347826088
Mozambique,2016,6,24.5,180.16666666666663,74.16666666666667,46.16666666666666,35.5,54.333333333333336,56.5,36.833333333333336,53.66666666666666,45.16666666666666,38.0,46.16666666666666,58.0,68.33333333333333,67.16666666666667,65.0,65.5,69.83333333333333,48.0,69.0,66.0,69.83333333333333,42.16666666666666,65.83333333333333,54.5,39.16666666666666,46.66666666666666,40.333333333333336,,57.0,61.16666666666666,56.333333333333336,19.166666666666668,20.33333333333333,20.0,21.5,19.666666666666668
Netherlands,2016,23,24.91304347826087,182.08695652173915,76.82608695652173,60.73913043478261,54.52173913043478,60.0,71.6086956521739,56.04347826086956,66.3913043478261,57.130434782608695,52.78260869565217,62.869565217391305,71.21739130434783,71.43478260869566,71.8695652173913,71.52173913043478,78.3913043478261,66.65217391304348,69.56521739130434,70.73913043478261,71.17391304347827,70.73913043478261,60.869565217391305,60.391304347826086,50.78260869565217,61.130434782608695,64.65217391304348,55.04347826086956,,47.73913043478261,52.65217391304348,47.91304347826087,19.91304347826087,19.30434782608696,18.52173913043478,19.17391304347826,19.869565217391305
New Caledonia,2016,3,26.0,179.66666666666666,77.0,43.66666666666666,49.66666666666666,58.333333333333336,57.333333333333336,39.0,50.333333333333336,48.0,38.66666666666666,44.333333333333336,67.33333333333333,73.66666666666667,71.33333333333333,74.66666666666667,58.66666666666666,67.66666666666667,57.66666666666666,72.0,66.0,66.33333333333333,50.66666666666666,62.0,41.0,52.0,52.0,54.333333333333336,,45.66666666666666,45.66666666666666,46.0,11.0,8.666666666666666,8.333333333333334,13.333333333333334,11.666666666666666
New Zealand,2016,14,24.714285714285715,182.28571428571428,78.21428571428571,47.57142857142857,47.71428571428572,51.285714285714285,55.07142857142857,44.92857142857143,52.92857142857143,47.142857142857146,43.85714285714285,47.21428571428572,55.0,67.14285714285714,69.57142857142857,64.85714285714286,61.142857142857146,61.785714285714285,54.71428571428572,63.21428571428572,62.21428571428572,65.5,49.5,54.0,41.142857142857146,51.57142857142857,51.42857142857143,49.142857142857146,,37.71428571428572,41.0,35.642857142857146,18.142857142857142,18.642857142857142,17.714285714285715,17.571428571428573,19.285714285714285
Nicaragua,2016,1,26.0,175.0,70.0,62.0,55.0,49.0,62.0,50.0,60.0,57.0,44.0,51.0,67.0,68.0,68.0,62.0,57.0,62.0,58.0,56.0,65.0,53.0,51.0,33.0,38.0,52.0,60.0,53.0,,33.0,25.0,28.0,8.0,10.0,8.0,13.0,8.0
Niger,2016,1,21.0,180.0,75.0,58.0,56.0,45.0,63.0,41.0,69.0,60.0,37.0,52.0,65.0,90.0,86.0,74.0,59.0,75.0,61.0,60.0,64.0,56.0,40.0,30.0,49.0,54.0,50.0,43.0,,43.0,30.0,44.0,10.0,13.0,10.0,13.0,15.0
Nigeria,2016,23,25.608695652173918,178.6086956521739,76.95652173913044,58.17391304347826,59.60869565217392,60.08695652173913,66.47826086956522,57.43478260869565,67.30434782608695,55.0,50.17391304347826,56.69565217391305,68.56521739130434,78.30434782608695,77.73913043478261,73.69565217391305,72.73913043478261,70.43478260869566,70.26086956521739,77.30434782608695,74.17391304347827,72.6086956521739,61.30434782608695,62.78260869565217,44.73913043478261,64.34782608695652,63.391304347826086,59.0,,39.47826086956522,43.69565217391305,43.0,17.782608695652176,16.695652173913043,17.608695652173914,18.782608695652176,17.26086956521739
North Macedonia,2016,16,25.625,183.6875,78.8125,50.0625,53.9375,54.875,56.4375,49.0625,55.0,50.0625,44.6875,48.8125,58.1875,62.75,62.5625,60.9375,62.375,59.1875,59.25,61.125,61.0625,67.9375,53.625,51.625,37.9375,55.875,52.9375,53.125,,34.375,39.125,35.0,18.0,17.25,17.6875,16.8125,18.3125
Northern Ireland,2016,23,27.695652173913043,182.4782608695652,76.95652173913044,51.78260869565217,47.0,55.78260869565217,59.65217391304348,46.47826086956522,54.56521739130435,47.95652173913044,46.73913043478261,54.65217391304348,61.30434782608695,62.95652173913044,62.34782608695652,61.869565217391305,64.8695652173913,64.47826086956522,55.47826086956522,66.21739130434783,64.78260869565217,65.82608695652173,47.82608695652174,60.391304347826086,49.43478260869565,48.0,51.47826086956522,50.60869565217392,,48.869565217391305,50.869565217391305,47.95652173913044,18.608695652173918,17.73913043478261,17.52173913043478,18.565217391304348,18.565217391304348
Norway,2016,23,24.695652173913043,183.17391304347825,78.04347826086956,54.82608695652174,47.91304347826087,52.69565217391305,64.0,49.43478260869565,59.69565217391305,50.73913043478261,51.26086956521739,59.65217391304348,64.43478260869566,68.21739130434783,68.82608695652173,68.56521739130434,70.08695652173913,65.95652173913044,62.60869565217392,67.52173913043478,71.30434782608695,70.1304347826087,53.30434782608695,62.869565217391305,57.869565217391305,53.34782608695652,59.56521739130435,48.34782608695652,,52.82608695652174,54.69565217391305,52.26086956521739,19.695652173913043,18.782608695652176,20.130434782608692,19.26086956521739,19.347826086956523
Oman,2016,2,28.5,187.0,71.5,35.0,37.5,39.0,53.0,38.5,39.0,36.0,36.0,46.5,42.0,55.0,60.0,68.0,70.5,61.0,44.5,66.0,53.0,65.0,37.5,50.5,42.0,35.5,46.5,35.5,,36.0,35.5,34.0,39.5,38.5,36.5,39.0,40.0
Palestine,2016,4,24.5,181.25,74.25,49.5,55.75,59.0,62.0,53.0,57.0,52.0,47.25,54.75,62.25,70.75,68.0,68.25,55.25,66.0,65.75,65.0,67.5,65.25,58.25,62.5,40.0,57.0,51.25,54.25,,47.75,47.25,44.5,11.5,10.5,9.25,10.75,12.25
Panama,2016,9,29.11111111111111,181.88888888888889,82.0,49.11111111111112,50.66666666666666,62.0,62.77777777777778,50.55555555555556,61.11111111111112,50.55555555555556,46.888888888888886,59.66666666666666,63.333333333333336,64.11111111111111,62.66666666666666,55.333333333333336,65.22222222222223,54.888888888888886,64.11111111111111,66.0,60.22222222222222,78.44444444444444,55.66666666666666,66.44444444444444,51.0,54.0,57.22222222222222,53.0,,46.44444444444444,46.44444444444444,45.77777777777778,9.77777777777778,11.11111111111111,9.77777777777778,11.0,10.77777777777778
Paraguay,2016,18,28.0,179.94444444444446,78.27777777777777,57.11111111111112,51.11111111111112,60.388888888888886,65.0,48.72222222222222,59.66666666666666,55.27777777777778,46.11111111111112,56.333333333333336,64.77777777777777,65.61111111111111,65.44444444444444,64.88888888888889,70.16666666666667,65.77777777777777,65.83333333333333,68.55555555555556,65.16666666666667,73.77777777777777,53.888888888888886,66.5,53.833333333333336,54.55555555555556,58.16666666666666,55.72222222222222,,46.833333333333336,51.55555555555556,48.22222222222222,18.666666666666668,17.77777777777778,18.38888888888889,17.88888888888889,18.38888888888889
Peru,2016,18,26.22222222222222,180.27777777777777,74.33333333333333,55.11111111111112,50.61111111111112,54.44444444444444,61.833333333333336,47.27777777777778,61.888888888888886,53.05555555555556,48.16666666666666,55.833333333333336,63.5,70.66666666666667,71.61111111111111,69.0,67.61111111111111,67.22222222222223,62.388888888888886,68.5,64.77777777777777,61.55555555555556,55.66666666666666,59.55555555555556,48.16666666666666,53.72222222222222,61.16666666666666,51.22222222222222,,43.66666666666666,50.72222222222222,47.888888888888886,21.05555555555556,21.05555555555556,19.72222222222222,20.72222222222222,20.88888888888889
Philippines,2016,5,26.6,175.4,72.8,48.2,36.2,40.2,54.4,36.0,52.8,43.2,37.2,48.2,56.0,68.6,63.2,74.6,59.8,79.4,47.2,69.6,58.6,58.0,36.4,52.4,48.0,42.8,48.6,40.4,,44.0,44.6,47.6,25.2,20.4,21.8,19.8,23.6
Poland,2016,23,26.956521739130437,184.1304347826087,78.47826086956522,57.17391304347826,48.43478260869565,56.08695652173913,64.0,49.52173913043478,59.65217391304348,52.78260869565217,48.130434782608695,61.95652173913044,64.0,67.3913043478261,65.73913043478261,63.26086956521739,71.47826086956522,63.56521739130435,62.43478260869565,67.78260869565217,68.0,69.52173913043478,54.56521739130435,64.26086956521739,54.69565217391305,54.56521739130435,61.60869565217392,52.08695652173913,,46.78260869565217,52.26086956521739,49.56521739130435,20.695652173913043,19.26086956521739,18.217391304347824,19.39130434782609,20.956521739130437
Portugal,2016,22,27.454545454545453,180.0,75.45454545454545,60.40909090909091,57.04545454545455,57.22727272727273,70.22727272727273,56.68181818181818,67.54545454545455,59.77272727272727,53.45454545454545,64.9090909090909,69.27272727272727,71.4090909090909,71.86363636363636,73.36363636363636,77.0909090909091,67.18181818181819,68.27272727272727,69.77272727272727,69.22727272727273,69.27272727272727,60.95454545454545,67.9090909090909,56.95454545454545,61.13636363636363,64.18181818181819,57.59090909090909,,50.72727272727273,55.36363636363637,50.77272727272727,20.40909090909091,20.0,20.0,20.181818181818183,19.63636363636364
Puerto Rico,2016,2,29.5,192.0,89.0,36.0,40.5,49.0,39.5,39.5,40.0,42.0,44.0,37.5,38.0,62.0,63.0,43.5,54.0,39.5,46.5,62.0,52.0,77.5,41.0,48.0,23.0,40.0,30.5,42.5,,22.5,16.5,21.0,38.5,40.0,39.0,40.0,37.0
Republic of Ireland,2016,23,28.869565217391305,182.5217391304348,78.78260869565217,60.73913043478261,53.60869565217392,58.869565217391305,66.08695652173913,53.130434782608695,61.47826086956522,53.60869565217392,49.73913043478261,60.47826086956522,65.47826086956522,64.78260869565217,65.30434782608695,67.0,72.21739130434783,64.6086956521739,61.869565217391305,68.43478260869566,71.8695652173913,71.47826086956522,53.47826086956522,68.21739130434783,57.17391304347826,57.82608695652174,61.78260869565217,57.52173913043478,,53.78260869565217,55.78260869565217,52.65217391304348,18.08695652173913,19.43478260869565,19.17391304347826,19.695652173913043,19.608695652173918
Romania,2016,15,27.6,181.86666666666667,77.46666666666667,53.8,49.0,52.13333333333333,61.46666666666667,49.266666666666666,53.46666666666667,55.266666666666666,51.2,57.86666666666667,59.73333333333333,67.13333333333334,67.73333333333333,65.86666666666666,72.66666666666667,63.8,61.4,66.53333333333333,64.46666666666667,68.8,55.0,56.2,50.333333333333336,53.06666666666667,55.266666666666666,52.2,,45.46666666666667,46.93333333333333,44.93333333333333,22.933333333333334,22.33333333333333,23.933333333333334,23.666666666666668,23.133333333333333
Russia,2016,23,28.130434782608692,183.56521739130437,78.30434782608695,62.43478260869565,57.95652173913044,60.21739130434783,69.65217391304348,54.0,63.04347826086956,53.65217391304348,54.56521739130435,66.3913043478261,65.8695652173913,67.52173913043478,67.6086956521739,65.26086956521739,72.8695652173913,61.04347826086956,67.17391304347827,66.91304347826087,71.65217391304348,69.43478260869566,60.30434782608695,67.17391304347827,58.60869565217392,60.869565217391305,65.56521739130434,58.30434782608695,,55.34782608695652,56.391304347826086,54.47826086956522,20.30434782608696,18.956521739130437,19.82608695652174,19.82608695652174,19.956521739130437
Rwanda,2016,1,22.0,186.0,84.0,37.0,23.0,58.0,46.0,22.0,35.0,24.0,26.0,43.0,42.0,58.0,53.0,58.0,56.0,50.0,47.0,70.0,67.0,80.0,29.0,61.0,55.0,30.0,29.0,35.0,,63.0,62.0,60.0,11.0,6.0,6.0,12.0,14.0
Saint Kitts and Nevis,2016,2,26.5,187.5,76.0,56.0,59.0,60.5,63.0,60.5,65.5,62.0,44.5,58.5,67.5,65.0,74.0,71.5,62.0,63.0,68.5,65.0,68.0,74.5,58.0,60.5,48.5,63.5,63.5,58.0,,44.0,49.5,43.5,10.5,10.5,9.5,12.0,7.5
Saint Lucia,2016,1,21.0,183.0,75.0,20.0,23.0,63.0,38.0,37.0,33.0,24.0,24.0,32.0,33.0,69.0,88.0,57.0,49.0,61.0,50.0,71.0,53.0,65.0,27.0,70.0,61.0,18.0,21.0,46.0,,61.0,70.0,69.0,13.0,12.0,6.0,16.0,14.0
Saudi Arabia,2016,23,26.782608695652176,175.04347826086956,68.52173913043478,59.391304347826086,59.26086956521739,57.91304347826087,65.1304347826087,56.21739130434783,64.0,58.60869565217392,52.69565217391305,58.04347826086956,65.21739130434783,77.04347826086956,77.17391304347827,74.82608695652173,68.52173913043478,71.1304347826087,66.65217391304348,72.30434782608695,74.47826086956522,66.3913043478261,61.21739130434783,60.17391304347826,45.04347826086956,63.52173913043478,63.0,61.17391304347826,,41.91304347826087,43.391304347826086,44.30434782608695,17.565217391304348,16.347826086956523,15.695652173913045,18.26086956521739,16.73913043478261
Scotland,2016,23,28.47826086956522,182.2173913043478,74.95652173913044,56.52173913043478,53.30434782608695,58.47826086956522,64.0,48.30434782608695,59.0,52.30434782608695,46.04347826086956,59.34782608695652,64.0,64.82608695652173,64.21739130434783,69.17391304347827,70.17391304347827,63.82608695652174,61.08695652173913,68.73913043478261,69.95652173913044,70.73913043478261,52.60869565217392,65.08695652173913,55.69565217391305,57.391304347826086,60.869565217391305,57.60869565217392,,52.43478260869565,55.08695652173913,52.04347826086956,18.347826086956523,17.91304347826087,18.39130434782609,19.39130434782609,19.65217391304348
Senegal,2016,23,26.43478260869565,184.69565217391303,79.34782608695652,59.82608695652174,56.17391304347826,74.04347826086956,68.95652173913044,52.56521739130435,66.69565217391305,54.65217391304348,51.21739130434783,59.82608695652174,71.04347826086956,73.1304347826087,75.56521739130434,67.34782608695652,72.8695652173913,61.43478260869565,74.3913043478261,75.69565217391305,76.1304347826087,79.6086956521739,60.69565217391305,73.21739130434783,60.34782608695652,62.95652173913044,59.21739130434783,58.52173913043478,,56.78260869565217,60.73913043478261,57.391304347826086,10.782608695652174,8.217391304347826,11.217391304347826,10.521739130434783,10.869565217391305
Serbia,2016,23,25.956521739130437,184.65217391304347,79.17391304347827,62.82608695652174,55.69565217391305,70.04347826086956,72.3913043478261,57.0,65.69565217391305,60.30434782608695,57.21739130434783,66.95652173913044,72.91304347826087,68.52173913043478,71.26086956521739,65.08695652173913,76.0,63.21739130434783,70.73913043478261,73.6086956521739,73.6086956521739,75.65217391304348,61.60869565217392,70.95652173913044,63.56521739130435,59.65217391304348,64.43478260869566,59.47826086956522,,59.130434782608695,64.69565217391305,61.95652173913044,10.130434782608695,10.695652173913045,10.782608695652174,10.91304347826087,10.869565217391305
Sierra Leone,2016,12,23.916666666666668,181.08333333333331,74.58333333333333,50.5,51.583333333333336,58.75,56.5,49.833333333333336,60.083333333333336,48.25,43.25,49.41666666666666,60.75,71.0,73.5,68.41666666666667,59.833333333333336,69.25,64.66666666666667,71.25,66.66666666666667,73.0,53.91666666666666,63.083333333333336,42.583333333333336,53.66666666666666,53.083333333333336,52.5,,39.66666666666666,40.91666666666666,39.333333333333336,12.0,10.0,11.333333333333334,9.833333333333334,11.583333333333334
Slovakia,2016,23,28.26086956521739,183.69565217391303,77.1304347826087,55.04347826086956,49.0,55.65217391304348,60.391304347826086,48.43478260869565,58.21739130434783,50.65217391304348,47.78260869565217,55.95652173913044,61.47826086956522,66.95652173913044,67.3913043478261,64.26086956521739,68.21739130434783,61.73913043478261,59.78260869565217,68.8695652173913,62.78260869565217,64.6086956521739,52.43478260869565,57.65217391304348,48.78260869565217,52.0,53.60869565217392,50.26086956521739,,47.91304347826087,50.391304347826086,48.47826086956522,18.695652173913043,17.434782608695652,18.43478260869565,19.217391304347824,19.30434782608696
Slovenia,2016,20,27.35,185.8,79.85,56.4,46.75,54.75,65.0,51.45,58.6,55.3,54.05,61.2,64.05,63.7,66.8,61.7,67.4,58.75,60.6,68.85,65.9,72.3,54.85,60.35,53.3,53.75,58.0,54.55,,46.4,48.3,46.15,21.3,20.25,18.1,21.65,19.85
South Africa,2016,21,25.857142857142858,176.23809523809524,71.80952380952381,50.523809523809526,47.80952380952381,52.71428571428572,61.38095238095238,46.90476190476191,58.76190476190476,48.66666666666666,41.0,57.0,61.66666666666666,73.19047619047619,73.04761904761905,66.71428571428571,65.66666666666667,70.95238095238095,56.47619047619048,64.76190476190476,67.0,57.04761904761905,49.90476190476191,55.90476190476191,49.42857142857143,51.90476190476191,56.47619047619048,47.61904761904762,,46.57142857142857,51.0,45.71428571428572,19.23809523809524,19.09523809523809,20.476190476190474,19.952380952380956,19.666666666666668
South Korea,2016,23,29.0,182.0434782608696,75.91304347826087,56.78260869565217,52.82608695652174,59.391304347826086,63.82608695652174,48.47826086956522,59.60869565217392,57.73913043478261,53.52173913043478,57.65217391304348,62.56521739130435,69.78260869565217,71.6086956521739,67.08695652173913,69.56521739130434,66.34782608695652,62.56521739130435,73.69565217391305,69.78260869565217,72.47826086956522,54.60869565217392,56.130434782608695,50.82608695652174,58.78260869565217,60.08695652173913,58.56521739130435,,47.17391304347826,50.04347826086956,46.30434782608695,18.043478260869566,18.608695652173918,19.043478260869566,18.869565217391305,18.782608695652176
Spain,2016,23,26.17391304347826,178.8695652173913,74.0,67.17391304347827,60.52173913043478,59.56521739130435,74.1304347826087,56.17391304347826,69.78260869565217,67.34782608695652,57.65217391304348,68.30434782608695,75.6086956521739,73.47826086956522,72.3913043478261,75.1304347826087,81.82608695652173,71.43478260869566,64.6086956521739,69.95652173913044,72.21739130434783,67.95652173913044,58.30434782608695,62.30434782608695,57.82608695652174,66.82608695652173,70.73913043478261,62.04347826086956,,51.65217391304348,54.52173913043478,51.82608695652174,18.82608695652174,19.73913043478261,18.73913043478261,18.869565217391305,19.91304347826087
Suriname,2016,13,25.153846153846157,177.15384615384616,74.07692307692308,56.38461538461539,47.84615384615385,47.92307692307692,59.38461538461539,47.46153846153846,61.69230769230769,52.23076923076923,42.76923076923077,56.23076923076923,62.61538461538461,71.92307692307692,76.0,68.92307692307692,61.23076923076923,68.46153846153847,56.69230769230769,72.38461538461539,64.53846153846153,67.23076923076923,48.0,55.53846153846154,45.76923076923077,53.07692307692308,57.0,50.69230769230769,,41.76923076923077,43.92307692307692,44.23076923076923,15.846153846153848,14.76923076923077,15.23076923076923,14.846153846153848,15.615384615384617
Sweden,2016,23,27.695652173913043,185.7826086956522,80.3913043478261,57.65217391304348,54.0,57.17391304347826,67.82608695652173,54.47826086956522,60.17391304347826,58.08695652173913,52.130434782608695,63.21739130434783,65.95652173913044,61.391304347826086,63.91304347826087,62.78260869565217,73.08695652173913,58.26086956521739,67.52173913043478,67.65217391304348,68.78260869565217,73.21739130434783,60.30434782608695,67.78260869565217,52.69565217391305,58.73913043478261,61.82608695652174,56.78260869565217,,48.95652173913044,53.34782608695652,49.69565217391305,17.956521739130434,17.695652173913043,18.17391304347826,19.39130434782609,19.26086956521739
Switzerland,2016,23,25.47826086956522,183.0434782608696,78.95652173913044,60.130434782608695,53.08695652173913,60.08695652173913,70.30434782608695,56.26086956521739,62.60869565217392,57.91304347826087,54.17391304347826,66.69565217391305,67.65217391304348,67.43478260869566,70.0,67.30434782608695,75.95652173913044,63.95652173913044,69.43478260869566,69.65217391304348,72.47826086956522,75.04347826086956,60.21739130434783,69.91304347826087,60.47826086956522,59.0,65.17391304347827,58.47826086956522,,53.43478260869565,59.56521739130435,57.0,19.782608695652176,18.65217391304348,18.043478260869566,18.52173913043478,20.52173913043478
Syria,2016,5,27.8,179.4,75.8,54.8,61.8,55.4,62.6,54.4,61.2,53.0,57.6,51.8,62.4,67.8,70.8,60.8,63.4,61.0,67.2,65.2,70.8,69.4,54.6,56.2,38.0,63.8,57.6,64.8,,37.2,37.8,39.2,9.2,8.0,9.0,10.0,8.2
Tanzania,2016,1,22.0,185.0,76.0,30.0,58.0,57.0,44.0,45.0,52.0,35.0,29.0,30.0,54.0,66.0,72.0,59.0,52.0,61.0,63.0,62.0,58.0,64.0,49.0,35.0,19.0,58.0,41.0,58.0,,13.0,16.0,14.0,11.0,14.0,15.0,16.0,8.0
Togo,2016,12,25.5,180.25,73.33333333333333,54.16666666666666,52.0,54.75,56.41666666666666,48.41666666666666,60.583333333333336,47.91666666666666,43.66666666666666,49.083333333333336,59.91666666666666,71.83333333333333,70.91666666666667,68.75,61.0,65.58333333333333,59.083333333333336,67.66666666666667,62.41666666666666,63.75,49.75,53.5,37.75,53.91666666666666,53.16666666666666,52.333333333333336,,33.166666666666664,37.16666666666666,36.16666666666666,17.333333333333332,16.416666666666668,14.833333333333334,16.833333333333332,16.666666666666668
Trinidad and Tobago,2016,12,26.75,181.0,74.66666666666667,54.583333333333336,45.583333333333336,58.16666666666666,61.66666666666666,49.16666666666666,61.75,51.66666666666666,45.41666666666666,54.333333333333336,62.66666666666666,70.91666666666667,71.91666666666667,66.66666666666667,63.16666666666666,67.25,59.91666666666666,67.58333333333333,69.83333333333333,66.83333333333333,48.16666666666666,63.0,54.333333333333336,50.583333333333336,54.66666666666666,49.5,,58.0,59.583333333333336,55.333333333333336,10.916666666666666,9.916666666666666,11.166666666666666,9.583333333333334,10.666666666666666
Tunisia,2016,22,27.09090909090909,181.22727272727272,75.31818181818181,57.5,56.13636363636363,58.13636363636363,66.45454545454545,53.09090909090909,65.13636363636364,54.90909090909091,55.0,57.54545454545455,67.0909090909091,65.81818181818181,66.77272727272727,67.68181818181819,64.9090909090909,66.04545454545455,66.27272727272727,65.13636363636364,62.45454545454545,66.13636363636364,58.45454545454545,62.81818181818182,45.0,56.95454545454545,61.18181818181818,58.90909090909091,,43.22727272727273,45.81818181818182,43.0,11.363636363636363,10.954545454545457,11.363636363636363,10.954545454545457,11.136363636363637
Turkey,2016,23,25.869565217391305,181.69565217391303,76.6086956521739,62.43478260869565,57.56521739130435,59.130434782608695,68.47826086956522,57.47826086956522,67.1304347826087,61.78260869565217,55.26086956521739,65.34782608695652,68.30434782608695,71.95652173913044,73.30434782608695,69.34782608695652,74.26086956521739,65.56521739130434,69.0,67.56521739130434,72.30434782608695,70.6086956521739,62.65217391304348,68.21739130434783,55.60869565217392,61.869565217391305,65.04347826086956,56.91304347826087,,49.43478260869565,53.82608695652174,50.0,19.130434782608692,19.217391304347824,18.43478260869565,18.956521739130437,20.217391304347824
Uganda,2016,5,23.4,179.0,73.2,50.0,47.0,53.8,58.0,47.4,57.2,43.4,40.8,45.8,55.4,69.0,70.0,59.6,59.4,65.0,60.8,62.6,58.8,61.8,44.4,50.4,43.6,50.6,45.4,51.2,,48.0,49.4,48.8,12.8,11.2,11.6,11.8,9.4
Ukraine,2016,23,27.130434782608692,184.30434782608697,77.69565217391305,51.82608695652174,45.30434782608695,53.130434782608695,60.82608695652174,44.65217391304348,52.56521739130435,47.17391304347826,46.21739130434783,56.21739130434783,57.56521739130435,67.21739130434783,67.8695652173913,63.52173913043478,71.04347826086956,60.52173913043478,55.08695652173913,67.69565217391305,63.78260869565217,71.34782608695652,52.08695652173913,56.21739130434783,52.130434782608695,50.95652173913044,57.65217391304348,45.26086956521739,,46.65217391304348,47.47826086956522,46.65217391304348,25.956521739130437,24.82608695652174,22.869565217391305,26.043478260869566,25.30434782608696
United States,2016,23,26.73913043478261,183.2608695652174,77.0,54.21739130434783,51.43478260869565,61.95652173913044,66.30434782608695,52.95652173913044,60.52173913043478,56.391304347826086,46.91304347826087,62.26086956521739,63.56521739130435,68.6086956521739,70.26086956521739,66.73913043478261,69.95652173913044,62.69565217391305,64.21739130434783,72.47826086956522,72.26086956521739,70.95652173913044,54.73913043478261,63.869565217391305,53.04347826086956,57.08695652173913,62.56521739130435,53.69565217391305,,51.869565217391305,55.47826086956522,52.130434782608695,18.65217391304348,18.91304347826087,18.565217391304348,20.130434782608692,20.26086956521739
Uruguay,2016,20,27.45,180.1,75.8,58.55,51.95,59.75,64.25,54.75,60.65,57.85,52.65,59.7,64.25,70.95,72.1,67.6,75.15,67.25,65.75,74.2,71.55,70.85,55.1,68.8,57.05,58.25,60.9,57.7,,50.8,55.95,52.8,20.45,19.9,19.0,20.1,21.25
Uzbekistan,2016,4,28.5,176.25,70.5,68.75,54.25,58.5,71.25,55.0,66.75,63.25,65.0,65.25,71.25,73.75,74.0,69.75,70.75,71.75,71.0,70.5,74.25,61.25,58.5,61.75,63.25,60.0,72.25,54.75,,55.5,54.25,52.0,12.25,8.75,12.0,11.25,13.25
Venezuela,2016,22,27.227272727272727,180.1818181818182,76.0,53.63636363636363,50.27272727272727,54.68181818181818,61.68181818181818,48.63636363636363,58.54545454545455,52.77272727272727,48.27272727272727,57.40909090909091,62.18181818181818,65.18181818181819,65.45454545454545,63.54545454545455,67.72727272727273,64.45454545454545,62.0,69.81818181818181,63.95454545454545,68.22727272727273,52.36363636363637,60.81818181818182,46.45454545454545,55.45454545454545,58.36363636363637,51.13636363636363,,42.27272727272727,46.95454545454545,44.59090909090909,19.5,19.318181818181817,18.90909090909091,18.227272727272727,18.63636363636364
Wales,2016,23,25.956521739130437,181.17391304347825,76.8695652173913,57.17391304347826,51.47826086956522,57.65217391304348,64.47826086956522,46.56521739130435,61.08695652173913,52.73913043478261,46.65217391304348,60.08695652173913,64.3913043478261,67.6086956521739,65.65217391304348,65.73913043478261,69.3913043478261,65.78260869565217,59.30434782608695,68.73913043478261,70.52173913043478,69.3913043478261,53.69565217391305,58.56521739130435,52.43478260869565,56.43478260869565,60.95652173913044,54.391304347826086,,52.60869565217392,54.73913043478261,51.95652173913044,18.08695652173913,17.217391304347824,17.565217391304348,17.869565217391305,17.26086956521739
Zambia,2016,2,25.0,183.5,74.0,52.0,41.5,63.5,67.5,41.0,58.0,54.0,47.5,62.0,67.5,76.5,78.0,74.0,60.5,75.0,49.5,76.0,73.5,77.0,54.5,66.0,50.5,51.5,57.5,52.5,,56.5,62.0,59.0,11.5,15.5,9.5,12.0,10.0
Zimbabwe,2016,14,24.428571428571427,177.07142857142858,72.0,51.642857142857146,58.21428571428572,55.42857142857143,61.142857142857146,52.57142857142857,64.14285714285714,51.35714285714285,41.35714285714285,49.142857142857146,64.28571428571429,76.35714285714286,75.07142857142857,69.85714285714286,57.85714285714285,73.85714285714286,60.0,70.35714285714286,67.35714285714286,61.92857142857143,55.285714285714285,54.71428571428572,37.57142857142857,58.0,54.142857142857146,53.71428571428572,,36.785714285714285,38.0,36.92857142857143,12.142857142857142,10.214285714285714,11.142857142857142,11.285714285714286,10.357142857142858
Afghanistan,2017,1,18.0,180.0,69.0,26.0,55.0,49.0,54.0,47.0,58.0,44.0,28.0,41.0,58.0,70.0,68.0,59.0,51.0,71.0,52.0,55.0,59.0,49.0,45.0,30.0,10.0,42.0,52.0,58.0,45.0,19.0,12.0,14.0,11.0,14.0,8.0,6.0,6.0
Albania,2017,23,25.347826086956523,182.2173913043478,76.82608695652173,54.78260869565217,52.43478260869565,54.78260869565217,60.43478260869565,50.78260869565217,59.47826086956522,50.82608695652174,48.65217391304348,53.30434782608695,63.78260869565217,67.65217391304348,68.78260869565217,65.3913043478261,66.08695652173913,64.0,63.21739130434783,64.17391304347827,68.91304347826087,69.0,53.69565217391305,61.08695652173913,48.34782608695652,55.91304347826087,57.78260869565217,53.26086956521739,60.56521739130435,42.30434782608695,48.26086956521739,44.69565217391305,15.956521739130435,15.043478260869565,14.652173913043478,15.130434782608695,16.82608695652174
Algeria,2017,23,27.08695652173913,181.08695652173915,75.04347826086956,67.34782608695652,63.130434782608695,62.91304347826087,74.56521739130434,60.869565217391305,72.82608695652173,65.69565217391305,62.52173913043478,68.30434782608695,75.78260869565217,72.08695652173913,70.69565217391305,72.3913043478261,71.21739130434783,68.47826086956522,71.17391304347827,68.82608695652173,74.43478260869566,68.34782608695652,66.52173913043478,65.08695652173913,54.130434782608695,66.69565217391305,68.56521739130434,63.47826086956522,70.04347826086956,45.21739130434783,50.47826086956522,47.130434782608695,11.217391304347826,10.347826086956522,10.956521739130435,10.304347826086955,10.869565217391305
Angola,2017,10,26.1,178.7,76.1,56.9,57.2,62.0,61.5,55.7,66.4,54.0,48.3,54.9,66.8,77.4,80.4,73.8,64.2,69.6,67.8,74.6,71.6,71.9,57.9,65.6,46.3,62.2,54.8,54.4,62.5,38.7,43.8,41.1,11.6,10.3,9.7,11.2,10.3
Antigua and Barbuda,2017,6,23.33333333333333,179.83333333333334,71.66666666666667,49.333333333333336,52.833333333333336,46.5,51.333333333333336,44.5,59.66666666666666,49.5,43.16666666666666,45.0,54.333333333333336,75.5,75.0,64.16666666666667,53.0,66.16666666666667,52.833333333333336,59.5,60.833333333333336,57.5,45.333333333333336,47.66666666666666,35.333333333333336,55.5,52.833333333333336,52.0,52.16666666666666,32.0,36.0,32.666666666666664,10.0,11.833333333333334,11.333333333333334,12.166666666666666,10.5
Argentina,2017,23,28.347826086956523,181.0,76.6086956521739,63.78260869565217,56.52173913043478,61.52173913043478,70.1304347826087,54.0,64.73913043478261,60.56521739130435,56.73913043478261,67.30434782608695,70.95652173913044,70.17391304347827,70.1304347826087,70.8695652173913,79.65217391304348,68.65217391304348,68.1304347826087,72.26086956521739,70.47826086956522,73.21739130434783,61.47826086956522,68.73913043478261,56.08695652173913,61.34782608695652,67.0,57.43478260869565,74.26086956521739,48.69565217391305,55.56521739130435,52.65217391304348,18.30434782608696,19.347826086956523,17.608695652173914,18.43478260869565,18.39130434782609
Armenia,2017,9,25.22222222222222,181.55555555555557,76.11111111111111,51.22222222222222,56.888888888888886,59.66666666666666,60.55555555555556,57.22222222222222,63.333333333333336,51.888888888888886,49.22222222222222,51.44444444444444,67.88888888888889,67.0,68.77777777777777,63.44444444444444,65.0,62.66666666666666,69.11111111111111,65.66666666666667,68.44444444444444,65.55555555555556,63.333333333333336,59.0,46.44444444444444,64.22222222222223,58.44444444444444,62.11111111111112,59.77777777777778,39.22222222222222,43.0,40.11111111111112,9.555555555555555,10.77777777777778,11.444444444444445,8.88888888888889,9.88888888888889
Aruba,2017,2,22.0,182.0,77.0,58.0,40.0,57.5,63.0,45.5,58.5,48.5,44.0,60.5,61.5,76.0,76.5,71.0,62.0,64.5,55.5,76.0,78.0,75.5,45.5,74.5,61.5,54.5,53.5,45.5,55.5,62.0,67.5,65.0,10.0,9.5,7.5,11.5,11.5
Australia,2017,23,25.08695652173913,181.8695652173913,76.17391304347827,53.08695652173913,50.0,55.21739130434783,61.47826086956522,48.34782608695652,57.26086956521739,52.26086956521739,44.0,55.60869565217392,60.34782608695652,68.0,68.65217391304348,66.17391304347827,65.52173913043478,66.26086956521739,57.869565217391305,69.1304347826087,68.04347826086956,70.8695652173913,52.52173913043478,64.73913043478261,51.17391304347826,52.869565217391305,59.26086956521739,54.17391304347826,63.130434782608695,47.78260869565217,52.47826086956522,49.26086956521739,19.43478260869565,18.17391304347826,19.47826086956522,18.91304347826087,19.30434782608696
Austria,2017,23,26.17391304347826,185.0434782608696,79.95652173913044,56.130434782608695,51.69565217391305,58.34782608695652,65.47826086956522,51.43478260869565,60.91304347826087,53.60869565217392,53.130434782608695,58.52173913043478,65.08695652173913,68.0,69.78260869565217,64.6086956521739,70.47826086956522,61.91304347826087,64.65217391304348,66.43478260869566,71.47826086956522,73.34782608695652,56.30434782608695,64.82608695652173,53.91304347826087,57.130434782608695,62.26086956521739,54.78260869565217,63.82608695652174,51.04347826086956,54.21739130434783,50.04347826086956,19.130434782608692,17.73913043478261,18.956521739130437,19.130434782608692,18.608695652173918
Azerbaijan,2017,9,24.55555555555556,183.0,75.33333333333333,51.66666666666666,43.888888888888886,50.0,57.22222222222222,46.44444444444444,56.333333333333336,50.888888888888886,43.66666666666666,51.77777777777778,59.11111111111112,67.22222222222223,66.44444444444444,68.22222222222223,60.55555555555556,65.77777777777777,59.888888888888886,67.66666666666667,60.66666666666666,64.77777777777777,48.55555555555556,58.11111111111112,45.66666666666666,48.22222222222222,50.55555555555556,51.44444444444444,51.0,41.0,47.888888888888886,44.22222222222222,17.0,16.11111111111111,16.11111111111111,15.333333333333334,17.555555555555557
Barbados,2017,1,29.0,183.0,78.0,58.0,68.0,55.0,55.0,54.0,70.0,33.0,36.0,50.0,65.0,90.0,90.0,81.0,65.0,62.0,69.0,48.0,78.0,64.0,50.0,62.0,26.0,52.0,62.0,75.0,45.0,22.0,27.0,22.0,16.0,6.0,8.0,14.0,9.0
Belarus,2017,14,29.0,184.0,78.85714285714286,52.35714285714285,47.07142857142857,53.57142857142857,60.5,42.07142857142857,53.642857142857146,49.92857142857143,47.785714285714285,56.57142857142857,58.142857142857146,58.142857142857146,59.42857142857143,54.92857142857143,62.35714285714285,58.57142857142857,51.785714285714285,66.0,64.57142857142857,68.85714285714286,47.642857142857146,57.785714285714285,50.57142857142857,46.285714285714285,53.142857142857146,52.07142857142857,55.0,46.71428571428572,51.92857142857143,47.57142857142857,19.214285714285715,18.142857142857142,18.571428571428573,18.285714285714285,19.428571428571427
Belgium,2017,23,25.91304347826087,185.1304347826087,78.73913043478261,63.21739130434783,61.91304347826087,62.47826086956522,70.78260869565217,60.08695652173913,68.65217391304348,60.56521739130435,57.21739130434783,64.78260869565217,71.95652173913044,72.52173913043478,73.73913043478261,70.1304347826087,78.69565217391305,61.78260869565217,74.95652173913044,72.78260869565217,72.21739130434783,76.3913043478261,65.56521739130434,66.8695652173913,51.69565217391305,64.56521739130434,67.47826086956522,64.52173913043478,75.47826086956522,48.52173913043478,53.95652173913044,50.30434782608695,19.30434782608696,18.82608695652174,18.47826086956522,19.565217391304348,20.17391304347826
Belize,2017,1,23.0,180.0,75.0,52.0,60.0,69.0,59.0,55.0,64.0,44.0,23.0,44.0,65.0,77.0,76.0,73.0,64.0,69.0,62.0,80.0,75.0,66.0,50.0,69.0,23.0,64.0,58.0,50.0,62.0,32.0,35.0,27.0,6.0,5.0,6.0,10.0,8.0
Benin,2017,15,25.266666666666666,183.7333333333333,78.26666666666667,47.8,48.13333333333333,58.73333333333333,56.4,41.13333333333333,51.4,42.73333333333333,39.0,49.333333333333336,58.333333333333336,61.8,63.73333333333333,58.73333333333333,60.46666666666667,58.46666666666667,50.8,69.0,65.8,70.86666666666666,46.66666666666666,61.93333333333333,44.6,47.93333333333333,50.93333333333333,50.0,55.2,42.6,45.8,42.2,17.733333333333334,19.2,17.333333333333332,19.2,16.8
Bermuda,2017,5,21.6,179.0,73.4,50.2,54.0,49.6,54.2,51.6,62.0,51.4,50.0,43.6,58.0,76.0,75.8,72.0,56.2,71.6,57.2,59.8,66.4,65.4,51.8,55.4,39.8,55.2,55.8,49.8,53.8,28.6,41.2,33.0,9.4,7.2,11.6,6.4,8.6
Bolivia,2017,23,27.73913043478261,179.3913043478261,73.82608695652173,43.78260869565217,39.47826086956522,51.82608695652174,53.52173913043478,34.34782608695652,48.56521739130435,37.47826086956522,40.21739130434783,47.21739130434783,51.60869565217392,60.08695652173913,60.73913043478261,57.73913043478261,59.34782608695652,62.65217391304348,50.30434782608695,61.43478260869565,64.3913043478261,59.04347826086956,41.869565217391305,50.91304347826087,47.869565217391305,45.17391304347826,50.91304347826087,49.43478260869565,52.30434782608695,48.73913043478261,48.78260869565217,48.21739130434783,18.608695652173918,18.17391304347826,18.347826086956523,19.26086956521739,18.26086956521739
Bosnia and Herzegovina,2017,23,26.956521739130437,185.34782608695653,79.30434782608695,56.65217391304348,50.0,61.130434782608695,65.04347826086956,50.78260869565217,59.391304347826086,57.91304347826087,54.21739130434783,60.65217391304348,65.69565217391305,63.60869565217392,66.0,63.43478260869565,72.52173913043478,59.69565217391305,67.0,64.78260869565217,66.56521739130434,72.78260869565217,55.56521739130435,64.3913043478261,55.869565217391305,53.73913043478261,57.26086956521739,55.73913043478261,65.91304347826087,51.0,55.30434782608695,53.30434782608695,17.0,16.565217391304348,17.26086956521739,16.130434782608695,16.434782608695652
Brazil,2017,23,27.0,180.4782608695652,75.26086956521739,63.30434782608695,58.34782608695652,60.0,72.3913043478261,59.08695652173913,70.17391304347827,62.08695652173913,60.60869565217392,68.8695652173913,73.6086956521739,74.82608695652173,74.56521739130434,74.26086956521739,80.52173913043478,69.47826086956522,70.47826086956522,70.78260869565217,72.17391304347827,67.47826086956522,63.73913043478261,62.26086956521739,54.47826086956522,62.08695652173913,70.78260869565217,60.08695652173913,74.91304347826087,49.869565217391305,57.0,54.34782608695652,19.782608695652176,19.08695652173913,18.30434782608696,18.956521739130437,19.347826086956523
Bulgaria,2017,23,28.043478260869566,181.34782608695653,74.82608695652173,49.69565217391305,46.34782608695652,55.60869565217392,57.73913043478261,41.78260869565217,51.30434782608695,47.69565217391305,43.91304347826087,51.52173913043478,57.52173913043478,64.8695652173913,65.73913043478261,60.391304347826086,65.56521739130434,65.65217391304348,53.17391304347826,63.82608695652174,62.91304347826087,63.91304347826087,46.26086956521739,55.52173913043478,49.73913043478261,50.73913043478261,49.78260869565217,46.82608695652174,54.91304347826087,48.47826086956522,50.08695652173913,47.65217391304348,18.47826086956522,17.869565217391305,17.73913043478261,18.43478260869565,17.608695652173914
Burkina Faso,2017,14,25.142857142857142,178.85714285714286,72.14285714285714,58.785714285714285,51.35714285714285,59.285714285714285,64.35714285714286,48.71428571428572,63.642857142857146,53.785714285714285,49.85714285714285,62.0,66.57142857142857,74.92857142857143,73.5,69.42857142857143,63.21428571428572,66.92857142857143,65.92857142857143,71.78571428571429,67.71428571428571,66.78571428571429,54.35714285714285,66.57142857142857,51.71428571428572,57.57142857142857,57.42857142857143,54.285714285714285,58.642857142857146,49.85714285714285,50.642857142857146,49.21428571428572,10.357142857142858,12.071428571428571,10.142857142857142,12.071428571428571,11.571428571428571
Cameroon,2017,23,25.565217391304348,182.2173913043478,78.3913043478261,48.17391304347826,44.47826086956522,59.65217391304348,62.08695652173913,45.65217391304348,57.26086956521739,46.91304347826087,40.0,56.17391304347826,60.52173913043478,70.52173913043478,71.26086956521739,66.56521739130434,66.78260869565217,62.21739130434783,59.21739130434783,71.82608695652173,66.91304347826087,72.21739130434783,48.17391304347826,61.34782608695652,51.65217391304348,51.65217391304348,53.43478260869565,49.391304347826086,57.17391304347826,47.56521739130435,51.130434782608695,49.0,18.130434782608692,17.26086956521739,17.565217391304348,17.565217391304348,18.043478260869566
Canada,2017,23,27.0,183.69565217391303,79.3913043478261,44.17391304347826,44.04347826086956,57.08695652173913,56.52173913043478,43.52173913043478,51.08695652173913,43.52173913043478,39.26086956521739,46.08695652173913,55.34782608695652,65.30434782608695,67.08695652173913,59.17391304347826,62.17391304347826,61.95652173913044,59.95652173913044,66.82608695652173,65.69565217391305,74.04347826086956,48.391304347826086,62.391304347826086,49.17391304347826,44.69565217391305,47.95652173913044,50.21739130434783,57.26086956521739,46.52173913043478,47.78260869565217,45.30434782608695,17.565217391304348,15.391304347826088,16.652173913043477,17.82608695652174,17.434782608695652
Cape Verde,2017,23,25.565217391304348,183.34782608695653,76.65217391304348,52.869565217391305,51.391304347826086,58.869565217391305,60.26086956521739,49.30434782608695,63.21739130434783,52.60869565217392,45.0,51.21739130434783,64.3913043478261,71.08695652173913,70.08695652173913,67.73913043478261,65.1304347826087,63.30434782608695,61.52173913043478,66.1304347826087,64.78260869565217,69.1304347826087,50.34782608695652,58.30434782608695,43.34782608695652,54.91304347826087,54.73913043478261,54.869565217391305,58.34782608695652,40.56521739130435,42.47826086956522,40.69565217391305,12.565217391304348,12.695652173913045,13.130434782608695,13.434782608695652,11.73913043478261
Central African Republic,2017,7,26.571428571428573,184.57142857142856,76.85714285714286,44.285714285714285,47.71428571428572,54.71428571428572,55.71428571428572,43.71428571428572,53.85714285714285,47.142857142857146,40.142857142857146,47.57142857142857,56.85714285714285,62.42857142857143,65.0,60.57142857142857,59.142857142857146,57.142857142857146,54.71428571428572,70.28571428571429,58.285714285714285,71.0,49.42857142857143,54.71428571428572,38.57142857142857,52.57142857142857,50.285714285714285,44.0,53.85714285714285,40.0,40.0,37.0,19.714285714285715,18.428571428571427,19.142857142857142,18.0,18.857142857142858
Chad,2017,1,23.0,184.0,75.0,60.0,74.0,63.0,60.0,71.0,72.0,65.0,49.0,55.0,69.0,86.0,86.0,69.0,66.0,59.0,78.0,75.0,85.0,79.0,67.0,66.0,19.0,70.0,50.0,72.0,53.0,15.0,13.0,14.0,6.0,11.0,9.0,15.0,9.0
Chile,2017,23,28.565217391304348,176.56521739130434,73.8695652173913,60.56521739130435,55.78260869565217,54.69565217391305,69.34782608695652,54.26086956521739,65.82608695652173,58.56521739130435,58.52173913043478,64.91304347826087,70.0,71.52173913043478,68.82608695652173,73.08695652173913,75.26086956521739,72.21739130434783,65.08695652173913,73.08695652173913,72.73913043478261,67.3913043478261,61.17391304347826,67.73913043478261,55.56521739130435,64.17391304347827,68.17391304347827,61.130434782608695,68.8695652173913,49.69565217391305,54.73913043478261,51.82608695652174,18.47826086956522,17.47826086956522,18.17391304347826,17.782608695652176,19.130434782608692
China,2017,23,27.47826086956522,183.17391304347825,75.17391304347827,54.130434782608695,52.95652173913044,50.30434782608695,61.04347826086956,48.869565217391305,61.26086956521739,49.34782608695652,46.82608695652174,55.91304347826087,61.47826086956522,66.91304347826087,66.52173913043478,63.0,68.73913043478261,66.69565217391305,54.56521739130435,59.78260869565217,65.04347826086956,65.69565217391305,48.91304347826087,57.82608695652174,48.65217391304348,57.65217391304348,62.04347826086956,51.30434782608695,57.08695652173913,44.130434782608695,47.30434782608695,48.30434782608695,17.782608695652176,17.130434782608695,17.91304347826087,18.30434782608696,19.30434782608696
Colombia,2017,23,26.17391304347826,180.04347826086956,76.65217391304348,56.30434782608695,48.52173913043478,55.65217391304348,65.82608695652173,44.95652173913044,63.56521739130435,49.0,44.60869565217392,60.26086956521739,66.73913043478261,69.21739130434783,70.3913043478261,70.08695652173913,72.34782608695652,64.0,65.56521739130434,72.17391304347827,68.34782608695652,70.6086956521739,51.60869565217392,65.73913043478261,53.52173913043478,57.04347826086956,60.30434782608695,54.21739130434783,64.73913043478261,47.43478260869565,50.91304347826087,48.65217391304348,19.65217391304348,19.65217391304348,18.65217391304348,18.956521739130437,19.17391304347826
Comoros,2017,8,26.0,176.125,71.75,51.375,36.625,53.25,59.25,38.625,56.625,48.625,41.25,55.25,58.375,70.375,67.75,73.25,65.75,73.75,52.125,64.625,64.375,60.875,43.25,54.125,53.25,45.375,52.375,42.375,56.0,45.0,47.5,44.25,18.75,18.75,16.625,18.5,19.375
Congo,2017,23,25.565217391304348,182.82608695652172,77.1304347826087,46.69565217391305,43.56521739130435,60.26086956521739,58.95652173913044,42.60869565217392,53.17391304347826,42.34782608695652,39.869565217391305,50.43478260869565,59.08695652173913,66.82608695652173,67.78260869565217,62.04347826086956,63.43478260869565,60.60869565217392,57.21739130434783,67.82608695652173,64.3913043478261,73.0,43.69565217391305,59.78260869565217,47.30434782608695,48.95652173913044,48.91304347826087,48.17391304347826,53.30434782608695,44.21739130434783,48.04347826086956,45.26086956521739,13.608695652173912,12.478260869565217,13.608695652173912,12.826086956521738,12.565217391304348
Costa Rica,2017,23,26.782608695652176,181.43478260869568,76.69565217391305,53.04347826086956,47.391304347826086,57.52173913043478,61.52173913043478,49.91304347826087,60.26086956521739,53.47826086956522,47.34782608695652,57.04347826086956,63.43478260869565,72.21739130434783,71.6086956521739,66.34782608695652,68.21739130434783,65.6086956521739,63.78260869565217,71.69565217391305,68.52173913043478,68.8695652173913,51.43478260869565,67.3913043478261,51.65217391304348,55.56521739130435,56.130434782608695,52.47826086956522,61.73913043478261,50.78260869565217,52.52173913043478,49.73913043478261,17.695652173913043,16.304347826086957,16.0,16.391304347826086,17.17391304347826
Croatia,2017,23,26.39130434782609,182.30434782608697,75.8695652173913,67.78260869565217,63.391304347826086,61.95652173913044,74.26086956521739,65.8695652173913,73.04347826086956,67.21739130434783,63.391304347826086,66.56521739130434,76.52173913043478,70.8695652173913,70.8695652173913,70.0,76.04347826086956,66.56521739130434,72.1304347826087,68.6086956521739,71.78260869565217,69.08695652173913,66.26086956521739,64.43478260869566,50.391304347826086,67.04347826086956,70.52173913043478,66.73913043478261,73.82608695652173,43.21739130434783,51.91304347826087,49.91304347826087,14.26086956521739,12.782608695652174,13.608695652173912,13.478260869565217,13.652173913043478
Cuba,2017,2,26.5,176.0,75.5,52.0,51.0,52.0,69.5,55.0,71.0,58.5,51.5,64.0,68.0,78.5,78.5,77.5,66.5,79.5,75.0,63.5,73.5,71.0,56.0,69.5,46.5,59.0,57.5,59.5,66.0,44.0,44.5,43.5,11.5,12.5,12.5,13.5,9.5
Curaçao,2017,13,23.153846153846157,182.3846153846154,74.84615384615384,52.69230769230769,54.46153846153846,52.30769230769231,60.15384615384615,49.69230769230769,63.76923076923077,51.15384615384615,46.07692307692308,53.76923076923077,63.69230769230769,73.76923076923077,76.3076923076923,68.15384615384616,64.84615384615384,63.84615384615385,64.07692307692308,65.15384615384616,67.0,67.6923076923077,54.84615384615385,56.69230769230769,44.30769230769231,55.38461538461539,58.0,53.23076923076923,54.61538461538461,44.92307692307692,45.84615384615385,42.92307692307692,16.153846153846153,16.23076923076923,16.153846153846153,16.23076923076923,16.76923076923077
Cyprus,2017,5,23.0,180.8,70.4,59.2,52.8,63.4,60.6,55.8,61.4,51.0,52.0,53.6,62.6,73.6,74.8,67.6,59.2,70.8,63.0,62.6,71.0,63.6,54.4,50.4,42.4,62.4,56.0,55.6,54.2,46.2,46.2,45.8,11.2,8.8,11.2,12.8,12.0
Czech Republic,2017,23,27.39130434782609,183.43478260869568,77.3913043478261,60.78260869565217,55.869565217391305,57.04347826086956,64.82608695652173,56.08695652173913,64.56521739130434,57.130434782608695,56.34782608695652,62.21739130434783,66.95652173913044,67.26086956521739,68.0,65.30434782608695,70.47826086956522,65.34782608695652,63.17391304347826,68.95652173913044,67.26086956521739,66.6086956521739,59.56521739130435,61.73913043478261,50.43478260869565,57.34782608695652,63.30434782608695,59.21739130434783,67.65217391304348,44.43478260869565,48.65217391304348,46.43478260869565,19.82608695652174,18.565217391304348,18.43478260869565,19.347826086956523,18.65217391304348
DR Congo,2017,23,25.73913043478261,179.47826086956522,75.56521739130434,61.21739130434783,57.26086956521739,59.65217391304348,65.91304347826087,51.65217391304348,69.17391304347827,55.43478260869565,49.04347826086956,59.26086956521739,69.56521739130434,76.52173913043478,75.6086956521739,72.78260869565217,70.21739130434783,68.52173913043478,67.21739130434783,71.73913043478261,70.26086956521739,72.47826086956522,56.65217391304348,62.869565217391305,47.43478260869565,59.43478260869565,62.47826086956522,56.30434782608695,68.04347826086956,41.52173913043478,46.95652173913044,42.78260869565217,13.173913043478262,14.434782608695652,13.043478260869565,13.826086956521738,13.565217391304348
Denmark,2017,23,25.217391304347824,183.2608695652174,77.52173913043478,58.0,50.04347826086956,57.91304347826087,66.56521739130434,51.52173913043478,61.26086956521739,55.34782608695652,53.73913043478261,61.43478260869565,65.6086956521739,69.47826086956522,69.73913043478261,66.30434782608695,71.69565217391305,63.391304347826086,66.1304347826087,63.869565217391305,69.69565217391305,69.17391304347827,53.60869565217392,60.47826086956522,55.04347826086956,56.69565217391305,64.69565217391305,50.34782608695652,63.04347826086956,50.17391304347826,53.56521739130435,47.47826086956522,19.956521739130437,18.47826086956522,18.26086956521739,19.869565217391305,19.73913043478261
Dominican Republic,2017,2,24.0,182.5,75.0,44.5,43.0,67.0,60.0,39.5,54.5,58.5,62.0,42.5,59.5,59.0,66.0,60.0,59.5,62.5,66.5,82.5,66.5,77.0,47.5,71.0,45.0,50.0,46.5,59.5,48.5,48.5,54.0,52.0,9.5,13.5,10.0,7.0,14.5
Ecuador,2017,23,27.39130434782609,179.04347826086956,75.8695652173913,57.21739130434783,45.91304347826087,57.47826086956522,61.56521739130435,45.69565217391305,59.34782608695652,50.17391304347826,48.47826086956522,57.130434782608695,61.26086956521739,69.56521739130434,68.47826086956522,67.52173913043478,68.52173913043478,67.43478260869566,58.26086956521739,70.0,70.8695652173913,68.30434782608695,50.43478260869565,60.34782608695652,53.47826086956522,50.95652173913044,55.69565217391305,52.869565217391305,61.43478260869565,50.73913043478261,54.130434782608695,52.08695652173913,18.782608695652176,18.39130434782609,18.695652173913043,19.82608695652174,18.73913043478261
Egypt,2017,23,27.26086956521739,181.7826086956522,76.78260869565217,52.17391304347826,49.69565217391305,53.47826086956522,61.130434782608695,46.30434782608695,57.26086956521739,50.391304347826086,44.65217391304348,56.91304347826087,60.82608695652174,66.1304347826087,66.0,62.47826086956522,62.130434782608695,65.30434782608695,60.65217391304348,60.0,65.04347826086956,66.82608695652173,53.869565217391305,56.34782608695652,45.73913043478261,51.30434782608695,53.391304347826086,51.95652173913044,57.34782608695652,46.52173913043478,49.73913043478261,46.73913043478261,19.130434782608692,18.73913043478261,18.43478260869565,19.0,18.043478260869566
El Salvador,2017,3,27.33333333333333,174.66666666666666,73.33333333333333,56.0,60.0,54.333333333333336,66.33333333333333,56.333333333333336,64.33333333333333,56.333333333333336,57.333333333333336,65.33333333333333,69.0,69.0,72.66666666666667,68.66666666666667,69.33333333333333,78.0,74.0,55.333333333333336,67.66666666666667,62.0,62.0,67.33333333333333,46.0,60.333333333333336,55.0,64.33333333333333,66.66666666666667,39.333333333333336,41.66666666666666,40.333333333333336,12.666666666666666,13.0,14.0,12.0,7.333333333333333
England,2017,23,25.91304347826087,183.4782608695652,76.69565217391305,60.69565217391305,56.65217391304348,62.17391304347826,69.3913043478261,56.0,66.73913043478261,56.95652173913044,50.08695652173913,63.04347826086956,69.47826086956522,74.30434782608695,75.52173913043478,69.52173913043478,77.95652173913044,64.3913043478261,68.0,71.82608695652173,75.1304347826087,74.30434782608695,59.82608695652174,69.82608695652173,56.43478260869565,62.69565217391305,65.30434782608695,59.69565217391305,74.91304347826087,55.65217391304348,59.73913043478261,57.21739130434783,19.52173913043478,21.08695652173913,19.782608695652176,20.65217391304348,20.82608695652174
Equatorial Guinea,2017,7,23.428571428571427,178.28571428571428,73.42857142857143,52.285714285714285,45.85714285714285,51.57142857142857,54.85714285714285,42.57142857142857,53.285714285714285,45.71428571428572,38.71428571428572,47.42857142857143,54.285714285714285,73.85714285714286,74.57142857142857,68.71428571428571,60.42857142857143,68.71428571428571,60.42857142857143,69.57142857142857,66.42857142857143,63.71428571428572,47.142857142857146,55.42857142857143,42.85714285714285,51.142857142857146,48.85714285714285,44.57142857142857,47.0,40.142857142857146,41.71428571428572,44.285714285714285,18.0,16.571428571428573,17.142857142857142,16.571428571428573,19.428571428571427
Eritrea,2017,1,31.0,189.0,77.0,54.0,69.0,73.0,64.0,74.0,63.0,63.0,54.0,53.0,73.0,54.0,55.0,48.0,74.0,38.0,71.0,55.0,53.0,87.0,57.0,64.0,49.0,78.0,64.0,70.0,77.0,46.0,34.0,20.0,16.0,10.0,14.0,6.0,11.0
Estonia,2017,10,27.5,182.9,79.7,47.3,41.5,49.7,54.6,40.6,53.7,45.6,37.7,50.3,56.1,63.5,61.9,61.2,60.0,61.3,56.5,67.8,64.8,67.2,48.9,55.1,47.3,44.7,54.1,48.7,54.7,44.3,46.3,45.1,21.6,23.1,20.2,21.7,19.6
Ethiopia,2017,1,29.0,187.0,86.0,49.0,22.0,66.0,61.0,41.0,54.0,54.0,40.0,58.0,57.0,58.0,63.0,50.0,62.0,41.0,51.0,62.0,56.0,74.0,35.0,63.0,63.0,42.0,55.0,43.0,71.0,73.0,63.0,64.0,11.0,8.0,8.0,9.0,9.0
Faroe Islands,2017,4,22.5,181.75,75.5,53.75,55.25,51.25,57.25,45.75,58.75,56.0,53.25,49.25,59.5,71.0,72.0,66.25,56.0,72.25,63.25,60.5,62.75,62.5,56.25,52.75,41.75,57.25,55.75,53.5,54.0,36.5,44.5,41.5,11.75,9.5,11.5,10.75,6.75
Fiji,2017,1,28.0,170.0,70.0,54.0,68.0,48.0,62.0,64.0,67.0,61.0,33.0,63.0,65.0,85.0,90.0,84.0,62.0,84.0,71.0,70.0,62.0,57.0,60.0,48.0,39.0,69.0,57.0,58.0,58.0,12.0,29.0,27.0,13.0,13.0,6.0,11.0,9.0
Finland,2017,23,26.82608695652174,185.17391304347825,79.91304347826087,49.82608695652174,44.26086956521739,56.08695652173913,60.34782608695652,45.69565217391305,54.04347826086956,50.52173913043478,44.04347826086956,55.04347826086956,60.0,61.391304347826086,63.130434782608695,60.65217391304348,67.0,58.69565217391305,61.17391304347826,66.3913043478261,67.56521739130434,71.04347826086956,50.43478260869565,64.69565217391305,53.0,50.17391304347826,53.69565217391305,46.78260869565217,61.0,51.04347826086956,52.82608695652174,50.73913043478261,17.130434782608695,17.869565217391305,16.652173913043477,18.47826086956522,17.782608695652176
France,2017,23,25.52173913043478,182.82608695652172,77.1304347826087,61.52173913043478,59.30434782608695,63.60869565217392,72.21739130434783,56.91304347826087,66.95652173913044,60.391304347826086,57.82608695652174,66.1304347826087,70.47826086956522,73.65217391304348,73.82608695652173,70.04347826086956,79.08695652173913,65.95652173913044,69.82608695652173,74.69565217391305,72.78260869565217,75.17391304347827,62.78260869565217,67.73913043478261,60.60869565217392,62.43478260869565,65.78260869565217,57.130434782608695,73.17391304347827,54.30434782608695,58.69565217391305,56.30434782608695,19.869565217391305,19.347826086956523,18.0,18.47826086956522,20.0
Gabon,2017,14,24.5,180.28571428571428,77.21428571428571,56.0,47.42857142857143,57.71428571428572,64.85714285714286,45.5,61.35714285714285,48.92857142857143,45.285714285714285,59.785714285714285,65.14285714285714,71.78571428571429,71.21428571428571,63.42857142857143,65.92857142857143,67.14285714285714,60.642857142857146,62.85714285714285,64.71428571428571,71.07142857142857,48.5,63.42857142857143,59.142857142857146,52.642857142857146,56.21428571428572,50.142857142857146,62.0,55.142857142857146,56.57142857142857,55.21428571428572,14.857142857142858,14.285714285714286,15.857142857142858,15.714285714285714,16.285714285714285
Gambia,2017,18,23.33333333333333,182.11111111111111,73.83333333333333,50.77777777777778,52.11111111111112,51.16666666666666,56.833333333333336,45.66666666666666,61.44444444444444,49.5,43.333333333333336,49.44444444444444,61.833333333333336,73.05555555555556,74.5,69.94444444444444,59.44444444444444,64.72222222222223,60.72222222222222,62.388888888888886,64.27777777777777,62.55555555555556,49.66666666666666,53.833333333333336,37.66666666666666,54.77777777777778,51.5,53.22222222222222,54.388888888888886,34.77777777777778,40.05555555555556,37.66666666666666,11.11111111111111,10.055555555555555,10.77777777777778,11.555555555555555,10.666666666666666
Georgia,2017,23,23.956521739130437,183.56521739130437,76.47826086956522,48.21739130434783,46.43478260869565,51.43478260869565,58.60869565217392,44.0,56.130434782608695,48.30434782608695,45.21739130434783,54.04347826086956,58.869565217391305,65.82608695652173,66.47826086956522,62.60869565217392,62.26086956521739,63.43478260869565,55.65217391304348,57.73913043478261,60.91304347826087,66.0,46.56521739130435,56.08695652173913,42.34782608695652,47.91304347826087,57.21739130434783,48.130434782608695,54.82608695652174,42.130434782608695,43.52173913043478,41.91304347826087,17.434782608695652,16.73913043478261,18.08695652173913,19.39130434782609,18.869565217391305
Germany,2017,23,24.47826086956522,185.69565217391303,81.3913043478261,60.43478260869565,55.30434782608695,61.91304347826087,74.6086956521739,56.391304347826086,66.43478260869566,58.52173913043478,51.08695652173913,67.56521739130434,70.73913043478261,68.26086956521739,69.04347826086956,67.34782608695652,82.17391304347827,62.65217391304348,65.34782608695652,68.43478260869566,69.65217391304348,74.04347826086956,57.21739130434783,62.0,57.869565217391305,59.52173913043478,71.21739130434783,55.78260869565217,76.3913043478261,47.82608695652174,53.47826086956522,50.91304347826087,19.73913043478261,19.956521739130437,20.47826086956522,19.26086956521739,20.47826086956522
Ghana,2017,23,24.695652173913043,177.04347826086956,74.1304347826087,65.04347826086956,57.0,62.0,73.43478260869566,58.43478260869565,73.47826086956522,63.26086956521739,51.17391304347826,68.26086956521739,75.0,79.56521739130434,78.52173913043478,77.69565217391305,71.65217391304348,75.82608695652173,73.34782608695652,81.08695652173913,79.73913043478261,71.04347826086956,66.26086956521739,73.17391304347827,64.08695652173913,65.91304347826087,67.17391304347827,57.95652173913044,70.08695652173913,56.869565217391305,64.82608695652173,63.43478260869565,9.91304347826087,8.304347826086957,9.173913043478262,9.08695652173913,9.130434782608695
Gibraltar,2017,2,26.0,179.5,70.0,60.5,38.5,48.5,58.5,34.5,57.5,52.5,41.0,52.5,57.0,75.5,75.5,75.5,60.0,74.0,51.0,70.5,69.0,59.5,46.5,44.0,50.5,50.0,52.0,43.0,52.5,48.5,45.0,44.5,8.0,6.0,5.5,5.5,5.5
Greece,2017,23,26.0,184.30434782608697,80.47826086956522,52.391304347826086,49.130434782608695,61.60869565217392,62.34782608695652,49.82608695652174,58.43478260869565,54.130434782608695,52.65217391304348,60.04347826086956,64.17391304347827,65.6086956521739,68.17391304347827,65.0,71.8695652173913,61.91304347826087,67.56521739130434,71.73913043478261,66.95652173913044,73.17391304347827,58.08695652173913,67.1304347826087,51.04347826086956,51.08695652173913,54.73913043478261,52.130434782608695,63.43478260869565,51.73913043478261,52.91304347826087,52.73913043478261,19.30434782608696,18.869565217391305,17.08695652173913,18.782608695652176,19.43478260869565
Grenada,2017,1,23.0,185.0,88.0,25.0,14.0,62.0,44.0,27.0,25.0,25.0,25.0,37.0,35.0,69.0,67.0,40.0,44.0,50.0,45.0,70.0,65.0,82.0,12.0,64.0,53.0,13.0,26.0,31.0,51.0,62.0,62.0,65.0,14.0,8.0,11.0,6.0,12.0
Guam,2017,1,28.0,175.0,68.0,59.0,49.0,60.0,67.0,48.0,57.0,61.0,55.0,58.0,63.0,73.0,72.0,76.0,71.0,83.0,53.0,81.0,78.0,66.0,36.0,76.0,69.0,55.0,56.0,52.0,66.0,71.0,64.0,68.0,13.0,9.0,16.0,12.0,11.0
Guatemala,2017,4,29.25,181.25,77.5,41.25,48.5,44.25,54.75,48.5,53.5,51.75,46.5,43.75,57.0,63.75,60.75,62.75,61.25,56.25,60.5,55.75,51.0,59.5,54.0,61.0,37.0,45.75,53.5,54.0,53.75,35.25,35.0,32.5,28.5,28.25,25.75,25.5,26.0
Guinea,2017,23,23.782608695652176,180.2608695652174,74.30434782608695,58.43478260869565,55.869565217391305,58.47826086956522,65.8695652173913,52.69565217391305,68.52173913043478,56.43478260869565,48.82608695652174,58.78260869565217,67.73913043478261,76.04347826086956,75.6086956521739,72.91304347826087,64.73913043478261,68.34782608695652,67.52173913043478,67.34782608695652,68.82608695652173,67.0,58.391304347826086,60.78260869565217,44.869565217391305,60.21739130434783,58.56521739130435,56.04347826086956,61.52173913043478,39.869565217391305,43.04347826086956,41.26086956521739,10.652173913043478,11.043478260869565,11.08695652173913,10.08695652173913,10.391304347826088
Guinea-Bissau,2017,18,23.27777777777778,181.88888888888889,76.38888888888889,51.94444444444444,56.05555555555556,55.27777777777778,60.388888888888886,51.333333333333336,62.833333333333336,53.44444444444444,43.333333333333336,49.61111111111112,64.27777777777777,71.66666666666667,73.83333333333333,67.11111111111111,63.94444444444444,65.0,65.83333333333333,64.55555555555556,68.66666666666667,66.88888888888889,51.55555555555556,58.11111111111112,34.94444444444444,59.94444444444444,52.55555555555556,56.888888888888886,57.05555555555556,30.38888888888889,34.833333333333336,34.166666666666664,10.666666666666666,10.333333333333334,10.333333333333334,10.27777777777778,9.666666666666666
Guyana,2017,3,27.33333333333333,179.33333333333334,78.66666666666667,62.333333333333336,54.66666666666666,50.333333333333336,60.66666666666666,45.333333333333336,65.33333333333333,53.0,48.0,56.66666666666666,61.333333333333336,76.33333333333333,74.0,65.66666666666667,56.333333333333336,62.0,65.66666666666667,61.0,67.33333333333333,69.33333333333333,54.333333333333336,63.333333333333336,39.66666666666666,59.0,57.0,57.0,64.0,36.66666666666666,44.66666666666666,43.0,9.333333333333334,10.333333333333334,14.333333333333334,14.0,10.666666666666666
Haiti,2017,10,24.0,178.0,72.8,54.0,47.7,57.4,62.7,43.7,60.5,48.8,44.6,55.6,59.6,74.2,72.8,69.4,61.3,71.7,59.2,71.3,68.2,64.2,50.8,60.0,56.4,50.8,53.1,49.5,57.2,54.6,55.0,53.4,8.7,11.4,8.5,9.4,9.3
Honduras,2017,16,25.3125,180.4375,76.3125,55.9375,51.625,60.125,61.9375,52.25,64.25,56.0,50.6875,55.3125,63.4375,73.4375,73.375,67.375,61.5,66.8125,66.375,70.375,72.875,69.375,56.5625,64.0,52.125,59.1875,56.6875,59.8125,62.0625,48.0625,51.6875,49.5,10.25,9.125,10.6875,10.875,10.4375
Hungary,2017,23,26.869565217391305,185.0,79.6086956521739,56.43478260869565,47.91304347826087,56.65217391304348,62.04347826086956,47.0,56.73913043478261,49.65217391304348,45.78260869565217,55.43478260869565,61.78260869565217,66.04347826086956,66.78260869565217,61.04347826086956,67.21739130434783,61.52173913043478,58.43478260869565,66.34782608695652,65.34782608695652,70.34782608695652,49.30434782608695,61.47826086956522,50.47826086956522,56.21739130434783,54.47826086956522,53.26086956521739,60.78260869565217,48.30434782608695,48.95652173913044,46.391304347826086,17.956521739130434,18.565217391304348,17.565217391304348,18.52173913043478,18.52173913043478
Iceland,2017,23,26.43478260869565,184.43478260869568,78.91304347826087,58.04347826086956,57.30434782608695,63.30434782608695,66.73913043478261,55.30434782608695,62.91304347826087,58.0,54.26086956521739,62.56521739130435,67.08695652173913,68.1304347826087,69.43478260869566,64.78260869565217,67.52173913043478,65.26086956521739,70.56521739130434,69.78260869565217,75.0,75.08695652173913,64.30434782608695,69.21739130434783,56.69565217391305,60.04347826086956,61.65217391304348,57.30434782608695,67.82608695652173,51.34782608695652,57.52173913043478,53.130434782608695,9.956521739130435,10.043478260869565,11.304347826086955,11.217391304347826,11.0
India,2017,23,24.956521739130437,178.52173913043478,73.3913043478261,41.95652173913044,40.60869565217392,45.82608695652174,46.26086956521739,37.17391304347826,47.52173913043478,38.52173913043478,39.43478260869565,40.0,46.130434782608695,68.26086956521739,66.52173913043478,63.26086956521739,52.95652173913044,62.869565217391305,47.47826086956522,58.08695652173913,56.04347826086956,55.869565217391305,40.04347826086956,41.21739130434783,38.391304347826086,42.34782608695652,42.43478260869565,46.91304347826087,46.60869565217392,35.69565217391305,39.17391304347826,37.47826086956522,17.26086956521739,16.52173913043478,16.565217391304348,17.08695652173913,16.52173913043478
Iran,2017,11,24.818181818181817,182.9090909090909,78.27272727272727,48.81818181818182,54.36363636363637,50.72727272727273,54.27272727272727,50.45454545454545,56.18181818181818,51.54545454545455,43.63636363636363,46.09090909090909,55.36363636363637,67.81818181818181,68.0,67.72727272727273,65.18181818181819,66.0,55.90909090909091,65.9090909090909,57.63636363636363,61.81818181818182,53.54545454545455,52.90909090909091,38.36363636363637,53.18181818181818,56.18181818181818,50.36363636363637,55.72727272727273,34.63636363636363,35.36363636363637,32.72727272727273,21.181818181818183,20.363636363636363,21.181818181818183,19.545454545454547,21.63636363636364
Iraq,2017,10,23.7,179.5,73.0,58.4,54.4,51.6,62.9,54.0,67.7,58.0,53.3,57.7,66.8,72.7,72.7,72.9,63.1,66.9,68.9,58.3,72.7,65.8,57.7,56.0,50.8,56.5,59.3,60.6,60.9,47.6,52.5,49.1,11.6,10.4,11.5,10.5,10.6
Israel,2017,16,25.75,179.375,75.5625,60.25,53.375,60.3125,68.4375,51.8125,67.875,56.1875,50.0625,61.375,68.875,69.9375,67.75,70.3125,66.0,70.125,66.0,68.375,69.5625,64.9375,55.125,59.9375,50.75,59.25,62.25,58.25,64.6875,47.1875,53.9375,50.125,10.75,10.4375,10.3125,12.25,10.5625
Italy,2017,23,28.043478260869566,184.4782608695652,79.04347826086956,54.69565217391305,52.47826086956522,63.0,68.73913043478261,56.130434782608695,64.73913043478261,57.95652173913044,48.34782608695652,62.52173913043478,69.1304347826087,69.69565217391305,71.78260869565217,69.30434782608695,78.17391304347827,65.47826086956522,69.78260869565217,72.56521739130434,71.21739130434783,74.30434782608695,58.869565217391305,68.17391304347827,59.391304347826086,57.0,65.08695652173913,58.17391304347826,76.47826086956522,53.30434782608695,57.0,55.95652173913044,18.0,16.82608695652174,16.608695652173914,18.0,17.565217391304348
Ivory Coast,2017,23,25.347826086956523,180.7391304347826,75.73913043478261,54.130434782608695,51.21739130434783,58.52173913043478,63.17391304347826,48.34782608695652,60.21739130434783,52.78260869565217,44.34782608695652,56.60869565217392,63.21739130434783,71.17391304347827,72.43478260869566,68.34782608695652,69.8695652173913,69.17391304347827,61.17391304347826,70.26086956521739,70.56521739130434,69.78260869565217,53.04347826086956,62.78260869565217,53.34782608695652,57.95652173913044,58.43478260869565,51.60869565217392,60.60869565217392,48.78260869565217,54.04347826086956,49.60869565217392,18.26086956521739,17.565217391304348,17.652173913043477,18.130434782608692,18.0
Jamaica,2017,23,27.608695652173918,182.65217391304347,77.04347826086956,55.65217391304348,49.21739130434783,56.95652173913044,60.95652173913044,45.34782608695652,62.69565217391305,49.73913043478261,42.91304347826087,53.26086956521739,62.73913043478261,75.78260869565217,76.78260869565217,70.69565217391305,65.78260869565217,64.08695652173913,63.391304347826086,70.30434782608695,70.04347826086956,71.52173913043478,52.391304347826086,62.65217391304348,51.69565217391305,57.78260869565217,55.56521739130435,50.95652173913044,59.30434782608695,50.34782608695652,53.73913043478261,49.34782608695652,13.0,12.217391304347826,12.869565217391305,13.347826086956522,13.434782608695652
Japan,2017,23,29.217391304347824,177.04347826086956,71.34782608695652,65.69565217391305,60.04347826086956,60.52173913043478,73.52173913043478,62.26086956521739,73.43478260869566,68.0,63.26086956521739,67.26086956521739,74.95652173913044,67.30434782608695,65.65217391304348,78.69565217391305,73.8695652173913,74.1304347826087,68.91304347826087,71.6086956521739,69.69565217391305,60.08695652173913,64.17391304347827,56.95652173913044,50.69565217391305,67.47826086956522,70.3913043478261,63.08695652173913,71.52173913043478,45.391304347826086,48.30434782608695,46.91304347826087,11.08695652173913,10.826086956521738,10.391304347826088,10.173913043478262,10.73913043478261
Kazakhstan,2017,3,23.0,176.66666666666666,72.0,65.0,54.0,52.66666666666666,72.0,52.66666666666666,68.66666666666667,64.0,56.66666666666666,68.0,69.33333333333333,73.33333333333333,68.66666666666667,75.33333333333333,63.0,77.33333333333333,57.66666666666666,64.33333333333333,62.333333333333336,52.333333333333336,56.0,49.66666666666666,53.333333333333336,57.66666666666666,66.33333333333333,48.66666666666666,56.333333333333336,39.0,49.66666666666666,40.333333333333336,10.0,9.333333333333334,8.666666666666666,12.333333333333334,13.333333333333334
Kenya,2017,6,26.666666666666668,185.5,79.33333333333333,44.66666666666666,47.66666666666666,55.0,55.66666666666666,46.16666666666666,51.5,43.66666666666666,40.333333333333336,50.333333333333336,56.333333333333336,61.66666666666666,66.33333333333333,62.333333333333336,62.5,57.333333333333336,61.333333333333336,68.16666666666667,65.66666666666667,76.66666666666667,50.66666666666666,60.0,48.0,52.16666666666666,53.0,47.0,51.66666666666666,42.333333333333336,46.833333333333336,44.833333333333336,19.166666666666668,18.83333333333333,18.5,20.666666666666668,19.0
Kosovo,2017,23,24.73913043478261,179.08695652173913,74.04347826086956,57.04347826086956,53.0,49.91304347826087,63.869565217391305,51.60869565217392,64.1304347826087,57.52173913043478,53.130434782608695,56.43478260869565,64.52173913043478,72.34782608695652,70.04347826086956,72.21739130434783,64.30434782608695,69.6086956521739,64.6086956521739,63.95652173913044,65.6086956521739,64.17391304347827,56.130434782608695,63.34782608695652,47.04347826086956,58.26086956521739,58.08695652173913,51.91304347826087,63.21739130434783,42.0,45.78260869565217,41.73913043478261,13.173913043478262,13.73913043478261,14.478260869565217,13.217391304347826,13.652173913043478
Kuwait,2017,2,27.5,185.5,71.0,60.0,53.0,56.5,72.0,57.5,67.0,66.5,67.0,67.5,69.0,65.0,70.0,72.0,63.0,67.5,67.0,65.0,72.5,66.0,66.0,63.0,45.5,61.5,67.5,49.0,70.0,44.0,47.0,44.0,11.0,9.0,6.5,7.5,13.0
Kyrgyzstan,2017,1,29.0,197.0,87.0,14.0,11.0,15.0,35.0,11.0,13.0,12.0,12.0,32.0,19.0,46.0,48.0,35.0,65.0,34.0,23.0,69.0,30.0,71.0,12.0,33.0,14.0,10.0,43.0,14.0,58.0,13.0,14.0,16.0,65.0,66.0,67.0,72.0,73.0
Latvia,2017,10,25.9,183.3,75.9,46.1,50.7,55.0,61.0,46.5,55.0,49.6,45.5,53.7,58.9,66.9,67.3,64.1,61.4,63.5,58.3,71.1,65.7,64.2,47.8,51.8,41.2,58.2,53.9,54.8,53.8,41.4,46.7,44.8,16.6,16.5,17.3,16.3,17.4
Lebanon,2017,1,22.0,188.0,81.0,55.0,55.0,39.0,63.0,52.0,68.0,71.0,49.0,56.0,68.0,77.0,73.0,75.0,55.0,61.0,68.0,33.0,70.0,68.0,74.0,31.0,32.0,56.0,54.0,51.0,49.0,25.0,34.0,24.0,16.0,6.0,14.0,10.0,8.0
Liberia,2017,5,26.4,180.8,73.0,51.6,59.0,41.0,57.2,52.8,65.6,53.2,46.4,46.2,64.0,77.6,72.0,77.4,58.0,65.6,60.4,61.2,60.8,58.6,55.4,44.8,31.4,59.2,59.8,53.2,62.2,28.2,27.6,26.6,10.0,10.4,10.0,9.4,12.4
Libya,2017,4,22.25,174.25,66.75,58.0,49.5,43.75,56.5,47.5,64.5,52.5,51.75,51.0,61.0,76.0,72.0,72.75,59.75,77.25,58.25,62.5,62.0,51.0,45.75,49.5,41.5,56.25,55.0,51.5,54.5,32.0,39.5,43.0,12.25,10.5,8.0,9.75,10.75
Liechtenstein,2017,7,26.428571428571427,181.57142857142856,74.71428571428571,39.285714285714285,34.42857142857143,41.142857142857146,47.85714285714285,34.714285714285715,48.0,40.0,40.57142857142857,47.57142857142857,47.42857142857143,54.42857142857143,53.71428571428572,59.42857142857143,58.142857142857146,61.285714285714285,44.42857142857143,60.71428571428572,55.71428571428572,56.42857142857143,40.0,51.42857142857143,47.0,39.85714285714285,53.71428571428572,42.285714285714285,47.85714285714285,40.71428571428572,47.85714285714285,45.0,25.714285714285715,24.571428571428573,23.142857142857142,25.571428571428573,26.428571428571427
Lithuania,2017,12,24.0,185.58333333333331,79.58333333333333,34.75,32.333333333333336,38.16666666666666,45.91666666666666,30.916666666666668,38.16666666666666,32.5,33.75,40.16666666666666,42.5,56.66666666666666,58.083333333333336,54.5,59.16666666666666,55.91666666666666,41.66666666666666,60.833333333333336,54.083333333333336,64.75,32.833333333333336,43.66666666666666,33.833333333333336,35.666666666666664,39.0,35.666666666666664,46.083333333333336,28.666666666666668,30.08333333333333,29.58333333333333,33.166666666666664,33.0,32.416666666666664,33.666666666666664,35.583333333333336
Luxembourg,2017,7,24.714285714285715,183.0,76.71428571428571,42.285714285714285,31.142857142857142,57.57142857142857,56.0,36.142857142857146,41.57142857142857,37.57142857142857,43.0,52.0,52.57142857142857,55.285714285714285,55.42857142857143,54.57142857142857,58.142857142857146,58.0,56.71428571428572,69.71428571428571,66.14285714285714,68.71428571428571,40.142857142857146,59.142857142857146,54.85714285714285,38.57142857142857,44.285714285714285,45.57142857142857,49.57142857142857,55.0,58.0,56.42857142857143,18.714285714285715,19.0,18.571428571428573,18.714285714285715,18.571428571428573
Madagascar,2017,2,27.0,175.5,69.0,52.5,53.5,59.5,63.5,54.0,64.5,59.0,57.5,58.5,65.0,67.5,58.0,74.0,63.0,75.5,62.5,63.5,68.5,56.5,52.5,58.5,47.0,61.0,54.0,55.5,57.0,40.5,39.5,42.5,9.5,9.5,14.0,11.5,6.5
Mali,2017,23,25.73913043478261,184.2173913043478,77.1304347826087,57.69565217391305,54.82608695652174,61.82608695652174,65.65217391304348,49.34782608695652,60.73913043478261,51.34782608695652,42.78260869565217,60.17391304347826,66.17391304347827,68.95652173913044,71.1304347826087,65.65217391304348,68.69565217391305,62.04347826086956,66.56521739130434,67.95652173913044,71.56521739130434,76.3913043478261,53.47826086956522,68.26086956521739,53.21739130434783,57.43478260869565,58.43478260869565,54.52173913043478,62.0,51.56521739130435,54.130434782608695,51.56521739130435,13.608695652173912,14.08695652173913,12.434782608695652,11.565217391304348,13.217391304347826
Malta,2017,4,25.25,175.75,70.5,56.0,49.25,47.5,54.0,42.75,60.0,45.5,42.25,47.0,56.75,70.25,64.75,64.5,52.75,75.25,48.75,60.75,63.5,57.75,42.0,53.75,45.5,56.0,49.75,46.25,50.75,36.0,39.5,40.75,12.25,10.75,11.5,8.75,10.5
Mauritania,2017,3,23.33333333333333,186.66666666666663,81.66666666666667,46.333333333333336,37.66666666666666,55.333333333333336,64.66666666666667,34.0,52.0,43.66666666666666,42.0,52.0,61.66666666666666,65.0,65.66666666666667,63.66666666666666,62.66666666666666,46.333333333333336,53.333333333333336,58.0,64.33333333333333,75.33333333333333,47.66666666666666,59.0,49.66666666666666,44.66666666666666,49.333333333333336,49.66666666666666,59.66666666666666,57.0,54.66666666666666,51.333333333333336,10.0,12.333333333333334,12.333333333333334,9.333333333333334,13.0
Mauritius,2017,1,27.0,182.0,72.0,68.0,52.0,55.0,73.0,29.0,69.0,70.0,66.0,70.0,72.0,70.0,71.0,76.0,63.0,70.0,53.0,59.0,70.0,65.0,58.0,56.0,60.0,59.0,72.0,51.0,69.0,51.0,58.0,57.0,6.0,15.0,6.0,16.0,16.0
Mexico,2017,23,27.65217391304348,180.43478260869568,73.6086956521739,57.130434782608695,53.21739130434783,61.73913043478261,66.04347826086956,54.08695652173913,63.08695652173913,57.82608695652174,49.21739130434783,61.869565217391305,65.91304347826087,73.43478260869566,71.26086956521739,70.91304347826087,72.91304347826087,66.65217391304348,64.43478260869566,75.34782608695652,71.69565217391305,68.82608695652173,57.26086956521739,61.869565217391305,57.04347826086956,57.04347826086956,62.21739130434783,58.73913043478261,70.65217391304348,49.73913043478261,54.73913043478261,53.47826086956522,19.130434782608692,19.73913043478261,18.869565217391305,18.869565217391305,19.52173913043478
Moldova,2017,4,27.5,184.5,77.5,58.0,47.25,67.75,72.0,61.75,65.75,55.0,56.0,68.0,68.0,65.75,63.5,60.5,69.0,58.25,66.0,62.5,67.0,75.25,58.25,67.25,66.5,60.25,60.75,58.75,64.25,67.0,72.0,68.0,8.5,11.0,11.25,11.25,8.25
Montenegro,2017,23,24.26086956521739,183.7826086956522,77.91304347826087,54.34782608695652,52.26086956521739,62.78260869565217,64.08695652173913,50.95652173913044,62.52173913043478,54.30434782608695,50.73913043478261,56.869565217391305,65.95652173913044,67.04347826086956,69.91304347826087,62.56521739130435,64.21739130434783,60.869565217391305,64.34782608695652,66.69565217391305,65.82608695652173,69.65217391304348,55.78260869565217,60.0,48.65217391304348,57.30434782608695,57.391304347826086,55.43478260869565,60.21739130434783,46.47826086956522,50.43478260869565,48.43478260869565,9.73913043478261,11.956521739130435,10.73913043478261,11.91304347826087,10.826086956521738
Montserrat,2017,4,23.5,182.5,79.0,47.25,47.5,58.0,58.0,45.0,53.25,45.75,42.25,51.0,56.75,65.5,72.0,62.75,59.5,59.25,56.0,60.25,70.25,68.25,45.75,60.75,52.75,55.5,55.25,48.0,58.25,54.0,55.5,56.25,10.25,13.75,11.0,13.0,11.25
Morocco,2017,23,26.73913043478261,179.95652173913044,74.30434782608695,67.21739130434783,61.26086956521739,58.04347826086956,73.30434782608695,60.21739130434783,74.73913043478261,66.3913043478261,59.82608695652174,68.73913043478261,76.69565217391305,74.0,73.08695652173913,74.08695652173913,72.17391304347827,68.91304347826087,73.82608695652173,65.04347826086956,71.1304347826087,68.1304347826087,67.65217391304348,64.52173913043478,52.869565217391305,64.26086956521739,68.21739130434783,63.47826086956522,67.95652173913044,49.30434782608695,53.0,49.04347826086956,9.695652173913045,10.652173913043478,9.91304347826087,10.304347826086955,10.043478260869565
Mozambique,2017,4,22.75,180.0,72.0,51.0,42.75,58.25,64.5,40.0,59.25,46.0,38.0,52.75,63.0,72.5,74.0,66.0,65.0,69.0,54.0,63.25,61.25,61.0,42.0,63.25,51.0,47.0,49.75,47.0,55.0,55.0,59.75,59.75,11.0,12.0,9.25,12.0,11.0
Namibia,2017,1,18.0,183.0,70.0,47.0,28.0,47.0,38.0,28.0,52.0,32.0,33.0,32.0,49.0,70.0,71.0,59.0,57.0,64.0,32.0,60.0,66.0,57.0,25.0,56.0,56.0,43.0,40.0,35.0,53.0,55.0,64.0,63.0,8.0,16.0,14.0,11.0,10.0
Netherlands,2017,23,25.0,182.91304347826087,77.08695652173913,57.47826086956522,58.65217391304348,61.43478260869565,72.04347826086956,58.04347826086956,65.65217391304348,58.17391304347826,53.56521739130435,64.30434782608695,71.56521739130434,69.47826086956522,70.04347826086956,69.1304347826087,77.73913043478261,65.65217391304348,71.3913043478261,71.69565217391305,73.30434782608695,72.0,63.52173913043478,63.130434782608695,54.08695652173913,63.78260869565217,68.30434782608695,58.43478260869565,74.21739130434783,50.30434782608695,55.17391304347826,50.04347826086956,19.91304347826087,19.0,19.52173913043478,19.043478260869566,19.47826086956522
New Caledonia,2017,3,27.0,179.66666666666666,77.0,47.333333333333336,54.333333333333336,58.333333333333336,56.66666666666666,39.0,50.333333333333336,46.0,38.66666666666666,44.333333333333336,66.66666666666667,72.66666666666667,70.33333333333333,74.66666666666667,59.66666666666666,67.66666666666667,57.66666666666666,73.0,66.0,66.33333333333333,50.66666666666666,62.0,41.66666666666666,52.0,54.66666666666666,54.333333333333336,58.66666666666666,46.0,46.0,46.66666666666666,11.0,8.666666666666666,8.333333333333334,13.333333333333334,11.666666666666666
New Zealand,2017,23,24.08695652173913,180.95652173913044,77.1304347826087,45.95652173913044,45.08695652173913,47.0,54.04347826086956,39.30434782608695,52.17391304347826,47.47826086956522,40.21739130434783,48.26086956521739,53.73913043478261,69.43478260869566,69.8695652173913,67.04347826086956,59.34782608695652,64.65217391304348,50.30434782608695,64.65217391304348,66.0,64.69565217391305,44.91304347826087,53.82608695652174,45.08695652173913,49.34782608695652,50.869565217391305,45.78260869565217,55.65217391304348,42.04347826086956,42.65217391304348,40.52173913043478,17.130434782608695,17.782608695652176,18.347826086956523,18.08695652173913,18.52173913043478
Niger,2017,3,25.0,181.0,74.0,59.66666666666666,55.66666666666666,63.66666666666666,62.333333333333336,48.0,62.333333333333336,50.333333333333336,40.66666666666666,53.66666666666666,62.0,79.66666666666667,78.66666666666667,70.33333333333333,60.333333333333336,69.33333333333333,63.333333333333336,68.0,66.0,65.66666666666667,48.66666666666666,57.66666666666666,44.66666666666666,56.0,53.333333333333336,49.66666666666666,54.66666666666666,39.0,39.0,42.333333333333336,13.666666666666666,12.333333333333334,11.666666666666666,9.333333333333334,12.666666666666666
Nigeria,2017,23,25.73913043478261,181.17391304347825,78.91304347826087,59.47826086956522,61.34782608695652,64.04347826086956,66.30434782608695,59.30434782608695,70.47826086956522,55.56521739130435,49.73913043478261,55.82608695652174,70.8695652173913,77.0,78.91304347826087,74.0,72.26086956521739,66.73913043478261,73.04347826086956,75.91304347826087,74.82608695652173,77.17391304347827,62.60869565217392,64.43478260869566,46.391304347826086,66.30434782608695,62.04347826086956,59.82608695652174,67.30434782608695,38.17391304347826,44.56521739130435,42.69565217391305,13.217391304347826,14.217391304347826,15.130434782608695,14.869565217391305,14.608695652173912
North Korea,2017,2,28.5,180.5,77.5,55.5,57.0,58.0,66.0,51.5,64.0,51.5,54.0,59.5,65.5,52.5,61.0,63.0,67.0,61.0,58.0,62.0,65.5,72.0,60.5,51.0,55.0,51.5,62.0,55.5,59.0,32.5,42.0,38.5,15.5,10.0,16.0,11.5,13.0
North Macedonia,2017,17,25.529411764705884,182.41176470588235,75.82352941176471,47.76470588235294,48.35294117647059,48.0,55.94117647058823,44.70588235294117,55.23529411764706,45.64705882352941,45.1764705882353,50.23529411764706,55.8235294117647,61.1764705882353,60.8235294117647,58.35294117647059,60.8235294117647,61.64705882352941,52.41176470588236,62.05882352941177,62.05882352941177,65.17647058823529,46.70588235294117,52.0,39.70588235294117,50.76470588235294,51.588235294117645,44.1764705882353,49.11764705882353,35.47058823529412,37.94117647058823,36.52941176470589,21.823529411764707,20.47058823529412,21.235294117647054,19.647058823529413,22.058823529411764
Northern Ireland,2017,23,27.565217391304348,181.91304347826087,76.26086956521739,52.0,49.47826086956522,55.65217391304348,58.47826086956522,46.95652173913044,55.30434782608695,47.65217391304348,44.869565217391305,53.04347826086956,61.43478260869565,64.73913043478261,63.73913043478261,63.82608695652174,65.6086956521739,65.30434782608695,57.47826086956522,67.17391304347827,69.30434782608695,66.65217391304348,48.52173913043478,62.82608695652174,50.78260869565217,50.78260869565217,54.26086956521739,51.04347826086956,63.91304347826087,48.60869565217392,51.69565217391305,48.30434782608695,18.17391304347826,17.652173913043477,16.91304347826087,18.26086956521739,18.565217391304348
Norway,2017,23,25.347826086956523,183.91304347826087,78.30434782608695,53.21739130434783,46.52173913043478,54.391304347826086,62.34782608695652,47.04347826086956,58.391304347826086,52.69565217391305,51.04347826086956,59.73913043478261,63.73913043478261,67.21739130434783,69.0,66.8695652173913,69.21739130434783,63.47826086956522,61.391304347826086,65.56521739130434,68.17391304347827,71.21739130434783,52.30434782608695,62.56521739130435,56.869565217391305,53.869565217391305,59.08695652173913,48.82608695652174,65.95652173913044,50.43478260869565,54.17391304347826,51.95652173913044,19.695652173913043,19.08695652173913,20.0,19.47826086956522,19.608695652173918
Oman,2017,1,34.0,194.0,79.0,16.0,18.0,16.0,36.0,18.0,14.0,13.0,11.0,25.0,17.0,41.0,55.0,60.0,73.0,53.0,22.0,74.0,41.0,64.0,12.0,40.0,22.0,13.0,29.0,13.0,56.0,11.0,11.0,11.0,67.0,58.0,67.0,71.0,67.0
Palestine,2017,4,26.25,180.75,74.75,50.5,55.25,60.0,61.25,51.5,57.25,52.5,49.0,51.5,59.25,62.25,66.5,60.5,57.5,63.5,63.25,64.25,58.5,70.75,53.25,53.25,35.0,56.5,50.75,58.0,53.0,29.5,35.25,34.75,10.25,12.25,11.75,9.5,12.0
Panama,2017,13,27.384615384615383,180.7692307692308,78.07692307692308,49.61538461538461,49.92307692307692,59.61538461538461,60.61538461538461,47.38461538461539,57.69230769230769,47.07692307692308,44.92307692307692,56.69230769230769,61.46153846153846,61.61538461538461,61.38461538461539,58.61538461538461,62.07692307692308,62.0,63.0,64.23076923076923,61.15384615384615,72.61538461538461,50.84615384615385,63.53846153846154,46.61538461538461,52.23076923076923,54.07692307692308,50.92307692307692,58.38461538461539,46.38461538461539,46.69230769230769,44.84615384615385,10.307692307692308,11.0,10.23076923076923,9.076923076923077,11.076923076923077
Papua New Guinea,2017,1,26.0,171.0,70.0,57.0,41.0,46.0,51.0,50.0,56.0,55.0,39.0,49.0,55.0,79.0,82.0,74.0,51.0,77.0,51.0,71.0,69.0,58.0,48.0,51.0,57.0,57.0,41.0,38.0,40.0,57.0,56.0,54.0,11.0,15.0,14.0,11.0,15.0
Paraguay,2017,23,28.130434782608692,180.2608695652174,76.73913043478261,53.34782608695652,48.73913043478261,59.869565217391305,64.17391304347827,47.56521739130435,56.78260869565217,52.08695652173913,47.391304347826086,55.60869565217392,62.869565217391305,62.82608695652174,63.43478260869565,63.78260869565217,69.95652173913044,61.47826086956522,61.34782608695652,66.34782608695652,64.26086956521739,69.47826086956522,51.52173913043478,63.52173913043478,51.391304347826086,53.26086956521739,61.17391304347826,53.95652173913044,63.82608695652174,46.60869565217392,50.47826086956522,48.73913043478261,18.956521739130437,19.130434782608692,18.73913043478261,19.91304347826087,18.956521739130437
Peru,2017,23,24.52173913043478,177.30434782608697,72.0,50.08695652173913,39.82608695652174,50.04347826086956,58.21739130434783,40.391304347826086,54.65217391304348,44.65217391304348,44.43478260869565,53.21739130434783,57.30434782608695,66.69565217391305,66.26086956521739,64.78260869565217,59.17391304347826,69.56521739130434,53.82608695652174,62.65217391304348,63.65217391304348,55.82608695652174,45.65217391304348,52.08695652173913,43.30434782608695,44.26086956521739,46.391304347826086,48.391304347826086,49.65217391304348,41.869565217391305,43.869565217391305,43.30434782608695,19.65217391304348,17.52173913043478,16.782608695652176,19.043478260869566,17.434782608695652
Philippines,2017,4,23.5,178.5,75.75,40.0,36.75,34.0,54.75,30.25,50.75,36.0,31.0,46.75,54.75,68.0,64.25,70.5,54.0,76.5,42.5,61.5,55.5,53.0,30.5,37.25,40.75,36.75,49.25,42.75,57.5,37.5,35.75,40.0,27.0,22.75,21.25,23.0,27.0
Poland,2017,23,27.217391304347824,184.43478260869568,78.73913043478261,55.26086956521739,47.21739130434783,57.73913043478261,64.26086956521739,47.73913043478261,60.08695652173913,53.30434782608695,46.56521739130435,62.56521739130435,63.78260869565217,67.26086956521739,65.95652173913044,63.95652173913044,71.43478260869566,62.26086956521739,62.391304347826086,71.0,68.17391304347827,72.08695652173913,54.73913043478261,65.30434782608695,56.869565217391305,55.130434782608695,61.0,50.65217391304348,68.73913043478261,51.0,54.95652173913044,50.65217391304348,20.26086956521739,18.91304347826087,17.782608695652176,19.30434782608696,20.52173913043478
Portugal,2017,23,27.869565217391305,180.6086956521739,75.43478260869566,61.08695652173913,58.21739130434783,59.56521739130435,70.3913043478261,57.30434782608695,68.8695652173913,60.82608695652174,56.65217391304348,66.91304347826087,71.0,70.0,70.26086956521739,73.04347826086956,79.1304347826087,68.08695652173913,69.91304347826087,71.17391304347827,71.91304347826087,70.8695652173913,64.08695652173913,70.69565217391305,62.0,62.391304347826086,68.47826086956522,57.73913043478261,74.21739130434783,55.26086956521739,59.73913043478261,55.17391304347826,19.782608695652176,19.82608695652174,18.91304347826087,20.17391304347826,20.30434782608696
Puerto Rico,2017,2,33.5,186.5,86.0,34.5,30.5,40.5,45.0,34.0,37.0,31.5,21.0,42.5,35.0,58.5,53.0,49.5,59.5,57.5,37.5,64.5,52.0,69.0,29.5,58.5,46.0,37.0,23.5,29.5,56.0,44.0,38.5,40.5,39.5,39.5,37.0,37.5,36.5
Qatar,2017,2,20.0,170.5,63.0,60.5,43.5,45.0,61.0,41.5,70.0,55.0,46.5,52.0,68.5,79.0,71.0,84.0,62.0,81.0,52.0,77.5,52.0,42.5,43.0,48.0,42.5,50.0,56.5,47.5,61.5,40.5,48.0,45.5,7.0,14.5,10.0,10.0,9.0
Republic of Ireland,2017,23,28.82608695652174,182.65217391304347,77.65217391304348,58.26086956521739,52.869565217391305,59.47826086956522,65.47826086956522,52.21739130434783,61.0,53.130434782608695,49.04347826086956,61.60869565217392,65.04347826086956,63.91304347826087,64.3913043478261,66.6086956521739,71.26086956521739,63.60869565217392,61.82608695652174,69.21739130434783,69.91304347826087,72.08695652173913,53.43478260869565,68.65217391304348,58.52173913043478,57.43478260869565,61.21739130434783,56.60869565217392,66.73913043478261,55.65217391304348,57.73913043478261,55.34782608695652,18.26086956521739,19.130434782608692,18.956521739130437,19.43478260869565,19.26086956521739
Romania,2017,23,26.52173913043478,181.34782608695653,75.91304347826087,57.56521739130435,54.34782608695652,54.73913043478261,64.73913043478261,51.73913043478261,58.130434782608695,53.73913043478261,54.869565217391305,60.391304347826086,61.82608695652174,70.82608695652173,69.04347826086956,65.8695652173913,69.91304347826087,62.91304347826087,59.56521739130435,57.17391304347826,64.0,68.65217391304348,57.04347826086956,57.95652173913044,50.82608695652174,58.34782608695652,62.69565217391305,57.82608695652174,61.78260869565217,46.43478260869565,49.17391304347826,47.130434782608695,18.43478260869565,18.47826086956522,18.73913043478261,18.82608695652174,18.47826086956522
Russia,2017,23,26.73913043478261,184.30434782608697,78.78260869565217,57.60869565217392,51.04347826086956,58.04347826086956,68.1304347826087,48.869565217391305,62.04347826086956,53.0,50.60869565217392,63.04347826086956,66.21739130434783,68.26086956521739,70.47826086956522,63.91304347826087,72.6086956521739,60.0,60.60869565217392,68.30434782608695,70.47826086956522,71.8695652173913,56.21739130434783,62.130434782608695,57.17391304347826,55.08695652173913,62.869565217391305,52.69565217391305,61.95652173913044,53.0,53.34782608695652,51.95652173913044,19.695652173913043,18.39130434782609,20.608695652173918,20.30434782608696,19.869565217391305
Saint Kitts and Nevis,2017,2,27.5,188.0,75.5,56.0,59.0,60.5,66.0,60.5,66.0,66.0,44.5,61.0,69.0,68.5,74.0,71.5,62.0,63.0,68.5,65.0,70.5,77.0,59.0,62.5,49.5,63.5,64.5,58.0,69.0,45.5,49.5,44.5,10.5,10.5,9.5,12.0,7.5
Saint Lucia,2017,1,22.0,183.0,75.0,45.0,23.0,62.0,51.0,37.0,41.0,24.0,24.0,42.0,45.0,72.0,88.0,57.0,49.0,61.0,50.0,71.0,59.0,69.0,35.0,70.0,61.0,30.0,30.0,46.0,50.0,60.0,64.0,64.0,13.0,12.0,6.0,16.0,14.0
Saint Vincent and the Grenadines,2017,1,20.0,173.0,70.0,41.0,62.0,55.0,41.0,55.0,65.0,42.0,39.0,40.0,59.0,87.0,84.0,76.0,61.0,78.0,61.0,74.0,79.0,61.0,58.0,61.0,31.0,68.0,53.0,59.0,59.0,19.0,16.0,18.0,14.0,10.0,13.0,13.0,6.0
Saudi Arabia,2017,23,26.43478260869565,175.0,68.1304347826087,54.34782608695652,51.52173913043478,55.95652173913044,63.17391304347826,48.869565217391305,59.73913043478261,53.0,50.56521739130435,57.0,62.43478260869565,75.08695652173913,73.73913043478261,72.52173913043478,67.69565217391305,68.78260869565217,60.26086956521739,68.8695652173913,73.82608695652173,69.0,54.95652173913044,63.43478260869565,51.47826086956522,54.130434782608695,58.69565217391305,55.52173913043478,60.73913043478261,50.43478260869565,51.65217391304348,51.47826086956522,16.91304347826087,17.130434782608695,15.043478260869565,17.26086956521739,15.695652173913045
Scotland,2017,23,28.65217391304348,180.30434782608697,74.6086956521739,59.17391304347826,54.95652173913044,56.21739130434783,64.52173913043478,49.91304347826087,61.21739130434783,56.08695652173913,50.17391304347826,61.04347826086956,64.6086956521739,67.1304347826087,66.78260869565217,71.47826086956522,69.47826086956522,68.30434782608695,61.91304347826087,68.08695652173913,68.47826086956522,66.8695652173913,55.52173913043478,63.91304347826087,51.130434782608695,58.78260869565217,64.3913043478261,58.04347826086956,67.73913043478261,45.60869565217392,49.52173913043478,46.21739130434783,18.17391304347826,18.26086956521739,18.043478260869566,19.0,19.608695652173918
Senegal,2017,23,26.695652173913043,184.95652173913044,79.0,59.47826086956522,58.69565217391305,73.34782608695652,70.69565217391305,54.26086956521739,70.52173913043478,55.52173913043478,51.82608695652174,61.78260869565217,73.8695652173913,75.6086956521739,77.08695652173913,69.34782608695652,73.1304347826087,62.95652173913044,76.04347826086956,74.82608695652173,77.52173913043478,80.56521739130434,63.56521739130435,74.21739130434783,60.47826086956522,64.43478260869566,61.869565217391305,57.52173913043478,69.0,55.91304347826087,61.130434782608695,57.43478260869565,10.130434782608695,8.869565217391305,10.695652173913045,10.08695652173913,10.73913043478261
Serbia,2017,23,26.39130434782609,184.7826086956522,78.91304347826087,64.30434782608695,53.21739130434783,69.8695652173913,71.95652173913044,56.69565217391305,66.17391304347827,59.60869565217392,56.56521739130435,67.52173913043478,72.73913043478261,69.17391304347827,71.26086956521739,66.1304347826087,76.08695652173913,63.47826086956522,71.08695652173913,72.91304347826087,74.73913043478261,75.56521739130434,60.91304347826087,73.56521739130434,63.82608695652174,61.30434782608695,63.95652173913044,57.60869565217392,72.65217391304348,60.04347826086956,65.30434782608695,62.47826086956522,10.0,10.91304347826087,10.782608695652174,11.521739130434783,10.608695652173912
Sierra Leone,2017,7,23.571428571428573,180.28571428571428,75.0,46.85714285714285,52.0,58.85714285714285,54.42857142857143,50.85714285714285,58.285714285714285,45.57142857142857,34.142857142857146,43.285714285714285,58.85714285714285,75.42857142857143,80.0,66.14285714285714,57.42857142857143,68.0,59.71428571428572,75.71428571428571,66.28571428571429,73.0,45.57142857142857,67.28571428571429,34.0,55.142857142857146,48.71428571428572,52.0,53.71428571428572,32.57142857142857,33.857142857142854,32.0,11.142857142857142,8.857142857142858,12.714285714285714,10.857142857142858,12.571428571428571
Slovakia,2017,23,27.52173913043478,182.91304347826087,77.21739130434783,54.73913043478261,49.60869565217392,55.04347826086956,62.391304347826086,52.04347826086956,60.130434782608695,54.869565217391305,49.21739130434783,57.21739130434783,63.17391304347826,67.30434782608695,66.82608695652173,65.43478260869566,69.17391304347827,63.60869565217392,60.21739130434783,67.52173913043478,67.3913043478261,64.82608695652173,53.69565217391305,59.47826086956522,48.91304347826087,52.04347826086956,56.21739130434783,51.78260869565217,63.30434782608695,45.34782608695652,48.43478260869565,46.43478260869565,18.91304347826087,17.17391304347826,17.08695652173913,18.91304347826087,18.43478260869565
Slovenia,2017,23,26.52173913043478,185.34782608695653,79.26086956521739,53.47826086956522,46.04347826086956,54.82608695652174,61.82608695652174,46.34782608695652,55.56521739130435,50.08695652173913,47.130434782608695,56.130434782608695,60.82608695652174,64.73913043478261,64.6086956521739,63.34782608695652,65.21739130434783,58.91304347826087,56.34782608695652,65.43478260869566,63.869565217391305,70.78260869565217,50.47826086956522,58.91304347826087,52.47826086956522,54.52173913043478,54.30434782608695,51.17391304347826,61.26086956521739,48.869565217391305,51.08695652173913,48.65217391304348,20.39130434782609,19.956521739130437,18.217391304347824,19.73913043478261,18.65217391304348
Somalia,2017,1,27.0,182.0,72.0,59.0,58.0,51.0,63.0,60.0,69.0,62.0,50.0,55.0,69.0,74.0,76.0,71.0,62.0,60.0,67.0,56.0,62.0,58.0,63.0,59.0,22.0,62.0,65.0,57.0,60.0,13.0,15.0,13.0,8.0,10.0,9.0,10.0,12.0
South Africa,2017,23,26.52173913043478,176.7826086956522,72.08695652173913,52.130434782608695,47.60869565217392,49.69565217391305,61.26086956521739,46.91304347826087,60.65217391304348,50.0,48.08695652173913,59.56521739130435,62.60869565217392,70.95652173913044,70.47826086956522,64.1304347826087,64.8695652173913,69.17391304347827,57.43478260869565,65.21739130434783,65.69565217391305,59.0,51.47826086956522,55.130434782608695,47.130434782608695,52.04347826086956,58.56521739130435,46.69565217391305,60.130434782608695,48.65217391304348,51.21739130434783,46.0,18.695652173913043,18.26086956521739,20.08695652173913,18.956521739130437,19.043478260869566
South Korea,2017,23,28.217391304347824,182.08695652173915,75.43478260869566,59.43478260869565,56.0,58.17391304347826,65.8695652173913,52.130434782608695,63.130434782608695,62.391304347826086,59.34782608695652,60.17391304347826,65.17391304347827,68.04347826086956,69.3913043478261,69.08695652173913,70.3913043478261,68.08695652173913,63.60869565217392,70.6086956521739,67.69565217391305,68.30434782608695,59.47826086956522,56.52173913043478,50.26086956521739,59.91304347826087,63.95652173913044,60.130434782608695,68.47826086956522,45.82608695652174,47.56521739130435,44.130434782608695,18.47826086956522,18.217391304347824,19.0,17.391304347826086,18.39130434782609
Spain,2017,23,26.65217391304348,180.65217391304347,75.21739130434783,65.08695652173913,60.69565217391305,59.869565217391305,73.30434782608695,57.47826086956522,68.56521739130434,65.56521739130434,57.47826086956522,66.8695652173913,75.26086956521739,70.69565217391305,69.34782608695652,71.78260869565217,82.47826086956522,68.95652173913044,66.47826086956522,70.0,69.95652173913044,69.73913043478261,59.34782608695652,63.21739130434783,55.73913043478261,66.1304347826087,72.52173913043478,62.04347826086956,72.73913043478261,47.26086956521739,52.56521739130435,49.91304347826087,18.956521739130437,20.608695652173918,18.82608695652174,18.26086956521739,19.30434782608696
Sudan,2017,1,19.0,185.0,80.0,24.0,23.0,41.0,37.0,20.0,37.0,27.0,26.0,28.0,39.0,66.0,68.0,40.0,41.0,53.0,36.0,72.0,62.0,73.0,21.0,40.0,51.0,25.0,27.0,30.0,57.0,51.0,55.0,52.0,9.0,14.0,7.0,14.0,12.0
Suriname,2017,14,25.214285714285715,181.3571428571429,75.92857142857143,54.35714285714285,46.0,50.57142857142857,59.785714285714285,43.07142857142857,57.85714285714285,52.92857142857143,44.57142857142857,54.42857142857143,62.142857142857146,69.71428571428571,71.85714285714286,65.64285714285714,62.0,65.07142857142857,60.42857142857143,70.71428571428571,66.78571428571429,70.78571428571429,48.85714285714285,58.642857142857146,49.285714285714285,51.07142857142857,54.07142857142857,52.785714285714285,55.57142857142857,44.142857142857146,47.5,45.642857142857146,15.571428571428571,14.857142857142858,14.642857142857142,15.071428571428571,14.5
Sweden,2017,23,25.82608695652174,184.2608695652174,78.69565217391305,54.47826086956522,52.130434782608695,54.869565217391305,64.82608695652173,53.04347826086956,60.78260869565217,56.95652173913044,52.60869565217392,60.391304347826086,65.1304347826087,64.8695652173913,66.65217391304348,65.17391304347827,72.78260869565217,59.65217391304348,66.1304347826087,67.34782608695652,72.30434782608695,70.95652173913044,56.60869565217392,66.78260869565217,53.17391304347826,56.95652173913044,62.73913043478261,55.73913043478261,68.26086956521739,49.34782608695652,53.56521739130435,49.34782608695652,17.608695652173914,16.869565217391305,17.82608695652174,18.39130434782609,19.39130434782609
Switzerland,2017,23,25.695652173913043,183.82608695652172,79.52173913043478,58.60869565217392,49.869565217391305,60.78260869565217,68.1304347826087,51.56521739130435,60.869565217391305,54.95652173913044,50.78260869565217,63.47826086956522,65.82608695652173,66.30434782608695,69.26086956521739,65.69565217391305,73.30434782608695,64.17391304347827,65.52173913043478,69.6086956521739,70.69565217391305,75.78260869565217,54.17391304347826,66.8695652173913,58.34782608695652,58.43478260869565,62.91304347826087,56.26086956521739,67.43478260869566,52.08695652173913,57.47826086956522,53.78260869565217,20.17391304347826,20.0,18.52173913043478,18.782608695652176,21.217391304347824
Syria,2017,3,29.666666666666668,181.66666666666663,76.66666666666667,58.333333333333336,62.0,59.66666666666666,67.66666666666667,53.0,60.0,51.0,54.0,62.66666666666666,66.66666666666667,65.0,62.66666666666666,59.0,64.33333333333333,64.66666666666667,65.33333333333333,65.33333333333333,70.0,79.0,63.66666666666666,61.333333333333336,51.0,61.0,61.66666666666666,63.0,60.333333333333336,50.0,49.0,48.0,8.333333333333334,7.666666666666667,9.0,10.666666666666666,9.0
São Tomé and Príncipe,2017,1,29.0,176.0,75.0,64.0,73.0,66.0,62.0,69.0,71.0,62.0,75.0,57.0,69.0,77.0,75.0,69.0,75.0,72.0,86.0,61.0,73.0,76.0,70.0,72.0,34.0,75.0,61.0,66.0,66.0,33.0,30.0,27.0,8.0,9.0,12.0,13.0,11.0
Taiwan,2017,1,32.0,175.0,69.0,68.0,21.0,62.0,67.0,46.0,66.0,72.0,67.0,63.0,67.0,68.0,67.0,74.0,63.0,76.0,57.0,68.0,65.0,59.0,48.0,66.0,67.0,48.0,58.0,49.0,71.0,69.0,68.0,67.0,14.0,15.0,14.0,6.0,10.0
Tajikistan,2017,1,26.0,178.0,72.0,65.0,43.0,59.0,52.0,23.0,54.0,63.0,50.0,45.0,52.0,68.0,70.0,60.0,46.0,58.0,55.0,62.0,65.0,58.0,25.0,57.0,63.0,24.0,57.0,44.0,29.0,59.0,58.0,61.0,11.0,13.0,8.0,11.0,9.0
Tanzania,2017,2,23.5,183.5,77.0,49.0,67.5,62.5,54.0,57.0,62.5,55.5,46.0,44.0,60.0,73.0,77.0,70.5,60.5,68.0,69.5,72.0,54.5,70.5,57.0,40.0,18.5,65.0,48.5,64.0,65.0,14.0,17.0,13.5,11.5,14.0,12.0,11.5,8.5
Togo,2017,10,27.0,178.1,72.3,60.2,55.1,61.4,63.2,54.4,67.2,53.1,53.9,55.9,69.5,76.3,76.3,76.4,65.6,73.5,65.3,71.8,72.8,63.9,56.9,56.3,43.3,63.1,58.9,58.7,58.3,37.6,41.5,40.0,12.4,11.7,10.3,12.2,10.5
Trinidad and Tobago,2017,12,24.166666666666668,181.75,75.41666666666667,54.25,46.833333333333336,54.16666666666666,60.5,44.91666666666666,62.41666666666666,50.75,40.66666666666666,53.0,61.5,74.25,74.0,67.5,61.833333333333336,69.33333333333333,56.5,69.16666666666667,68.75,66.0,45.583333333333336,61.5,51.833333333333336,52.333333333333336,53.91666666666666,49.0,62.083333333333336,50.25,54.833333333333336,52.0,10.333333333333334,11.416666666666666,11.75,11.333333333333334,10.083333333333334
Tunisia,2017,23,27.08695652173913,181.91304347826087,76.0,57.30434782608695,57.391304347826086,61.43478260869565,66.34782608695652,54.52173913043478,64.91304347826087,56.869565217391305,55.0,57.78260869565217,67.65217391304348,65.82608695652173,67.8695652173913,68.56521739130434,65.21739130434783,65.47826086956522,67.26086956521739,66.73913043478261,64.78260869565217,68.69565217391305,59.26086956521739,63.17391304347826,44.73913043478261,60.78260869565217,60.130434782608695,57.52173913043478,62.04347826086956,41.60869565217392,45.34782608695652,42.47826086956522,10.73913043478261,10.869565217391305,11.043478260869565,11.782608695652174,12.73913043478261
Turkey,2017,23,26.43478260869565,180.34782608695653,74.52173913043478,63.17391304347826,58.04347826086956,56.21739130434783,68.43478260869566,59.78260869565217,68.82608695652173,63.60869565217392,58.52173913043478,65.43478260869566,70.26086956521739,72.6086956521739,71.91304347826087,74.26086956521739,74.26086956521739,70.65217391304348,69.08695652173913,69.8695652173913,69.73913043478261,66.47826086956522,63.130434782608695,66.52173913043478,55.869565217391305,63.26086956521739,66.65217391304348,57.34782608695652,68.08695652173913,47.60869565217392,54.0,49.52173913043478,19.782608695652176,19.0,17.91304347826087,19.26086956521739,20.043478260869566
Uganda,2017,7,22.571428571428573,177.28571428571428,71.42857142857143,45.71428571428572,53.285714285714285,47.285714285714285,55.285714285714285,47.142857142857146,59.285714285714285,45.85714285714285,41.42857142857143,45.142857142857146,57.57142857142857,76.42857142857143,77.28571428571429,69.85714285714286,58.142857142857146,68.42857142857143,63.0,63.71428571428572,59.57142857142857,57.71428571428572,47.285714285714285,51.285714285714285,39.42857142857143,50.142857142857146,49.42857142857143,53.85714285714285,49.71428571428572,37.71428571428572,41.142857142857146,42.42857142857143,11.857142857142858,10.857142857142858,9.571428571428571,9.857142857142858,9.571428571428571
Ukraine,2017,23,27.30434782608696,184.30434782608697,77.3913043478261,53.30434782608695,49.08695652173913,58.47826086956522,63.130434782608695,48.78260869565217,55.34782608695652,45.0,47.130434782608695,57.43478260869565,60.60869565217392,66.8695652173913,68.1304347826087,62.78260869565217,73.47826086956522,60.130434782608695,60.52173913043478,68.30434782608695,67.04347826086956,74.43478260869566,55.130434782608695,61.17391304347826,56.82608695652174,53.82608695652174,60.04347826086956,47.130434782608695,61.30434782608695,50.04347826086956,52.95652173913044,51.17391304347826,22.782608695652176,22.869565217391305,21.30434782608696,23.52173913043478,23.08695652173913
United States,2017,23,26.869565217391305,184.0,78.30434782608695,50.130434782608695,50.21739130434783,59.91304347826087,64.8695652173913,49.56521739130435,59.73913043478261,51.47826086956522,44.52173913043478,59.26086956521739,62.869565217391305,70.52173913043478,71.08695652173913,68.30434782608695,70.21739130434783,62.34782608695652,62.78260869565217,73.91304347826087,71.52173913043478,71.56521739130434,51.130434782608695,66.08695652173913,53.0,54.47826086956522,59.21739130434783,53.56521739130435,65.26086956521739,50.869565217391305,52.34782608695652,49.73913043478261,18.65217391304348,19.217391304347824,17.565217391304348,19.82608695652174,19.30434782608696
Uruguay,2017,23,27.39130434782609,180.82608695652172,76.3913043478261,58.43478260869565,51.391304347826086,60.60869565217392,67.6086956521739,51.43478260869565,62.869565217391305,57.0,53.69565217391305,61.17391304347826,66.73913043478261,70.1304347826087,71.43478260869566,68.52173913043478,74.82608695652173,63.95652173913044,65.04347826086956,73.30434782608695,71.04347826086956,72.1304347826087,54.30434782608695,68.3913043478261,54.21739130434783,58.04347826086956,61.30434782608695,56.08695652173913,71.0,49.43478260869565,54.82608695652174,52.04347826086956,21.08695652173913,19.47826086956522,19.73913043478261,19.91304347826087,21.043478260869566
Uzbekistan,2017,3,28.33333333333333,178.0,72.0,66.0,50.0,59.333333333333336,71.0,55.333333333333336,61.66666666666666,62.333333333333336,66.33333333333333,68.0,67.66666666666667,76.0,72.33333333333333,68.66666666666667,73.66666666666667,71.33333333333333,76.33333333333333,69.33333333333333,82.0,63.66666666666666,64.66666666666667,67.0,73.33333333333333,53.333333333333336,67.33333333333333,49.0,63.333333333333336,72.66666666666667,73.0,71.66666666666667,10.666666666666666,10.666666666666666,11.666666666666666,10.666666666666666,11.0
Venezuela,2017,23,24.0,179.2608695652174,75.04347826086956,53.69565217391305,46.08695652173913,53.869565217391305,60.82608695652174,44.0,56.78260869565217,48.391304347826086,45.0,55.30434782608695,60.91304347826087,63.130434782608695,64.73913043478261,61.95652173913044,65.91304347826087,63.95652173913044,59.21739130434783,69.82608695652173,65.8695652173913,66.56521739130434,47.56521739130435,60.30434782608695,49.391304347826086,50.91304347826087,54.08695652173913,49.65217391304348,57.52173913043478,45.26086956521739,48.17391304347826,45.43478260869565,17.17391304347826,17.565217391304348,17.956521739130434,17.869565217391305,15.347826086956522
Vietnam,2017,1,21.0,177.0,68.0,39.0,44.0,43.0,65.0,35.0,51.0,38.0,36.0,60.0,55.0,62.0,67.0,66.0,48.0,52.0,50.0,37.0,50.0,51.0,47.0,42.0,46.0,45.0,51.0,44.0,50.0,37.0,46.0,42.0,9.0,7.0,7.0,10.0,9.0
Wales,2017,23,26.217391304347824,181.56521739130437,77.04347826086956,57.30434782608695,50.82608695652174,57.0,64.8695652173913,45.04347826086956,60.82608695652174,52.43478260869565,46.43478260869565,60.52173913043478,64.56521739130434,68.73913043478261,67.43478260869566,65.95652173913044,69.78260869565217,65.52173913043478,58.30434782608695,69.0,69.6086956521739,69.91304347826087,52.04347826086956,59.0,53.78260869565217,55.65217391304348,62.04347826086956,53.56521739130435,65.6086956521739,53.130434782608695,55.65217391304348,52.391304347826086,18.782608695652176,17.91304347826087,18.0,18.217391304347824,17.304347826086957
Zambia,2017,4,24.75,181.25,75.25,47.5,53.5,61.5,63.0,49.0,63.75,50.75,48.5,48.25,65.25,78.25,81.5,71.5,60.5,72.5,54.75,70.75,72.5,68.25,58.0,53.0,35.25,60.25,55.25,59.25,49.5,39.5,44.5,41.75,12.25,12.75,10.5,12.0,10.5
Zimbabwe,2017,8,25.25,178.375,73.625,54.375,59.625,57.5,62.125,56.0,67.75,54.25,45.625,50.0,68.875,73.5,72.625,70.25,60.375,73.625,67.125,63.0,69.375,61.625,59.25,59.25,34.625,59.75,60.75,58.125,54.375,37.0,37.625,35.75,11.0,9.5,11.125,11.875,10.0
Afghanistan,2018,3,22.0,178.0,68.66666666666667,48.66666666666666,42.333333333333336,42.66666666666666,60.66666666666666,41.333333333333336,57.333333333333336,50.66666666666666,37.333333333333336,53.333333333333336,58.66666666666666,67.33333333333333,65.0,75.33333333333333,56.0,70.66666666666667,48.333333333333336,52.0,66.33333333333333,50.333333333333336,42.0,44.66666666666666,31.0,47.0,58.333333333333336,48.66666666666666,53.333333333333336,40.0,49.0,45.333333333333336,13.333333333333334,12.666666666666666,8.333333333333334,7.0,8.0
Albania,2018,23,26.47826086956522,181.43478260869568,75.82608695652173,55.0,49.43478260869565,55.34782608695652,62.26086956521739,49.47826086956522,56.78260869565217,50.08695652173913,49.34782608695652,55.34782608695652,62.82608695652174,65.30434782608695,66.56521739130434,63.869565217391305,67.30434782608695,64.17391304347827,60.69565217391305,62.60869565217392,68.69565217391305,67.47826086956522,52.30434782608695,64.8695652173913,54.04347826086956,56.0,57.47826086956522,53.43478260869565,62.91304347826087,47.56521739130435,53.60869565217392,49.17391304347826,16.217391304347824,15.956521739130435,15.608695652173912,16.17391304347826,17.695652173913043
Algeria,2018,23,26.695652173913043,181.91304347826087,75.04347826086956,67.52173913043478,60.43478260869565,63.34782608695652,74.17391304347827,60.08695652173913,73.43478260869566,67.65217391304348,61.56521739130435,68.21739130434783,74.69565217391305,69.30434782608695,70.78260869565217,70.95652173913044,71.82608695652173,68.21739130434783,71.78260869565217,67.26086956521739,72.04347826086956,69.52173913043478,65.17391304347827,69.1304347826087,56.869565217391305,66.3913043478261,67.21739130434783,64.34782608695652,72.91304347826087,50.08695652173913,55.65217391304348,50.869565217391305,10.826086956521738,10.608695652173912,10.434782608695652,10.173913043478262,11.434782608695652
Angola,2018,15,25.6,179.73333333333332,75.53333333333333,54.4,51.06666666666667,57.06666666666667,58.4,50.0,62.8,54.0,45.53333333333333,50.4,63.53333333333333,72.53333333333333,74.06666666666666,69.86666666666666,64.66666666666667,68.26666666666667,65.33333333333333,69.66666666666667,68.26666666666667,70.4,52.6,61.0,43.266666666666666,56.73333333333333,50.6,49.8,62.46666666666667,38.333333333333336,42.46666666666667,40.53333333333333,13.866666666666667,12.733333333333333,12.866666666666667,13.4,13.133333333333333
Antigua and Barbuda,2018,5,22.4,177.4,73.6,48.4,47.0,45.6,53.0,38.6,59.6,45.4,38.0,48.8,58.2,83.6,83.6,68.6,51.2,69.8,49.8,62.2,67.0,60.2,44.0,44.2,37.0,56.0,52.6,44.2,55.8,35.4,35.6,38.6,9.8,10.8,11.4,10.8,10.2
Argentina,2018,23,27.47826086956522,180.04347826086956,75.34782608695652,62.17391304347826,60.60869565217392,56.95652173913044,72.73913043478261,60.56521739130435,67.73913043478261,64.56521739130434,58.73913043478261,68.0,73.3913043478261,72.43478260869566,70.82608695652173,73.95652173913044,78.47826086956522,69.78260869565217,68.91304347826087,68.1304347826087,70.82608695652173,68.95652173913044,63.52173913043478,63.26086956521739,49.130434782608695,63.34782608695652,71.56521739130434,57.69565217391305,74.43478260869566,42.04347826086956,47.60869565217392,45.56521739130435,19.695652173913043,18.73913043478261,17.82608695652174,18.91304347826087,19.73913043478261
Armenia,2018,14,26.071428571428573,181.14285714285717,75.71428571428571,51.42857142857143,57.785714285714285,54.5,63.5,55.85714285714285,63.35714285714285,50.642857142857146,51.142857142857146,51.85714285714285,65.85714285714286,67.0,66.64285714285714,65.28571428571429,61.35714285714285,64.85714285714286,65.42857142857143,60.642857142857146,64.5,64.71428571428571,58.785714285714285,57.785714285714285,39.142857142857146,60.642857142857146,56.57142857142857,61.57142857142857,60.92857142857143,33.857142857142854,35.42857142857143,34.07142857142857,9.785714285714286,11.571428571428571,10.571428571428571,9.857142857142858,9.928571428571429
Australia,2018,23,26.43478260869565,183.2608695652174,77.69565217391305,53.26086956521739,49.04347826086956,57.0,63.0,47.65217391304348,55.95652173913044,52.130434782608695,45.30434782608695,55.82608695652174,61.34782608695652,68.6086956521739,68.26086956521739,64.52173913043478,68.47826086956522,65.08695652173913,59.52173913043478,69.8695652173913,67.52173913043478,73.34782608695652,52.869565217391305,63.69565217391305,53.43478260869565,53.43478260869565,60.43478260869565,54.78260869565217,65.17391304347827,49.08695652173913,53.26086956521739,50.30434782608695,19.91304347826087,18.956521739130437,19.347826086956523,18.73913043478261,19.26086956521739
Austria,2018,23,25.565217391304348,185.08695652173915,79.78260869565217,56.82608695652174,53.43478260869565,59.130434782608695,65.6086956521739,51.52173913043478,61.21739130434783,53.95652173913044,52.08695652173913,59.869565217391305,65.69565217391305,65.3913043478261,67.69565217391305,63.47826086956522,71.8695652173913,60.82608695652174,64.43478260869566,65.6086956521739,71.1304347826087,72.3913043478261,57.21739130434783,66.21739130434783,54.34782608695652,58.08695652173913,61.391304347826086,55.130434782608695,64.91304347826087,50.869565217391305,54.65217391304348,49.30434782608695,18.695652173913043,17.434782608695652,17.91304347826087,18.869565217391305,18.130434782608692
Azerbaijan,2018,7,25.0,186.14285714285717,78.57142857142857,52.142857142857146,57.285714285714285,56.0,59.71428571428572,53.57142857142857,62.57142857142857,55.142857142857146,44.71428571428572,51.0,62.42857142857143,68.42857142857143,69.28571428571429,68.42857142857143,61.0,62.71428571428572,67.57142857142857,65.28571428571429,69.0,71.0,58.0,58.42857142857143,40.285714285714285,58.0,55.57142857142857,61.42857142857143,56.285714285714285,35.714285714285715,42.285714285714285,37.0,10.0,10.142857142857142,11.857142857142858,9.428571428571429,11.571428571428571
Barbados,2018,1,30.0,183.0,77.0,58.0,63.0,55.0,56.0,54.0,64.0,35.0,36.0,50.0,61.0,89.0,90.0,79.0,65.0,62.0,69.0,55.0,79.0,71.0,50.0,62.0,26.0,59.0,60.0,70.0,60.0,22.0,27.0,22.0,16.0,6.0,8.0,14.0,9.0
Belarus,2018,9,29.55555555555556,183.0,77.11111111111111,56.11111111111112,50.11111111111112,52.66666666666666,63.66666666666666,48.22222222222222,57.66666666666666,52.77777777777778,53.0,62.11111111111112,60.888888888888886,57.44444444444444,57.77777777777778,57.11111111111112,63.66666666666666,58.888888888888886,59.77777777777778,65.22222222222223,63.888888888888886,65.88888888888889,56.0,54.11111111111112,56.22222222222222,50.66666666666666,58.44444444444444,53.333333333333336,61.22222222222222,53.0,58.22222222222222,54.888888888888886,17.444444444444443,16.22222222222222,17.22222222222222,17.333333333333332,17.333333333333332
Belgium,2018,23,26.52173913043478,185.43478260869568,80.91304347826087,64.21739130434783,63.52173913043478,62.08695652173913,72.82608695652173,61.52173913043478,68.95652173913044,64.21739130434783,60.60869565217392,66.6086956521739,72.21739130434783,69.04347826086956,70.78260869565217,68.95652173913044,80.08695652173913,61.869565217391305,75.43478260869566,71.1304347826087,72.3913043478261,76.52173913043478,66.91304347826087,66.17391304347827,53.34782608695652,65.30434782608695,69.73913043478261,65.17391304347827,77.26086956521739,47.91304347826087,54.82608695652174,50.43478260869565,19.17391304347826,18.65217391304348,17.91304347826087,19.73913043478261,19.82608695652174
Belize,2018,1,24.0,180.0,75.0,54.0,63.0,70.0,59.0,59.0,62.0,44.0,23.0,49.0,62.0,74.0,78.0,68.0,64.0,69.0,66.0,73.0,77.0,75.0,55.0,72.0,30.0,65.0,57.0,50.0,55.0,36.0,42.0,27.0,6.0,5.0,6.0,10.0,8.0
Benin,2018,14,25.785714285714285,184.3571428571429,79.14285714285714,46.0,48.0,58.85714285714285,56.57142857142857,42.42857142857143,49.71428571428572,41.57142857142857,37.71428571428572,48.285714285714285,57.5,59.85714285714285,63.142857142857146,58.07142857142857,60.92857142857143,56.142857142857146,51.85714285714285,70.0,66.57142857142857,72.64285714285714,46.42857142857143,63.85714285714285,45.85714285714285,47.92857142857143,49.42857142857143,50.57142857142857,57.142857142857146,42.71428571428572,46.57142857142857,42.785714285714285,18.357142857142858,18.928571428571427,18.714285714285715,19.857142857142858,18.285714285714285
Bermuda,2018,4,27.0,175.25,74.25,45.5,49.0,37.75,50.75,45.25,53.0,46.5,41.0,40.5,51.25,73.75,72.0,77.75,56.75,73.5,50.75,64.25,55.0,61.0,47.25,42.0,37.75,50.5,53.75,52.25,48.0,26.0,32.25,24.25,21.5,18.25,18.25,20.25,23.5
Bolivia,2018,23,26.956521739130437,178.69565217391303,73.95652173913044,45.869565217391305,40.869565217391305,54.47826086956522,54.130434782608695,36.69565217391305,49.26086956521739,38.26086956521739,39.04347826086956,47.43478260869565,51.26086956521739,59.391304347826086,59.69565217391305,56.73913043478261,59.56521739130435,65.34782608695652,48.0,62.391304347826086,65.47826086956522,56.17391304347826,39.95652173913044,50.73913043478261,48.17391304347826,44.47826086956522,47.91304347826087,49.95652173913044,51.26086956521739,47.60869565217392,48.56521739130435,47.17391304347826,18.347826086956523,17.652173913043477,18.869565217391305,17.73913043478261,18.43478260869565
Bosnia and Herzegovina,2018,23,27.65217391304348,184.34782608695653,78.6086956521739,60.95652173913044,55.52173913043478,62.43478260869565,69.82608695652173,54.47826086956522,64.6086956521739,62.26086956521739,59.82608695652174,65.26086956521739,69.04347826086956,63.95652173913044,67.1304347826087,65.26086956521739,72.47826086956522,61.34782608695652,71.21739130434783,63.17391304347826,69.69565217391305,75.04347826086956,61.47826086956522,66.56521739130434,60.30434782608695,58.65217391304348,62.60869565217392,59.95652173913044,69.8695652173913,53.73913043478261,58.82608695652174,55.391304347826086,14.391304347826088,13.391304347826088,13.869565217391305,13.521739130434783,13.869565217391305
Brazil,2018,23,27.347826086956523,180.04347826086956,75.47826086956522,63.34782608695652,58.0,58.26086956521739,72.56521739130434,57.47826086956522,71.21739130434783,61.391304347826086,60.869565217391305,69.69565217391305,74.52173913043478,74.56521739130434,74.04347826086956,74.30434782608695,81.47826086956522,70.43478260869566,71.21739130434783,69.43478260869566,73.04347826086956,69.26086956521739,63.91304347826087,63.08695652173913,56.60869565217392,64.0,72.82608695652173,59.65217391304348,77.56521739130434,52.82608695652174,57.869565217391305,55.04347826086956,19.782608695652176,19.130434782608692,18.695652173913043,18.91304347826087,19.73913043478261
Brunei,2018,1,19.0,178.0,70.0,44.0,43.0,31.0,49.0,42.0,62.0,46.0,41.0,44.0,53.0,78.0,73.0,73.0,44.0,76.0,40.0,41.0,67.0,58.0,31.0,31.0,23.0,46.0,43.0,54.0,43.0,18.0,20.0,18.0,10.0,12.0,11.0,11.0,14.0
Bulgaria,2018,23,28.17391304347826,182.65217391304347,75.43478260869566,50.130434782608695,47.56521739130435,56.65217391304348,58.21739130434783,43.56521739130435,54.0,49.56521739130435,46.30434782608695,52.43478260869565,57.60869565217392,65.69565217391305,66.34782608695652,61.91304347826087,65.04347826086956,64.3913043478261,55.08695652173913,64.65217391304348,65.1304347826087,65.8695652173913,48.56521739130435,55.30434782608695,47.0,50.82608695652174,49.91304347826087,46.60869565217392,59.43478260869565,47.08695652173913,49.95652173913044,47.21739130434783,17.52173913043478,17.869565217391305,17.17391304347826,18.130434782608692,18.130434782608692
Burkina Faso,2018,15,24.8,179.73333333333332,74.2,50.6,50.06666666666667,56.4,59.46666666666667,42.93333333333333,60.53333333333333,45.266666666666666,39.0,53.06666666666667,61.06666666666667,72.13333333333334,73.2,70.8,63.266666666666666,66.26666666666667,60.4,69.93333333333334,65.2,66.26666666666667,49.333333333333336,60.4,45.0,52.333333333333336,53.4,51.6,59.6,42.4,44.46666666666667,43.0,14.266666666666667,15.333333333333334,12.933333333333334,15.8,14.533333333333331
Burundi,2018,1,27.0,173.0,70.0,51.0,65.0,62.0,68.0,56.0,59.0,45.0,35.0,41.0,48.0,76.0,77.0,53.0,54.0,77.0,67.0,74.0,72.0,69.0,66.0,27.0,14.0,67.0,46.0,60.0,43.0,19.0,15.0,20.0,10.0,9.0,10.0,12.0,13.0
Cameroon,2018,23,24.608695652173918,182.4782608695652,77.65217391304348,46.69565217391305,43.43478260869565,55.47826086956522,58.65217391304348,43.65217391304348,54.47826086956522,44.56521739130435,39.04347826086956,51.69565217391305,57.65217391304348,70.65217391304348,71.04347826086956,66.17391304347827,62.130434782608695,64.52173913043478,56.95652173913044,71.78260869565217,65.1304347826087,71.91304347826087,42.391304347826086,55.21739130434783,46.130434782608695,49.47826086956522,49.47826086956522,49.17391304347826,57.17391304347826,43.69565217391305,47.43478260869565,45.34782608695652,17.956521739130434,17.217391304347824,15.434782608695652,16.869565217391305,16.08695652173913
Canada,2018,23,25.608695652173918,181.0,77.34782608695652,46.78260869565217,47.08695652173913,52.91304347826087,58.82608695652174,42.82608695652174,55.69565217391305,49.65217391304348,40.47826086956522,51.52173913043478,58.60869565217392,65.56521739130434,67.34782608695652,62.65217391304348,61.82608695652174,64.21739130434783,60.52173913043478,65.1304347826087,65.08695652173913,68.17391304347827,48.60869565217392,62.391304347826086,45.130434782608695,48.08695652173913,53.78260869565217,51.130434782608695,58.91304347826087,45.0,47.30434782608695,43.30434782608695,18.130434782608692,16.82608695652174,16.434782608695652,18.17391304347826,18.0
Cape Verde,2018,22,25.59090909090909,182.3181818181818,77.27272727272727,49.68181818181818,49.86363636363637,61.04545454545455,61.59090909090909,46.68181818181818,60.77272727272727,51.95454545454545,45.09090909090909,54.27272727272727,63.27272727272727,68.5909090909091,68.36363636363636,64.9090909090909,65.18181818181819,63.45454545454545,59.81818181818182,67.18181818181819,67.72727272727273,69.13636363636364,50.27272727272727,60.45454545454545,46.5,53.18181818181818,56.77272727272727,52.59090909090909,62.86363636363637,44.22727272727273,47.13636363636363,45.95454545454545,12.818181818181818,12.681818181818182,13.363636363636363,13.090909090909092,11.5
Central African Republic,2018,4,26.75,182.5,76.25,37.5,44.75,62.75,65.0,45.25,60.5,52.5,45.25,51.25,63.25,63.0,63.25,56.75,62.5,62.75,53.5,76.75,71.25,71.75,50.5,64.0,50.0,58.0,54.5,41.75,59.25,57.0,54.75,52.0,13.5,13.25,12.25,13.0,11.0
Chad,2018,2,25.0,185.0,81.0,56.5,57.0,62.0,60.0,57.0,65.0,60.0,54.0,55.0,62.5,75.0,78.0,66.0,64.0,61.0,68.5,76.5,84.0,76.0,53.5,70.0,41.0,54.5,57.0,63.5,66.5,41.0,45.5,40.0,7.5,12.0,8.0,15.0,11.5
Chile,2018,23,29.782608695652176,177.30434782608697,74.8695652173913,59.91304347826087,53.95652173913044,56.69565217391305,70.17391304347827,51.69565217391305,64.65217391304348,57.60869565217392,58.0,67.0,69.30434782608695,70.17391304347827,67.6086956521739,71.47826086956522,74.04347826086956,70.26086956521739,65.04347826086956,72.82608695652173,71.82608695652173,71.3913043478261,61.0,66.56521739130434,56.47826086956522,60.78260869565217,69.0,61.91304347826087,71.1304347826087,49.95652173913044,53.60869565217392,51.34782608695652,18.869565217391305,18.47826086956522,18.782608695652176,18.39130434782609,19.08695652173913
China,2018,23,28.043478260869566,183.08695652173915,74.91304347826087,57.69565217391305,48.26086956521739,50.0,61.391304347826086,46.26086956521739,59.65217391304348,52.65217391304348,46.47826086956522,59.869565217391305,58.17391304347826,67.78260869565217,65.08695652173913,61.82608695652174,66.30434782608695,65.04347826086956,55.91304347826087,61.73913043478261,64.47826086956522,61.52173913043478,51.26086956521739,58.391304347826086,54.391304347826086,56.43478260869565,63.47826086956522,48.56521739130435,56.91304347826087,50.130434782608695,54.26086956521739,52.69565217391305,19.47826086956522,18.17391304347826,19.39130434782609,19.130434782608692,19.869565217391305
Colombia,2018,23,27.956521739130437,180.1304347826087,76.69565217391305,56.08695652173913,48.69565217391305,60.60869565217392,65.3913043478261,44.91304347826087,61.08695652173913,49.43478260869565,46.04347826086956,60.95652173913044,65.91304347826087,66.21739130434783,66.8695652173913,68.95652173913044,73.34782608695652,64.17391304347827,62.34782608695652,73.17391304347827,68.65217391304348,72.1304347826087,51.95652173913044,67.08695652173913,57.91304347826087,55.91304347826087,59.78260869565217,53.65217391304348,65.82608695652173,49.17391304347826,56.65217391304348,51.56521739130435,20.0,18.91304347826087,17.347826086956523,18.17391304347826,19.39130434782609
Comoros,2018,9,27.11111111111111,176.33333333333334,72.33333333333333,52.888888888888886,43.22222222222222,51.22222222222222,61.77777777777778,40.0,59.66666666666666,49.333333333333336,39.66666666666666,58.11111111111112,61.44444444444444,70.77777777777777,68.33333333333333,71.66666666666667,67.33333333333333,70.88888888888889,55.22222222222222,67.55555555555556,67.55555555555556,64.22222222222223,47.0,56.888888888888886,55.44444444444444,50.55555555555556,54.66666666666666,45.77777777777778,63.55555555555556,44.66666666666666,50.55555555555556,46.77777777777778,18.444444444444443,17.77777777777778,16.11111111111111,17.444444444444443,17.0
Congo,2018,22,24.681818181818183,183.04545454545453,77.27272727272727,44.95454545454545,47.09090909090909,59.95454545454545,58.40909090909091,42.90909090909091,53.54545454545455,42.40909090909091,38.40909090909091,49.04545454545455,59.36363636363637,65.18181818181819,65.86363636363636,61.45454545454545,61.36363636363637,61.5,57.95454545454545,67.0909090909091,63.04545454545455,69.4090909090909,44.18181818181818,56.22727272727273,45.59090909090909,51.40909090909091,48.90909090909091,50.0,56.90909090909091,43.90909090909091,45.86363636363637,44.40909090909091,14.181818181818182,13.681818181818182,13.318181818181818,13.045454545454543,13.0
Costa Rica,2018,23,27.30434782608696,181.08695652173915,75.56521739130434,55.21739130434783,47.47826086956522,56.34782608695652,63.30434782608695,47.73913043478261,61.130434782608695,54.30434782608695,47.78260869565217,59.91304347826087,63.17391304347826,70.26086956521739,70.82608695652173,68.1304347826087,68.1304347826087,65.82608695652173,63.08695652173913,71.56521739130434,69.56521739130434,68.69565217391305,51.30434782608695,66.73913043478261,54.95652173913044,55.82608695652174,58.73913043478261,52.17391304347826,64.43478260869566,52.82608695652174,55.08695652173913,52.69565217391305,16.73913043478261,15.391304347826088,15.91304347826087,16.47826086956522,17.47826086956522
Croatia,2018,23,26.347826086956523,183.82608695652172,78.08695652173913,66.26086956521739,59.69565217391305,59.43478260869565,73.0,61.21739130434783,70.78260869565217,64.65217391304348,58.47826086956522,66.56521739130434,74.3913043478261,68.47826086956522,70.34782608695652,67.91304347826087,76.56521739130434,63.73913043478261,69.8695652173913,69.08695652173913,72.21739130434783,70.69565217391305,63.73913043478261,66.91304347826087,56.30434782608695,64.04347826086956,70.56521739130434,62.391304347826086,73.56521739130434,49.34782608695652,55.130434782608695,53.0,17.391304347826086,15.608695652173912,15.782608695652174,16.391304347826086,16.47826086956522
Cuba,2018,2,27.5,176.0,73.0,54.5,58.5,55.0,73.0,61.5,74.5,58.5,51.5,64.0,71.0,82.5,79.5,78.0,69.5,80.5,77.0,61.5,78.0,76.5,65.5,76.0,43.0,65.0,65.0,59.5,71.0,43.5,43.5,42.5,11.5,12.5,12.5,13.5,9.5
Curaçao,2018,11,25.0,180.1818181818182,74.18181818181819,56.45454545454545,52.18181818181818,51.54545454545455,59.36363636363637,51.09090909090909,61.45454545454545,53.18181818181818,49.0,53.45454545454545,61.63636363636363,73.63636363636364,75.18181818181819,69.9090909090909,65.0,65.36363636363636,61.27272727272727,64.72727272727273,65.63636363636364,63.72727272727273,53.27272727272727,54.63636363636363,43.36363636363637,53.18181818181818,59.09090909090909,53.90909090909091,58.72727272727273,42.0,43.27272727272727,40.90909090909091,17.727272727272727,18.454545454545453,16.90909090909091,17.0,17.90909090909091
Cyprus,2018,11,22.0,182.54545454545453,76.0,50.72727272727273,43.27272727272727,54.90909090909091,59.54545454545455,44.0,58.63636363636363,48.81818181818182,43.18181818181818,54.63636363636363,60.18181818181818,68.27272727272727,65.0909090909091,64.36363636363636,56.63636363636363,65.0,60.54545454545455,57.0,67.9090909090909,67.18181818181819,49.63636363636363,53.63636363636363,47.45454545454545,51.90909090909091,54.0,50.0,53.27272727272727,50.54545454545455,51.54545454545455,49.45454545454545,10.363636363636363,9.454545454545457,10.909090909090908,11.090909090909092,10.636363636363637
Czech Republic,2018,23,25.65217391304348,184.43478260869568,78.34782608695652,59.21739130434783,51.78260869565217,57.130434782608695,64.91304347826087,51.130434782608695,62.30434782608695,54.130434782608695,47.91304347826087,60.34782608695652,65.69565217391305,65.04347826086956,66.08695652173913,65.34782608695652,69.69565217391305,62.869565217391305,63.82608695652174,67.04347826086956,68.04347826086956,66.73913043478261,58.21739130434783,60.0,52.69565217391305,55.69565217391305,62.34782608695652,51.56521739130435,67.0,48.52173913043478,53.52173913043478,50.43478260869565,18.347826086956523,18.73913043478261,18.47826086956522,19.30434782608696,18.30434782608696
DR Congo,2018,23,25.65217391304348,178.2173913043478,73.52173913043478,64.6086956521739,63.65217391304348,61.52173913043478,67.34782608695652,57.47826086956522,72.52173913043478,62.130434782608695,52.869565217391305,58.73913043478261,71.91304347826087,79.17391304347827,79.04347826086956,76.56521739130434,70.43478260869566,74.21739130434783,70.65217391304348,75.65217391304348,71.6086956521739,69.95652173913044,63.60869565217392,62.82608695652174,47.69565217391305,65.34782608695652,65.04347826086956,58.869565217391305,68.82608695652173,42.73913043478261,48.21739130434783,41.869565217391305,10.521739130434783,10.304347826086955,10.434782608695652,10.73913043478261,9.478260869565217
Denmark,2018,23,26.08695652173913,184.8695652173913,79.95652173913044,57.47826086956522,55.21739130434783,59.65217391304348,68.21739130434783,53.56521739130435,61.56521739130435,55.91304347826087,56.08695652173913,64.34782608695652,67.21739130434783,65.95652173913044,68.43478260869566,63.60869565217392,73.17391304347827,63.34782608695652,68.43478260869566,67.73913043478261,71.08695652173913,73.1304347826087,56.43478260869565,62.69565217391305,54.60869565217392,57.56521739130435,66.34782608695652,55.52173913043478,67.73913043478261,49.56521739130435,54.391304347826086,48.869565217391305,19.47826086956522,19.043478260869566,18.30434782608696,19.0,19.65217391304348
Dominican Republic,2018,2,25.0,184.0,75.5,49.0,53.0,69.0,67.5,39.5,59.0,58.5,62.0,47.5,67.0,64.5,68.0,66.5,64.5,69.0,72.5,87.5,74.5,75.5,49.0,75.5,45.0,57.5,51.5,59.5,66.0,48.5,54.0,52.0,9.5,13.5,10.0,7.0,14.5
Ecuador,2018,23,28.695652173913043,178.04347826086956,75.91304347826087,53.69565217391305,44.08695652173913,57.21739130434783,59.91304347826087,44.21739130434783,57.78260869565217,47.82608695652174,49.47826086956522,55.17391304347826,61.130434782608695,67.73913043478261,66.17391304347827,63.17391304347826,67.30434782608695,66.26086956521739,55.60869565217392,65.95652173913044,69.1304347826087,66.08695652173913,47.73913043478261,58.52173913043478,55.08695652173913,51.0,52.78260869565217,50.95652173913044,59.0,50.43478260869565,52.73913043478261,51.69565217391305,18.043478260869566,17.608695652173914,18.695652173913043,19.73913043478261,19.217391304347824
Egypt,2018,23,27.65217391304348,182.2608695652174,77.34782608695652,50.47826086956522,48.869565217391305,55.52173913043478,60.43478260869565,47.0,57.04347826086956,49.47826086956522,44.869565217391305,57.47826086956522,59.95652173913044,66.69565217391305,67.3913043478261,63.08695652173913,65.1304347826087,64.34782608695652,59.34782608695652,64.08695652173913,65.0,70.04347826086956,52.52173913043478,57.69565217391305,48.04347826086956,51.52173913043478,55.60869565217392,51.17391304347826,64.52173913043478,46.82608695652174,49.391304347826086,46.95652173913044,19.217391304347824,18.39130434782609,19.26086956521739,19.08695652173913,18.26086956521739
El Salvador,2018,2,29.5,172.5,75.0,59.5,57.0,49.0,68.0,53.0,65.0,54.5,65.0,64.0,66.0,65.5,68.5,64.5,68.0,76.5,73.5,43.5,67.0,62.0,63.5,70.5,51.0,61.5,62.5,63.5,71.0,46.0,58.0,58.5,11.5,12.0,14.5,14.5,7.5
England,2018,23,25.73913043478261,183.17391304347825,77.78260869565217,61.30434782608695,57.95652173913044,61.52173913043478,70.3913043478261,54.08695652173913,67.91304347826087,57.60869565217392,49.0,64.30434782608695,69.95652173913044,73.17391304347827,74.78260869565217,69.95652173913044,78.43478260869566,64.95652173913044,67.52173913043478,71.95652173913044,75.3913043478261,73.1304347826087,60.26086956521739,69.56521739130434,59.04347826086956,61.69565217391305,65.26086956521739,59.30434782608695,74.73913043478261,56.82608695652174,59.73913043478261,57.43478260869565,19.347826086956523,20.43478260869565,18.65217391304348,20.30434782608696,20.26086956521739
Equatorial Guinea,2018,6,25.5,179.16666666666666,74.0,53.833333333333336,48.66666666666666,50.333333333333336,57.5,43.66666666666666,55.833333333333336,47.5,40.16666666666666,47.0,58.333333333333336,76.33333333333333,78.0,73.0,64.16666666666667,67.66666666666667,61.0,76.5,67.66666666666667,61.16666666666666,48.333333333333336,51.5,38.333333333333336,55.5,48.833333333333336,48.16666666666666,52.333333333333336,36.333333333333336,38.833333333333336,40.0,20.33333333333333,16.833333333333332,17.833333333333332,18.666666666666668,20.5
Eritrea,2018,1,32.0,189.0,85.0,54.0,69.0,73.0,64.0,74.0,67.0,63.0,54.0,53.0,73.0,53.0,55.0,50.0,74.0,42.0,71.0,55.0,57.0,85.0,57.0,64.0,49.0,78.0,70.0,70.0,77.0,46.0,34.0,20.0,16.0,10.0,14.0,6.0,11.0
Estonia,2018,9,27.444444444444443,181.55555555555557,76.0,56.333333333333336,45.44444444444444,55.77777777777778,65.33333333333333,44.888888888888886,59.0,55.22222222222222,45.888888888888886,61.333333333333336,63.77777777777778,61.77777777777778,65.11111111111111,63.66666666666666,61.66666666666666,63.888888888888886,59.888888888888886,68.55555555555556,68.22222222222223,68.11111111111111,52.77777777777778,62.0,56.77777777777778,51.11111111111112,57.11111111111112,49.77777777777778,61.77777777777778,59.888888888888886,62.22222222222222,61.22222222222222,10.11111111111111,11.0,10.333333333333334,12.11111111111111,8.777777777777779
Eswatini,2018,1,20.0,182.0,66.0,52.0,52.0,38.0,70.0,46.0,70.0,56.0,53.0,68.0,74.0,76.0,66.0,70.0,50.0,50.0,60.0,39.0,37.0,36.0,42.0,46.0,24.0,44.0,57.0,59.0,57.0,42.0,54.0,51.0,11.0,6.0,12.0,8.0,12.0
Ethiopia,2018,2,26.5,182.0,73.0,58.5,48.5,62.5,64.0,52.0,67.5,42.5,41.0,58.0,66.5,70.5,69.0,69.0,57.0,63.5,72.5,72.5,72.0,60.0,66.0,65.5,55.0,55.5,55.5,56.5,59.0,58.0,60.0,54.5,6.0,10.5,12.0,10.5,10.0
Faroe Islands,2018,6,22.5,184.83333333333331,79.83333333333333,50.333333333333336,50.0,53.0,58.833333333333336,42.5,56.333333333333336,50.16666666666666,46.16666666666666,50.66666666666666,58.16666666666666,65.33333333333333,66.66666666666667,64.16666666666667,57.66666666666666,64.33333333333333,59.833333333333336,65.16666666666667,72.0,68.83333333333333,50.333333333333336,53.833333333333336,45.833333333333336,52.66666666666666,53.833333333333336,48.0,53.5,40.5,47.5,45.833333333333336,10.166666666666666,9.5,11.333333333333334,9.333333333333334,8.5
Fiji,2018,1,29.0,170.0,70.0,54.0,70.0,53.0,64.0,65.0,71.0,62.0,33.0,63.0,67.0,85.0,89.0,84.0,66.0,84.0,72.0,70.0,62.0,57.0,61.0,48.0,39.0,70.0,57.0,59.0,60.0,12.0,28.0,28.0,13.0,13.0,6.0,11.0,9.0
Finland,2018,23,27.043478260869566,185.0434782608696,79.65217391304348,49.65217391304348,44.69565217391305,56.0,58.21739130434783,46.04347826086956,54.08695652173913,51.73913043478261,45.04347826086956,53.91304347826087,58.52173913043478,61.69565217391305,61.95652173913044,60.47826086956522,66.08695652173913,58.04347826086956,58.65217391304348,68.1304347826087,66.43478260869566,69.6086956521739,51.391304347826086,63.65217391304348,51.65217391304348,50.391304347826086,54.08695652173913,48.08695652173913,61.869565217391305,49.08695652173913,51.91304347826087,49.60869565217392,17.347826086956523,18.52173913043478,16.043478260869566,17.73913043478261,17.565217391304348
France,2018,23,24.869565217391305,181.4782608695652,75.52173913043478,62.869565217391305,59.391304347826086,60.78260869565217,74.21739130434783,57.65217391304348,69.47826086956522,62.04347826086956,55.56521739130435,66.91304347826087,73.34782608695652,76.0,75.47826086956522,73.08695652173913,79.69565217391305,69.47826086956522,67.73913043478261,74.8695652173913,72.95652173913044,73.21739130434783,61.52173913043478,66.08695652173913,56.91304347826087,63.391304347826086,67.3913043478261,58.26086956521739,75.69565217391305,49.95652173913044,54.26086956521739,51.95652173913044,20.30434782608696,19.0,17.47826086956522,18.39130434782609,20.26086956521739
Gabon,2018,12,25.5,179.83333333333334,76.33333333333333,50.66666666666666,48.5,59.16666666666666,63.91666666666666,46.0,60.16666666666666,48.333333333333336,45.0,57.16666666666666,64.41666666666667,69.75,69.41666666666667,61.16666666666666,66.58333333333333,67.66666666666667,59.41666666666666,66.25,65.16666666666667,69.75,48.833333333333336,63.41666666666666,57.16666666666666,52.16666666666666,57.41666666666666,48.833333333333336,67.33333333333333,51.25,53.16666666666666,50.833333333333336,15.166666666666666,14.666666666666666,16.0,14.583333333333334,16.666666666666668
Gambia,2018,16,23.625,181.0625,73.875,51.125,52.375,51.3125,59.0625,47.5,63.625,49.4375,47.0,49.375,64.4375,74.75,77.9375,72.4375,62.4375,65.875,62.8125,60.875,64.5625,64.875,50.5,57.75,37.625,55.1875,53.25,54.125,60.5625,35.5625,39.25,36.8125,10.3125,10.5625,10.8125,11.0625,11.0
Georgia,2018,23,25.17391304347826,184.2608695652174,77.3913043478261,50.95652173913044,46.78260869565217,54.391304347826086,59.65217391304348,44.43478260869565,59.91304347826087,50.08695652173913,46.82608695652174,55.391304347826086,60.869565217391305,68.26086956521739,68.1304347826087,64.52173913043478,62.95652173913044,60.26086956521739,55.78260869565217,59.08695652173913,62.69565217391305,67.21739130434783,47.0,55.43478260869565,43.30434782608695,50.869565217391305,57.17391304347826,49.47826086956522,61.21739130434783,41.65217391304348,44.30434782608695,43.60869565217392,14.652173913043478,14.652173913043478,15.608695652173912,16.434782608695652,16.0
Germany,2018,23,25.52173913043478,186.0,81.52173913043478,60.91304347826087,54.91304347826087,62.26086956521739,75.17391304347827,55.43478260869565,66.3913043478261,58.34782608695652,50.130434782608695,69.0,72.0,67.82608695652173,70.52173913043478,67.0,82.43478260869566,62.17391304347826,66.04347826086956,68.8695652173913,70.21739130434783,74.69565217391305,58.47826086956522,62.82608695652174,59.21739130434783,59.130434782608695,71.82608695652173,55.130434782608695,76.78260869565217,51.04347826086956,55.91304347826087,54.17391304347826,19.91304347826087,20.217391304347824,20.130434782608692,19.82608695652174,20.47826086956522
Ghana,2018,23,25.26086956521739,177.3913043478261,73.1304347826087,67.08695652173913,59.95652173913044,62.69565217391305,73.65217391304348,62.60869565217392,74.91304347826087,64.1304347826087,54.17391304347826,66.6086956521739,75.47826086956522,80.26086956521739,78.8695652173913,79.73913043478261,73.30434782608695,75.65217391304348,75.73913043478261,78.47826086956522,78.08695652173913,70.95652173913044,68.47826086956522,73.43478260869566,60.69565217391305,68.3913043478261,69.26086956521739,58.69565217391305,72.0,52.95652173913044,61.52173913043478,58.26086956521739,10.391304347826088,9.043478260869565,9.608695652173912,9.391304347826088,9.782608695652174
Gibraltar,2018,2,30.0,178.5,73.5,63.0,45.0,44.5,64.0,36.0,61.0,53.0,49.0,60.0,63.0,72.0,73.5,66.0,57.0,73.5,58.0,65.0,69.5,66.0,49.0,55.0,51.0,52.5,60.0,48.5,61.0,43.5,54.0,53.5,5.0,6.5,5.0,4.0,3.5
Greece,2018,23,26.26086956521739,184.17391304347825,78.91304347826087,55.130434782608695,50.43478260869565,60.08695652173913,63.43478260869565,51.08695652173913,58.43478260869565,54.65217391304348,54.17391304347826,62.30434782608695,63.65217391304348,63.30434782608695,64.8695652173913,61.73913043478261,69.95652173913044,60.91304347826087,66.47826086956522,67.1304347826087,66.82608695652173,74.0,59.69565217391305,67.8695652173913,51.65217391304348,53.0,56.82608695652174,53.65217391304348,63.78260869565217,51.47826086956522,53.0,52.69565217391305,18.43478260869565,19.08695652173913,17.304347826086957,19.26086956521739,18.52173913043478
Grenada,2018,1,24.0,185.0,88.0,25.0,14.0,64.0,46.0,27.0,30.0,25.0,25.0,37.0,44.0,69.0,66.0,39.0,60.0,50.0,45.0,70.0,66.0,84.0,12.0,65.0,53.0,13.0,26.0,31.0,51.0,61.0,64.0,66.0,14.0,8.0,11.0,6.0,12.0
Guam,2018,1,29.0,175.0,68.0,59.0,49.0,60.0,67.0,48.0,57.0,61.0,55.0,58.0,63.0,77.0,75.0,78.0,71.0,83.0,53.0,81.0,78.0,66.0,36.0,76.0,69.0,55.0,56.0,52.0,66.0,71.0,64.0,68.0,13.0,9.0,16.0,12.0,11.0
Guatemala,2018,1,31.0,192.0,85.0,14.0,17.0,20.0,23.0,12.0,11.0,18.0,18.0,17.0,24.0,41.0,40.0,30.0,63.0,28.0,22.0,50.0,38.0,69.0,14.0,25.0,22.0,13.0,37.0,25.0,25.0,14.0,18.0,16.0,73.0,72.0,67.0,72.0,73.0
Guinea,2018,23,25.0,180.82608695652172,74.65217391304348,57.26086956521739,56.34782608695652,60.47826086956522,65.1304347826087,53.95652173913044,67.52173913043478,54.56521739130435,45.95652173913044,56.43478260869565,67.26086956521739,75.26086956521739,74.43478260869566,72.08695652173913,65.08695652173913,68.78260869565217,65.91304347826087,70.17391304347827,68.3913043478261,67.95652173913044,58.21739130434783,60.34782608695652,43.82608695652174,59.60869565217392,57.26086956521739,54.82608695652174,65.0,40.43478260869565,44.17391304347826,41.69565217391305,9.782608695652174,11.0,11.08695652173913,9.956521739130435,10.434782608695652
Guinea-Bissau,2018,16,23.5625,180.5625,74.6875,52.6875,54.375,53.5,62.8125,53.0,65.125,53.375,44.0,52.125,64.5625,73.9375,75.375,69.3125,64.125,69.1875,67.625,63.875,65.8125,65.0625,57.0625,62.5625,42.75,59.875,54.0,53.9375,62.8125,38.5625,42.1875,39.5625,11.125,10.25,10.4375,10.25,10.125
Guyana,2018,5,28.0,180.6,76.0,51.4,42.0,57.0,60.0,34.0,53.8,44.8,37.6,48.6,58.8,67.8,67.0,61.2,55.4,63.2,52.6,68.2,66.2,66.4,41.4,58.8,55.6,47.4,48.2,46.8,59.0,54.4,61.2,59.6,9.0,11.2,10.0,12.2,8.8
Haiti,2018,14,24.571428571428573,178.42857142857142,75.42857142857143,50.42857142857143,47.71428571428572,50.07142857142857,57.142857142857146,44.42857142857143,58.285714285714285,47.5,40.42857142857143,50.35714285714285,57.0,70.85714285714286,70.5,66.64285714285714,58.785714285714285,68.64285714285714,57.142857142857146,66.64285714285714,59.57142857142857,63.57142857142857,46.85714285714285,50.5,42.57142857142857,46.642857142857146,52.07142857142857,47.57142857142857,57.142857142857146,41.85714285714285,42.785714285714285,40.71428571428572,13.857142857142858,14.642857142857142,12.785714285714286,14.142857142857142,14.142857142857142
Honduras,2018,13,27.384615384615383,180.07692307692307,77.15384615384616,58.76923076923077,57.23076923076923,63.15384615384615,66.0,55.0,66.46153846153847,58.0,55.30769230769231,59.38461538461539,67.15384615384616,72.6923076923077,72.92307692307692,69.6923076923077,65.23076923076923,67.53846153846153,71.23076923076923,72.07692307692308,72.61538461538461,71.53846153846153,60.30769230769231,68.0,51.61538461538461,62.30769230769231,62.23076923076923,62.30769230769231,65.6923076923077,47.69230769230769,52.61538461538461,50.23076923076923,10.23076923076923,8.76923076923077,10.76923076923077,11.0,10.538461538461538
Hong Kong,2018,1,17.0,175.0,75.0,39.0,30.0,48.0,58.0,25.0,48.0,33.0,30.0,51.0,53.0,71.0,72.0,78.0,55.0,74.0,43.0,58.0,65.0,42.0,27.0,38.0,53.0,25.0,53.0,40.0,40.0,47.0,54.0,53.0,7.0,7.0,7.0,5.0,6.0
Hungary,2018,23,27.52173913043478,184.56521739130437,78.26086956521739,54.60869565217392,47.73913043478261,55.17391304347826,61.04347826086956,47.0,57.78260869565217,49.0,44.60869565217392,54.30434782608695,60.869565217391305,66.21739130434783,65.34782608695652,61.82608695652174,66.82608695652173,61.56521739130435,56.69565217391305,64.56521739130434,64.73913043478261,69.17391304347827,48.130434782608695,61.17391304347826,48.69565217391305,55.26086956521739,56.43478260869565,53.65217391304348,62.73913043478261,47.52173913043478,47.73913043478261,46.04347826086956,18.0,18.347826086956523,17.73913043478261,18.43478260869565,18.43478260869565
Iceland,2018,23,27.782608695652176,185.0,79.08695652173913,51.65217391304348,48.130434782608695,57.0,60.69565217391305,49.26086956521739,54.95652173913044,53.26086956521739,49.21739130434783,56.52173913043478,60.69565217391305,61.82608695652174,63.73913043478261,60.91304347826087,67.56521739130434,64.8695652173913,62.52173913043478,70.26086956521739,70.8695652173913,73.65217391304348,56.95652173913044,63.56521739130435,51.869565217391305,52.21739130434783,58.56521739130435,54.65217391304348,66.3913043478261,49.52173913043478,52.65217391304348,49.73913043478261,17.47826086956522,16.565217391304348,17.347826086956523,18.130434782608692,18.73913043478261
India,2018,23,26.043478260869566,179.08695652173913,73.6086956521739,42.78260869565217,42.34782608695652,46.17391304347826,45.391304347826086,39.34782608695652,47.56521739130435,39.69565217391305,42.17391304347826,39.17391304347826,48.56521739130435,67.08695652173913,65.47826086956522,62.43478260869565,54.26086956521739,63.52173913043478,49.08695652173913,56.69565217391305,57.43478260869565,59.82608695652174,41.21739130434783,41.73913043478261,37.43478260869565,43.08695652173913,42.52173913043478,48.34782608695652,47.60869565217392,34.78260869565217,37.43478260869565,36.60869565217392,16.73913043478261,16.869565217391305,16.73913043478261,16.17391304347826,16.08695652173913
Iran,2018,17,24.88235294117647,183.05882352941177,77.41176470588235,48.294117647058826,50.8235294117647,51.41176470588236,56.588235294117645,50.76470588235294,55.47058823529412,52.588235294117645,46.76470588235294,48.41176470588236,57.11764705882353,66.76470588235294,67.3529411764706,65.47058823529412,65.70588235294117,62.94117647058823,58.11764705882353,63.52941176470589,59.0,64.6470588235294,52.52941176470589,57.05882352941177,41.8235294117647,52.52941176470589,58.1764705882353,49.64705882352941,61.47058823529412,35.23529411764706,39.41176470588236,38.05882352941177,20.176470588235293,19.352941176470587,20.352941176470587,19.41176470588235,21.0
Iraq,2018,9,26.0,181.33333333333331,73.0,58.11111111111112,50.11111111111112,52.77777777777778,65.0,49.55555555555556,65.44444444444444,58.55555555555556,53.11111111111112,59.55555555555556,65.0,68.44444444444444,67.44444444444444,70.33333333333333,65.0,67.0,63.77777777777778,60.0,74.77777777777777,71.0,54.22222222222222,70.33333333333333,59.22222222222222,57.44444444444444,61.0,56.77777777777778,64.11111111111111,55.888888888888886,58.11111111111112,54.44444444444444,11.333333333333334,11.77777777777778,11.11111111111111,9.88888888888889,11.0
Israel,2018,12,26.83333333333333,180.91666666666663,77.0,55.91666666666666,55.083333333333336,57.083333333333336,66.91666666666667,53.91666666666666,66.0,56.833333333333336,49.583333333333336,60.0,67.33333333333333,67.08333333333333,67.83333333333333,68.66666666666667,68.66666666666667,67.33333333333333,65.08333333333333,67.66666666666667,69.75,68.08333333333333,57.66666666666666,58.16666666666666,46.16666666666666,61.66666666666666,63.41666666666666,58.833333333333336,64.5,43.833333333333336,48.583333333333336,45.083333333333336,14.916666666666666,15.75,14.0,15.75,13.416666666666666
Italy,2018,23,27.17391304347826,183.30434782608697,77.43478260869566,58.26086956521739,54.91304347826087,60.73913043478261,70.26086956521739,58.95652173913044,69.04347826086956,61.30434782608695,50.43478260869565,63.65217391304348,71.69565217391305,70.78260869565217,73.52173913043478,72.04347826086956,78.6086956521739,67.04347826086956,68.26086956521739,69.30434782608695,70.8695652173913,70.30434782608695,60.91304347826087,64.82608695652173,57.04347826086956,58.0,67.78260869565217,57.69565217391305,76.78260869565217,50.47826086956522,54.56521739130435,53.56521739130435,18.39130434782609,17.608695652173914,17.47826086956522,18.043478260869566,18.217391304347824
Ivory Coast,2018,23,26.0,181.91304347826087,77.08695652173913,57.21739130434783,49.08695652173913,59.130434782608695,64.08695652173913,47.34782608695652,63.91304347826087,52.60869565217392,44.60869565217392,57.21739130434783,66.34782608695652,71.8695652173913,72.1304347826087,69.30434782608695,71.8695652173913,69.78260869565217,61.391304347826086,71.30434782608695,70.69565217391305,73.47826086956522,53.04347826086956,63.82608695652174,52.65217391304348,56.73913043478261,60.26086956521739,52.69565217391305,65.56521739130434,49.130434782608695,54.04347826086956,50.82608695652174,18.956521739130437,18.30434782608696,18.30434782608696,17.73913043478261,18.217391304347824
Jamaica,2018,23,28.30434782608696,181.69565217391303,76.43478260869566,55.52173913043478,50.73913043478261,55.43478260869565,60.391304347826086,46.82608695652174,62.95652173913044,53.65217391304348,45.73913043478261,53.130434782608695,62.869565217391305,74.43478260869566,76.6086956521739,71.21739130434783,64.56521739130434,66.65217391304348,62.82608695652174,70.69565217391305,68.56521739130434,69.0,53.04347826086956,62.43478260869565,46.95652173913044,58.04347826086956,56.130434782608695,52.391304347826086,61.869565217391305,43.82608695652174,48.52173913043478,44.08695652173913,13.391304347826088,13.173913043478262,12.826086956521738,13.826086956521738,13.869565217391305
Japan,2018,23,27.82608695652174,177.69565217391303,70.6086956521739,65.30434782608695,59.82608695652174,61.30434782608695,72.8695652173913,58.391304347826086,73.26086956521739,65.56521739130434,56.91304347826087,65.52173913043478,73.6086956521739,74.91304347826087,74.26086956521739,77.91304347826087,72.43478260869566,74.91304347826087,65.1304347826087,69.34782608695652,76.08695652173913,60.78260869565217,60.869565217391305,57.30434782608695,54.04347826086956,67.47826086956522,66.73913043478261,61.0,71.65217391304348,49.82608695652174,53.82608695652174,51.69565217391305,10.565217391304348,10.91304347826087,10.956521739130435,9.956521739130435,10.652173913043478
Kazakhstan,2018,3,26.0,178.33333333333334,74.33333333333333,63.0,47.333333333333336,54.0,69.33333333333333,51.66666666666666,63.0,62.66666666666666,53.66666666666666,65.33333333333333,67.0,70.33333333333333,65.33333333333333,74.0,61.66666666666666,73.66666666666667,59.0,64.0,65.66666666666667,58.333333333333336,53.0,58.66666666666666,54.0,53.66666666666666,59.66666666666666,48.0,60.66666666666666,52.333333333333336,60.0,58.0,8.666666666666666,8.666666666666666,8.333333333333334,10.666666666666666,12.0
Kenya,2018,7,26.571428571428573,187.0,81.28571428571429,42.71428571428572,45.0,56.0,55.142857142857146,45.85714285714285,49.42857142857143,44.142857142857146,37.57142857142857,46.71428571428572,55.85714285714285,61.285714285714285,66.71428571428571,58.42857142857143,59.85714285714285,54.285714285714285,56.285714285714285,70.14285714285714,65.28571428571429,75.42857142857143,46.71428571428572,61.42857142857143,50.57142857142857,48.0,48.0,46.285714285714285,48.71428571428572,44.85714285714285,49.0,46.85714285714285,17.571428571428573,17.857142857142858,18.142857142857142,19.857142857142858,17.714285714285715
Kosovo,2018,23,24.956521739130437,180.91304347826087,74.78260869565217,55.391304347826086,57.0,52.69565217391305,63.34782608695652,53.56521739130435,65.73913043478261,59.52173913043478,50.04347826086956,54.69565217391305,67.04347826086956,70.6086956521739,68.8695652173913,71.69565217391305,64.6086956521739,68.04347826086956,66.26086956521739,61.391304347826086,63.73913043478261,65.1304347826087,58.17391304347826,62.47826086956522,42.69565217391305,60.130434782608695,60.0,55.47826086956522,64.78260869565217,36.47826086956522,40.0,36.65217391304348,13.434782608695652,13.26086956521739,13.956521739130435,12.782608695652174,13.956521739130435
Kuwait,2018,2,27.5,189.0,76.5,41.0,33.5,60.0,64.5,36.0,46.0,44.5,49.5,50.0,59.0,57.5,62.0,49.5,65.5,50.5,48.0,54.0,66.0,67.0,41.5,62.0,62.0,40.5,51.5,36.5,55.5,62.5,66.0,60.5,8.5,8.0,9.5,9.5,13.0
Kyrgyzstan,2018,1,28.0,183.0,82.0,51.0,58.0,62.0,50.0,45.0,50.0,36.0,32.0,40.0,47.0,60.0,63.0,61.0,56.0,61.0,55.0,68.0,68.0,70.0,57.0,30.0,14.0,58.0,42.0,58.0,59.0,16.0,11.0,13.0,13.0,11.0,5.0,12.0,15.0
Latvia,2018,7,28.142857142857142,185.14285714285717,79.57142857142857,39.85714285714285,44.42857142857143,50.142857142857146,52.57142857142857,39.57142857142857,47.0,37.285714285714285,33.0,42.71428571428572,50.71428571428572,63.42857142857143,61.85714285714285,57.71428571428572,61.57142857142857,55.57142857142857,51.285714285714285,70.28571428571429,61.285714285714285,70.42857142857143,42.0,49.142857142857146,35.57142857142857,49.71428571428572,53.0,48.71428571428572,56.71428571428572,31.428571428571427,32.285714285714285,31.142857142857142,27.142857142857142,27.571428571428573,27.857142857142858,26.714285714285715,28.714285714285715
Lebanon,2018,5,22.8,185.0,79.2,43.2,48.6,42.4,48.8,45.4,54.6,50.2,42.2,40.8,54.6,66.4,63.4,66.0,57.0,59.6,56.2,58.6,58.0,62.6,51.4,37.4,22.8,48.0,52.8,45.4,50.2,19.8,21.0,18.4,22.8,18.2,21.2,21.6,18.4
Liberia,2018,2,21.5,177.5,77.0,37.0,66.5,56.5,56.0,50.0,60.0,39.5,51.5,44.5,59.5,77.0,79.0,68.5,58.0,59.5,66.5,82.5,52.5,63.0,58.5,61.5,31.5,63.5,48.5,58.5,54.0,33.0,32.5,36.5,11.0,16.0,12.0,9.5,15.0
Libya,2018,2,24.0,174.0,68.0,61.5,57.5,39.0,64.5,48.5,72.0,48.5,51.5,58.5,69.0,78.5,75.5,80.5,68.5,81.5,64.5,59.0,63.5,59.5,57.5,48.5,43.5,63.5,62.0,52.5,62.5,23.0,36.0,39.5,9.5,11.0,5.5,10.0,10.0
Liechtenstein,2018,3,23.666666666666668,179.0,74.66666666666667,49.66666666666666,49.66666666666666,59.66666666666666,62.0,45.66666666666666,62.66666666666666,51.66666666666666,39.333333333333336,57.0,64.0,68.66666666666667,67.33333333333333,71.0,58.333333333333336,70.0,56.66666666666666,68.66666666666667,73.33333333333333,65.33333333333333,53.333333333333336,65.66666666666667,50.0,60.333333333333336,59.0,55.0,60.0,42.333333333333336,47.66666666666666,47.333333333333336,11.333333333333334,10.0,8.666666666666666,7.666666666666667,9.333333333333334
Lithuania,2018,12,24.5,187.75,81.25,37.75,37.91666666666666,43.5,48.75,36.16666666666666,45.083333333333336,38.083333333333336,37.91666666666666,42.75,48.0,51.16666666666666,55.41666666666666,53.583333333333336,57.25,51.41666666666666,48.0,61.75,53.75,71.0,38.0,45.75,31.25,39.833333333333336,43.0,39.333333333333336,48.0,27.416666666666668,29.0,29.0,27.916666666666668,27.83333333333333,26.916666666666668,27.166666666666668,27.08333333333333
Luxembourg,2018,8,23.125,183.875,75.5,45.375,32.75,54.625,59.625,37.5,48.125,42.625,46.75,54.5,57.25,55.5,56.875,57.5,61.375,61.25,57.875,64.875,62.75,65.0,44.0,58.625,53.0,42.125,48.875,48.5,57.5,48.625,51.75,50.5,18.0,17.0,16.375,17.625,18.0
Madagascar,2018,4,28.5,179.0,72.75,60.5,62.75,49.25,59.75,57.75,68.0,59.75,56.0,56.0,64.75,79.5,76.25,73.0,61.75,70.75,56.5,62.25,71.5,58.0,57.0,50.25,39.0,62.25,57.0,51.25,58.0,31.5,32.5,31.5,9.25,9.75,10.5,9.5,9.25
Mali,2018,23,25.39130434782609,182.65217391304347,75.82608695652173,58.34782608695652,54.17391304347826,60.43478260869565,66.78260869565217,46.43478260869565,63.91304347826087,53.56521739130435,42.95652173913044,58.65217391304348,66.73913043478261,71.91304347826087,73.04347826086956,67.78260869565217,67.26086956521739,64.26086956521739,66.26086956521739,68.8695652173913,71.73913043478261,73.3913043478261,56.0,66.26086956521739,50.30434782608695,59.04347826086956,59.17391304347826,52.869565217391305,62.21739130434783,47.60869565217392,52.08695652173913,49.82608695652174,13.73913043478261,13.26086956521739,12.652173913043478,12.478260869565217,12.391304347826088
Malta,2018,3,24.666666666666668,175.0,69.66666666666667,54.333333333333336,41.66666666666666,46.0,57.66666666666666,34.333333333333336,63.66666666666666,40.66666666666666,35.333333333333336,54.0,63.333333333333336,70.33333333333333,69.66666666666667,75.66666666666667,53.333333333333336,79.33333333333333,40.333333333333336,65.0,67.66666666666667,57.66666666666666,47.0,54.333333333333336,46.0,52.333333333333336,48.0,43.66666666666666,53.66666666666666,47.66666666666666,50.333333333333336,51.333333333333336,11.666666666666666,11.0,12.666666666666666,8.666666666666666,11.333333333333334
Mauritania,2018,2,25.0,190.5,86.0,36.5,23.5,56.0,62.5,24.5,43.0,41.0,42.0,49.0,56.5,59.0,57.5,53.0,64.0,44.0,50.5,56.0,70.0,82.0,40.0,64.0,63.5,34.0,47.5,39.5,65.5,63.0,70.0,62.0,10.5,11.0,11.5,10.5,15.5
Mauritius,2018,1,28.0,182.0,72.0,68.0,52.0,55.0,69.0,29.0,68.0,70.0,66.0,67.0,72.0,70.0,70.0,77.0,63.0,70.0,53.0,59.0,70.0,66.0,58.0,56.0,60.0,59.0,69.0,51.0,69.0,54.0,58.0,57.0,6.0,15.0,6.0,16.0,16.0
Mexico,2018,23,26.30434782608696,179.56521739130434,73.8695652173913,59.04347826086956,54.65217391304348,59.30434782608695,68.08695652173913,54.82608695652174,64.69565217391305,57.21739130434783,48.73913043478261,63.26086956521739,68.26086956521739,74.34782608695652,73.30434782608695,74.26086956521739,73.82608695652173,69.3913043478261,63.60869565217392,69.95652173913044,70.34782608695652,63.391304347826086,54.34782608695652,57.391304347826086,53.43478260869565,59.73913043478261,63.56521739130435,57.73913043478261,71.3913043478261,46.21739130434783,50.08695652173913,47.78260869565217,18.08695652173913,19.47826086956522,18.65217391304348,18.695652173913043,18.565217391304348
Moldova,2018,6,26.5,187.66666666666663,78.66666666666667,49.833333333333336,38.66666666666666,69.83333333333333,66.0,43.333333333333336,52.333333333333336,47.5,46.333333333333336,60.16666666666666,61.333333333333336,62.333333333333336,62.333333333333336,59.16666666666666,66.0,56.333333333333336,62.16666666666666,56.5,70.66666666666667,77.0,46.333333333333336,69.0,69.5,50.16666666666666,51.66666666666666,48.66666666666666,60.66666666666666,68.16666666666667,72.0,68.5,9.0,11.166666666666666,10.5,8.166666666666666,9.333333333333334
Montenegro,2018,23,25.47826086956522,185.7826086956522,79.65217391304348,52.60869565217392,50.04347826086956,59.69565217391305,60.21739130434783,48.78260869565217,59.08695652173913,49.91304347826087,47.08695652173913,53.91304347826087,63.391304347826086,65.8695652173913,66.69565217391305,62.95652173913044,63.34782608695652,59.52173913043478,60.21739130434783,67.52173913043478,66.47826086956522,72.17391304347827,53.869565217391305,61.56521739130435,47.69565217391305,55.08695652173913,57.130434782608695,54.17391304347826,62.26086956521739,46.391304347826086,48.78260869565217,46.65217391304348,12.826086956521738,14.130434782608695,13.173913043478262,13.956521739130435,13.956521739130435
Montserrat,2018,4,24.5,182.5,79.0,47.25,47.75,58.0,56.75,45.0,53.25,47.5,45.0,51.0,56.75,67.5,72.25,63.0,60.0,60.5,56.0,60.5,70.75,70.5,45.75,60.75,52.75,55.5,55.25,48.5,58.25,54.0,55.5,56.25,10.25,13.75,11.0,13.0,11.25
Morocco,2018,23,26.695652173913043,179.43478260869566,73.8695652173913,69.08695652173913,64.21739130434783,56.47826086956522,74.1304347826087,64.56521739130434,77.08695652173913,70.73913043478261,62.391304347826086,69.56521739130434,77.26086956521739,74.08695652173913,74.34782608695652,76.6086956521739,73.08695652173913,70.8695652173913,74.52173913043478,61.30434782608695,71.65217391304348,66.73913043478261,68.95652173913044,64.04347826086956,52.91304347826087,66.30434782608695,69.3913043478261,65.78260869565217,72.95652173913044,47.08695652173913,52.69565217391305,48.08695652173913,9.826086956521738,11.26086956521739,9.73913043478261,11.173913043478262,10.695652173913045
Mozambique,2018,3,26.33333333333333,179.0,72.66666666666667,53.66666666666666,42.66666666666666,64.66666666666667,66.33333333333333,45.0,63.333333333333336,56.66666666666666,49.333333333333336,55.333333333333336,67.0,71.66666666666667,71.0,71.66666666666667,68.0,73.33333333333333,58.66666666666666,69.0,71.0,65.0,62.0,67.66666666666667,63.333333333333336,46.0,51.66666666666666,47.0,65.33333333333333,59.333333333333336,60.66666666666666,59.0,9.333333333333334,11.666666666666666,8.0,13.333333333333334,9.666666666666666
Namibia,2018,2,22.5,180.5,73.0,60.5,45.5,52.0,61.0,37.0,64.5,36.0,47.5,50.5,60.5,74.0,76.5,61.5,60.0,68.0,49.0,66.0,73.0,63.5,43.5,52.0,51.5,50.0,48.5,41.0,55.0,50.0,51.5,53.5,10.5,14.0,11.5,9.0,9.5
Netherlands,2018,23,25.73913043478261,183.43478260869568,78.08695652173913,58.08695652173913,54.69565217391305,61.65217391304348,71.69565217391305,56.08695652173913,64.34782608695652,56.95652173913044,50.34782608695652,64.8695652173913,70.82608695652173,67.78260869565217,68.82608695652173,65.1304347826087,77.69565217391305,63.52173913043478,70.17391304347827,67.82608695652173,71.78260869565217,74.26086956521739,61.52173913043478,66.73913043478261,55.73913043478261,58.95652173913044,66.95652173913044,56.82608695652174,74.82608695652173,50.78260869565217,55.73913043478261,50.82608695652174,19.47826086956522,18.39130434782609,19.130434782608692,19.08695652173913,19.08695652173913
New Caledonia,2018,2,28.5,182.0,80.5,57.0,47.0,68.5,65.5,35.5,44.5,45.0,35.0,51.0,67.5,69.0,64.0,68.0,65.0,62.0,55.0,76.0,69.5,79.5,46.0,68.5,47.0,50.5,58.0,55.5,63.5,48.5,50.5,46.5,11.5,12.5,7.5,10.5,9.0
New Zealand,2018,23,25.91304347826087,182.2608695652174,78.43478260869566,44.91304347826087,41.21739130434783,47.130434782608695,52.82608695652174,39.30434782608695,50.52173913043478,44.21739130434783,40.78260869565217,48.52173913043478,52.56521739130435,65.0,66.1304347826087,59.56521739130435,57.95652173913044,62.82608695652174,48.43478260869565,64.6086956521739,61.47826086956522,67.1304347826087,43.78260869565217,54.34782608695652,45.95652173913044,47.130434782608695,49.869565217391305,45.91304347826087,56.69565217391305,42.30434782608695,45.91304347826087,42.43478260869565,17.0,17.652173913043477,17.217391304347824,16.434782608695652,17.869565217391305
Niger,2018,3,26.0,184.66666666666663,76.66666666666667,51.66666666666666,60.0,72.66666666666667,65.0,58.0,62.66666666666666,43.0,40.0,48.333333333333336,63.333333333333336,73.0,72.0,65.66666666666667,64.33333333333333,64.66666666666667,73.0,72.0,74.66666666666667,76.0,61.333333333333336,70.66666666666667,37.66666666666666,63.333333333333336,61.0,55.0,61.0,34.333333333333336,37.333333333333336,38.0,13.333333333333334,11.333333333333334,13.333333333333334,8.666666666666666,9.666666666666666
Nigeria,2018,23,25.217391304347824,179.47826086956522,76.6086956521739,58.21739130434783,61.08695652173913,59.52173913043478,68.65217391304348,58.34782608695652,70.73913043478261,55.82608695652174,52.65217391304348,59.56521739130435,71.08695652173913,78.21739130434783,77.69565217391305,76.95652173913044,71.43478260869566,72.08695652173913,72.73913043478261,73.3913043478261,75.3913043478261,72.91304347826087,63.21739130434783,63.52173913043478,48.78260869565217,65.47826086956522,64.08695652173913,58.21739130434783,68.08695652173913,40.78260869565217,49.21739130434783,45.869565217391305,13.782608695652174,13.91304347826087,13.956521739130435,14.956521739130435,14.652173913043478
North Korea,2018,6,25.5,178.5,74.16666666666667,51.0,61.333333333333336,57.5,61.333333333333336,54.16666666666666,63.0,51.5,46.5,53.0,63.833333333333336,63.0,65.5,63.0,61.333333333333336,68.83333333333333,63.5,62.5,58.66666666666666,61.0,58.833333333333336,46.66666666666666,32.5,55.16666666666666,59.5,59.16666666666666,59.333333333333336,27.33333333333333,34.833333333333336,29.83333333333333,13.0,10.0,13.166666666666666,12.5,11.0
North Macedonia,2018,17,24.705882352941178,181.8235294117647,76.23529411764706,46.35294117647059,49.64705882352941,50.52941176470589,58.05882352941177,46.05882352941177,56.47058823529412,48.0,42.76470588235294,49.88235294117647,57.35294117647059,63.588235294117645,61.0,62.23529411764706,62.1764705882353,62.76470588235294,55.64705882352941,62.88235294117647,59.52941176470589,66.17647058823529,51.294117647058826,50.94117647058823,36.52941176470589,51.588235294117645,51.8235294117647,49.23529411764706,54.8235294117647,35.35294117647059,39.23529411764706,37.1764705882353,22.294117647058822,20.529411764705884,20.294117647058822,19.823529411764707,22.647058823529413
Northern Ireland,2018,23,28.52173913043478,182.3913043478261,77.21739130434783,52.21739130434783,47.73913043478261,57.26086956521739,58.69565217391305,45.47826086956522,53.69565217391305,46.65217391304348,43.65217391304348,53.95652173913044,60.82608695652174,61.91304347826087,62.0,64.30434782608695,65.52173913043478,64.6086956521739,56.73913043478261,68.30434782608695,69.43478260869566,68.08695652173913,47.17391304347826,63.65217391304348,52.17391304347826,48.47826086956522,54.391304347826086,48.91304347826087,64.0,50.65217391304348,53.21739130434783,49.95652173913044,18.30434782608696,17.608695652173914,16.82608695652174,18.17391304347826,18.565217391304348
Norway,2018,23,25.47826086956522,183.95652173913044,78.82608695652173,54.60869565217392,48.0,55.0,61.21739130434783,46.04347826086956,57.91304347826087,50.82608695652174,50.04347826086956,57.47826086956522,61.69565217391305,69.47826086956522,69.95652173913044,67.43478260869566,68.6086956521739,63.26086956521739,60.0,66.0,71.3913043478261,70.73913043478261,53.52173913043478,59.26086956521739,50.869565217391305,55.73913043478261,60.52173913043478,47.47826086956522,67.04347826086956,47.08695652173913,48.08695652173913,46.60869565217392,19.65217391304348,18.65217391304348,18.0,18.43478260869565,19.43478260869565
Oman,2018,1,35.0,194.0,79.0,16.0,18.0,16.0,66.0,18.0,14.0,13.0,11.0,25.0,17.0,41.0,55.0,60.0,76.0,53.0,22.0,74.0,41.0,64.0,12.0,40.0,22.0,13.0,44.0,13.0,56.0,11.0,11.0,11.0,75.0,59.0,72.0,72.0,78.0
Palestine,2018,3,25.33333333333333,177.33333333333334,75.66666666666667,52.333333333333336,57.66666666666666,51.66666666666666,60.0,56.66666666666666,66.0,51.66666666666666,44.333333333333336,45.333333333333336,62.333333333333336,74.66666666666667,73.33333333333333,69.0,58.333333333333336,72.33333333333333,63.66666666666666,60.0,67.66666666666667,67.66666666666667,55.66666666666666,60.66666666666666,30.33333333333333,57.0,52.66666666666666,57.66666666666666,55.0,23.666666666666668,26.33333333333333,21.33333333333333,12.333333333333334,10.333333333333334,11.0,9.0,9.666666666666666
Panama,2018,16,25.8125,181.75,76.5,48.5625,45.625,58.25,57.375,43.9375,55.625,46.3125,42.875,52.25,59.5,65.0625,65.0,62.6875,62.375,61.3125,61.25,64.3125,66.0625,71.8125,51.8125,63.0,48.9375,49.9375,50.0625,54.125,57.4375,48.75,50.375,48.625,9.6875,11.6875,12.0625,8.875,11.0
Paraguay,2018,23,27.73913043478261,179.3913043478261,76.0,55.95652173913044,48.43478260869565,56.91304347826087,63.391304347826086,48.73913043478261,60.56521739130435,52.91304347826087,48.60869565217392,56.69565217391305,63.56521739130435,67.04347826086956,67.73913043478261,65.78260869565217,68.52173913043478,64.52173913043478,62.47826086956522,68.30434782608695,67.3913043478261,66.30434782608695,55.91304347826087,61.869565217391305,49.26086956521739,55.73913043478261,60.30434782608695,51.34782608695652,64.65217391304348,46.04347826086956,48.78260869565217,45.95652173913044,18.91304347826087,18.695652173913043,18.39130434782609,18.26086956521739,18.695652173913043
Peru,2018,23,25.608695652173918,179.34782608695653,74.30434782608695,53.43478260869565,46.56521739130435,56.17391304347826,59.26086956521739,47.43478260869565,58.0,49.26086956521739,48.391304347826086,54.78260869565217,59.08695652173913,68.73913043478261,68.43478260869566,66.91304347826087,62.26086956521739,69.26086956521739,56.95652173913044,66.34782608695652,62.56521739130435,60.82608695652174,51.21739130434783,53.82608695652174,45.869565217391305,51.47826086956522,53.78260869565217,50.391304347826086,57.78260869565217,44.21739130434783,46.69565217391305,44.04347826086956,19.17391304347826,18.82608695652174,17.565217391304348,18.91304347826087,17.956521739130434
Philippines,2018,3,25.666666666666668,178.0,76.66666666666667,40.66666666666666,27.33333333333333,34.0,47.333333333333336,19.0,44.66666666666666,23.33333333333333,22.0,42.333333333333336,47.333333333333336,60.66666666666666,59.333333333333336,71.0,53.66666666666666,75.33333333333333,27.33333333333333,66.66666666666667,58.0,60.333333333333336,21.33333333333333,42.66666666666666,42.333333333333336,33.0,44.0,35.666666666666664,58.66666666666666,40.0,44.0,45.66666666666666,32.666666666666664,25.666666666666668,27.0,30.0,32.333333333333336
Poland,2018,23,27.73913043478261,182.91304347826087,78.43478260869566,57.869565217391305,52.26086956521739,57.73913043478261,65.56521739130434,51.47826086956522,61.130434782608695,55.30434782608695,48.82608695652174,62.130434782608695,65.3913043478261,67.8695652173913,69.34782608695652,68.21739130434783,73.04347826086956,66.69565217391305,62.52173913043478,72.04347826086956,71.47826086956522,71.21739130434783,55.69565217391305,69.30434782608695,57.30434782608695,60.0,62.869565217391305,51.91304347826087,70.21739130434783,49.78260869565217,54.47826086956522,51.130434782608695,21.08695652173913,19.17391304347826,18.130434782608692,19.347826086956523,20.565217391304348
Portugal,2018,23,27.565217391304348,180.65217391304347,75.1304347826087,63.73913043478261,58.95652173913044,59.56521739130435,70.65217391304348,57.60869565217392,70.52173913043478,64.3913043478261,54.34782608695652,65.73913043478261,71.08695652173913,70.95652173913044,70.08695652173913,73.34782608695652,77.65217391304348,68.82608695652173,67.95652173913044,71.6086956521739,74.91304347826087,69.56521739130434,62.91304347826087,68.52173913043478,58.34782608695652,63.26086956521739,68.65217391304348,61.30434782608695,74.08695652173913,53.43478260869565,57.17391304347826,51.869565217391305,19.73913043478261,19.82608695652174,19.347826086956523,19.43478260869565,20.043478260869566
Puerto Rico,2018,2,34.5,185.5,86.0,34.5,22.0,40.5,46.5,34.0,37.0,31.5,21.0,44.5,35.0,57.0,51.5,49.5,59.5,57.5,34.0,68.0,46.0,69.0,27.0,56.5,46.0,20.0,20.5,29.5,56.0,43.5,38.5,40.5,38.5,39.5,37.0,37.5,36.5
Qatar,2018,6,21.666666666666668,177.16666666666666,71.66666666666667,57.0,50.833333333333336,58.5,59.5,40.5,58.66666666666666,47.66666666666666,44.333333333333336,55.5,62.16666666666666,66.83333333333333,68.16666666666667,64.83333333333333,60.66666666666666,71.83333333333333,57.833333333333336,65.0,58.833333333333336,59.833333333333336,47.16666666666666,55.0,42.833333333333336,49.16666666666666,51.16666666666666,50.833333333333336,62.833333333333336,43.0,52.333333333333336,48.66666666666666,11.0,10.666666666666666,10.833333333333334,7.666666666666667,8.0
Republic of Ireland,2018,23,29.65217391304348,183.5217391304348,77.95652173913044,58.91304347826087,52.34782608695652,61.0,65.21739130434783,52.04347826086956,61.56521739130435,53.95652173913044,48.78260869565217,60.95652173913044,64.78260869565217,62.391304347826086,63.17391304347826,66.08695652173913,71.52173913043478,63.47826086956522,61.95652173913044,69.26086956521739,67.78260869565217,73.52173913043478,53.73913043478261,68.6086956521739,58.04347826086956,57.869565217391305,61.47826086956522,58.78260869565217,67.95652173913044,53.91304347826087,56.56521739130435,54.0,18.26086956521739,19.26086956521739,19.043478260869566,19.43478260869565,19.347826086956523
Romania,2018,23,26.52173913043478,181.1304347826087,76.1304347826087,55.391304347826086,49.52173913043478,56.130434782608695,61.95652173913044,48.04347826086956,54.47826086956522,50.52173913043478,48.30434782608695,58.73913043478261,59.04347826086956,68.52173913043478,67.0,68.21739130434783,69.56521739130434,65.04347826086956,59.26086956521739,60.52173913043478,67.47826086956522,69.69565217391305,51.130434782608695,61.95652173913044,53.30434782608695,54.04347826086956,57.0,52.08695652173913,62.26086956521739,47.869565217391305,51.65217391304348,48.04347826086956,18.39130434782609,18.130434782608692,17.608695652173914,18.73913043478261,18.30434782608696
Russia,2018,23,28.0,185.30434782608697,78.30434782608695,58.60869565217392,54.21739130434783,59.73913043478261,67.3913043478261,50.04347826086956,61.08695652173913,56.82608695652174,54.30434782608695,63.52173913043478,65.08695652173913,67.34782608695652,70.0,64.8695652173913,72.26086956521739,60.08695652173913,64.26086956521739,66.26086956521739,71.0,71.69565217391305,59.34782608695652,65.08695652173913,57.391304347826086,56.65217391304348,65.69565217391305,55.30434782608695,69.82608695652173,52.56521739130435,54.130434782608695,53.56521739130435,19.82608695652174,18.39130434782609,20.043478260869566,19.73913043478261,19.695652173913043
Saint Kitts and Nevis,2018,3,26.666666666666668,184.33333333333331,71.66666666666667,55.333333333333336,58.333333333333336,56.333333333333336,61.333333333333336,57.0,65.66666666666667,58.0,50.66666666666666,58.333333333333336,65.33333333333333,71.0,74.66666666666667,70.66666666666667,59.333333333333336,65.66666666666667,67.33333333333333,69.0,63.66666666666666,62.0,58.333333333333336,49.66666666666666,41.0,60.0,59.66666666666666,58.0,65.33333333333333,36.66666666666666,46.333333333333336,41.66666666666666,10.333333333333334,11.0,11.0,13.0,7.333333333333333
Saint Lucia,2018,1,23.0,183.0,75.0,55.0,23.0,62.0,55.0,37.0,48.0,24.0,24.0,42.0,52.0,79.0,80.0,62.0,49.0,61.0,50.0,72.0,68.0,75.0,35.0,70.0,61.0,42.0,43.0,46.0,59.0,59.0,63.0,62.0,13.0,12.0,6.0,16.0,14.0
San Marino,2018,1,22.0,189.0,90.0,13.0,6.0,14.0,28.0,8.0,10.0,14.0,13.0,18.0,19.0,31.0,26.0,22.0,49.0,35.0,25.0,51.0,26.0,60.0,6.0,16.0,6.0,7.0,24.0,17.0,37.0,9.0,14.0,12.0,55.0,54.0,53.0,50.0,54.0
Saudi Arabia,2018,23,28.130434782608692,174.69565217391303,68.52173913043478,52.30434782608695,49.04347826086956,53.65217391304348,62.391304347826086,45.65217391304348,56.56521739130435,50.65217391304348,46.869565217391305,56.95652173913044,61.04347826086956,70.69565217391305,68.52173913043478,69.17391304347827,67.26086956521739,65.26086956521739,57.17391304347826,68.52173913043478,71.17391304347827,69.47826086956522,50.52173913043478,60.43478260869565,51.130434782608695,53.69565217391305,57.08695652173913,51.391304347826086,59.65217391304348,50.91304347826087,52.73913043478261,52.08695652173913,18.65217391304348,18.43478260869565,17.217391304347824,18.695652173913043,17.73913043478261
Scotland,2018,23,28.82608695652174,180.34782608695653,75.43478260869566,58.17391304347826,54.04347826086956,54.869565217391305,64.73913043478261,50.34782608695652,60.52173913043478,56.17391304347826,47.69565217391305,59.82608695652174,64.21739130434783,66.04347826086956,65.73913043478261,69.52173913043478,70.52173913043478,67.73913043478261,63.69565217391305,69.91304347826087,69.17391304347827,69.6086956521739,55.95652173913044,65.3913043478261,52.04347826086956,58.56521739130435,65.30434782608695,55.08695652173913,69.6086956521739,46.30434782608695,49.78260869565217,46.391304347826086,18.0,17.347826086956523,18.130434782608692,19.565217391304348,19.17391304347826
Senegal,2018,23,27.608695652173918,185.7826086956522,80.21739130434783,56.869565217391305,57.21739130434783,73.69565217391305,69.3913043478261,52.43478260869565,66.69565217391305,52.34782608695652,52.43478260869565,61.391304347826086,71.3913043478261,69.26086956521739,72.82608695652173,63.82608695652174,73.43478260869566,58.47826086956522,74.47826086956522,75.47826086956522,75.69565217391305,81.56521739130434,61.65217391304348,75.26086956521739,62.91304347826087,61.91304347826087,60.65217391304348,57.65217391304348,71.3913043478261,58.52173913043478,62.95652173913044,59.65217391304348,10.217391304347826,8.782608695652174,10.782608695652174,10.73913043478261,10.695652173913045
Serbia,2018,23,27.043478260869566,184.34782608695653,78.6086956521739,65.95652173913044,51.73913043478261,68.17391304347827,72.17391304347827,53.21739130434783,67.21739130434783,62.21739130434783,58.391304347826086,69.95652173913044,72.26086956521739,66.08695652173913,69.26086956521739,65.47826086956522,75.69565217391305,63.60869565217392,71.43478260869566,71.26086956521739,73.69565217391305,74.1304347826087,63.04347826086956,71.3913043478261,66.91304347826087,60.869565217391305,64.3913043478261,55.60869565217392,73.95652173913044,62.91304347826087,66.56521739130434,63.78260869565217,10.26086956521739,11.173913043478262,10.521739130434783,10.652173913043478,10.391304347826088
Sierra Leone,2018,9,24.444444444444443,180.88888888888889,74.88888888888889,48.66666666666666,55.22222222222222,59.55555555555556,58.0,54.11111111111112,64.0,49.11111111111112,40.44444444444444,45.11111111111112,64.55555555555556,78.55555555555556,81.0,74.55555555555556,58.77777777777778,71.66666666666667,64.88888888888889,75.88888888888889,69.0,72.44444444444444,52.55555555555556,67.77777777777777,32.666666666666664,57.888888888888886,54.44444444444444,53.77777777777778,57.22222222222222,31.88888888888889,33.0,31.11111111111111,10.77777777777778,8.666666666666666,11.555555555555555,9.88888888888889,11.555555555555555
Slovakia,2018,23,27.17391304347826,183.82608695652172,76.3913043478261,51.73913043478261,46.43478260869565,52.73913043478261,63.17391304347826,48.56521739130435,56.78260869565217,51.391304347826086,46.30434782608695,57.60869565217392,62.0,63.30434782608695,62.95652173913044,64.3913043478261,67.08695652173913,62.26086956521739,57.391304347826086,68.65217391304348,65.69565217391305,64.65217391304348,50.869565217391305,56.95652173913044,49.30434782608695,49.130434782608695,55.95652173913044,49.78260869565217,62.91304347826087,46.26086956521739,49.82608695652174,48.95652173913044,21.65217391304348,19.956521739130437,19.52173913043478,20.565217391304348,21.0
Slovenia,2018,23,27.217391304347824,184.34782608695653,79.08695652173913,52.82608695652174,45.52173913043478,54.47826086956522,62.91304347826087,47.26086956521739,58.73913043478261,50.91304347826087,48.08695652173913,58.60869565217392,62.869565217391305,65.65217391304348,65.43478260869566,65.26086956521739,67.04347826086956,59.52173913043478,58.91304347826087,66.26086956521739,65.43478260869566,71.1304347826087,52.69565217391305,58.95652173913044,52.34782608695652,51.56521739130435,56.26086956521739,53.08695652173913,65.69565217391305,49.78260869565217,52.56521739130435,50.26086956521739,19.26086956521739,19.869565217391305,17.08695652173913,18.695652173913043,18.217391304347824
Somalia,2018,1,28.0,182.0,72.0,59.0,59.0,51.0,63.0,60.0,71.0,62.0,50.0,55.0,69.0,78.0,74.0,77.0,65.0,58.0,74.0,55.0,74.0,59.0,77.0,63.0,43.0,64.0,65.0,57.0,62.0,28.0,52.0,44.0,8.0,10.0,9.0,10.0,12.0
South Africa,2018,23,26.73913043478261,177.8695652173913,72.0,50.69565217391305,46.21739130434783,49.56521739130435,62.47826086956522,45.17391304347826,59.95652173913044,48.43478260869565,49.130434782608695,58.30434782608695,62.34782608695652,70.26086956521739,69.65217391304348,63.52173913043478,66.8695652173913,68.82608695652173,54.69565217391305,67.30434782608695,67.69565217391305,62.0,50.30434782608695,57.95652173913044,50.78260869565217,51.91304347826087,59.26086956521739,51.60869565217392,62.91304347826087,52.78260869565217,54.95652173913044,49.30434782608695,18.608695652173918,18.565217391304348,19.956521739130437,18.956521739130437,19.39130434782609
South Korea,2018,23,26.26086956521739,182.2608695652174,74.78260869565217,56.0,49.69565217391305,55.95652173913044,64.91304347826087,47.34782608695652,58.65217391304348,55.08695652173913,50.91304347826087,59.34782608695652,63.30434782608695,65.73913043478261,65.6086956521739,67.65217391304348,71.30434782608695,66.6086956521739,59.130434782608695,66.47826086956522,71.43478260869566,66.82608695652173,56.47826086956522,58.21739130434783,53.43478260869565,60.04347826086956,65.95652173913044,52.73913043478261,63.91304347826087,48.130434782608695,49.47826086956522,45.391304347826086,19.0,18.39130434782609,18.695652173913043,18.695652173913043,19.0
Spain,2018,23,27.47826086956522,179.82608695652175,74.78260869565217,66.21739130434783,62.869565217391305,59.78260869565217,75.95652173913044,59.04347826086956,70.65217391304348,68.56521739130434,59.130434782608695,69.26086956521739,77.3913043478261,71.69565217391305,71.21739130434783,73.91304347826087,82.82608695652173,70.08695652173913,67.08695652173913,69.56521739130434,72.04347826086956,66.65217391304348,63.21739130434783,61.08695652173913,55.60869565217392,67.56521739130434,75.08695652173913,62.30434782608695,76.47826086956522,44.95652173913044,52.56521739130435,49.21739130434783,19.0,20.30434782608696,18.782608695652176,18.91304347826087,19.17391304347826
Sri Lanka,2018,1,22.0,178.0,68.0,55.0,54.0,38.0,47.0,49.0,71.0,66.0,41.0,45.0,59.0,83.0,82.0,78.0,50.0,80.0,57.0,75.0,64.0,49.0,47.0,49.0,22.0,51.0,48.0,49.0,51.0,29.0,28.0,31.0,11.0,14.0,12.0,16.0,7.0
Sudan,2018,2,22.5,174.5,67.0,51.0,58.5,48.5,54.5,49.5,63.5,50.0,49.0,43.0,59.5,70.0,71.0,67.0,50.5,68.0,60.5,59.0,70.0,51.5,50.0,39.5,22.5,58.5,52.0,50.5,57.0,26.0,20.5,26.0,11.0,9.0,7.5,11.0,7.5
Suriname,2018,3,27.666666666666668,180.0,71.0,61.0,57.333333333333336,63.66666666666666,66.66666666666667,55.333333333333336,66.33333333333333,60.66666666666666,53.66666666666666,68.0,67.66666666666667,68.33333333333333,72.33333333333333,68.33333333333333,67.0,69.0,66.0,76.66666666666667,74.0,70.0,53.0,63.333333333333336,52.333333333333336,64.0,63.333333333333336,60.333333333333336,63.333333333333336,59.0,59.66666666666666,57.66666666666666,12.666666666666666,11.0,8.666666666666666,9.333333333333334,12.333333333333334
Sweden,2018,23,26.608695652173918,185.7391304347826,79.08695652173913,54.91304347826087,52.60869565217392,55.56521739130435,66.43478260869566,52.869565217391305,61.95652173913044,58.65217391304348,54.21739130434783,61.0,65.21739130434783,62.91304347826087,64.82608695652173,64.91304347826087,73.1304347826087,57.130434782608695,66.1304347826087,64.65217391304348,71.82608695652173,73.47826086956522,58.47826086956522,66.08695652173913,53.130434782608695,55.60869565217392,62.869565217391305,54.52173913043478,68.21739130434783,47.60869565217392,52.43478260869565,47.95652173913044,17.956521739130434,17.434782608695652,19.0,18.65217391304348,19.043478260869566
Switzerland,2018,23,26.869565217391305,184.08695652173915,79.6086956521739,59.130434782608695,52.17391304347826,59.47826086956522,67.8695652173913,54.73913043478261,60.52173913043478,55.91304347826087,53.60869565217392,64.65217391304348,66.21739130434783,64.21739130434783,66.26086956521739,64.8695652173913,74.47826086956522,60.69565217391305,66.6086956521739,67.43478260869566,71.8695652173913,75.21739130434783,57.52173913043478,65.8695652173913,60.30434782608695,59.30434782608695,62.69565217391305,55.391304347826086,70.34782608695652,55.34782608695652,59.869565217391305,57.47826086956522,20.91304347826087,19.52173913043478,18.608695652173918,19.30434782608696,20.956521739130437
Syria,2018,5,26.0,178.6,74.6,61.0,67.2,53.4,68.4,62.8,69.6,65.8,63.2,60.4,72.0,72.4,68.8,73.6,65.2,70.0,73.0,60.8,63.4,69.6,68.8,60.4,38.2,64.8,67.8,65.8,64.0,35.0,31.8,32.0,10.8,8.0,11.4,9.2,9.8
São Tomé and Príncipe,2018,1,30.0,176.0,70.0,45.0,68.0,65.0,55.0,51.0,54.0,49.0,36.0,34.0,64.0,70.0,74.0,62.0,59.0,75.0,54.0,67.0,63.0,58.0,61.0,42.0,23.0,66.0,54.0,68.0,55.0,24.0,26.0,23.0,11.0,11.0,10.0,13.0,10.0
Tanzania,2018,2,22.5,175.5,71.5,60.5,65.0,58.5,59.5,63.0,70.0,55.0,52.0,47.0,62.0,81.5,82.5,77.0,59.5,75.0,71.0,70.0,62.5,69.5,55.5,49.0,21.5,65.0,54.5,63.5,64.0,23.0,25.0,23.5,11.0,12.5,8.0,8.5,10.5
Thailand,2018,1,23.0,158.0,56.0,63.0,45.0,55.0,66.0,52.0,64.0,47.0,59.0,57.0,61.0,88.0,73.0,81.0,59.0,77.0,59.0,42.0,63.0,41.0,65.0,36.0,32.0,67.0,69.0,66.0,62.0,21.0,19.0,18.0,12.0,11.0,13.0,10.0,6.0
Togo,2018,9,28.55555555555556,179.33333333333334,73.44444444444444,64.22222222222223,58.44444444444444,63.11111111111112,66.55555555555556,57.55555555555556,69.55555555555556,58.66666666666666,56.77777777777778,58.55555555555556,70.33333333333333,77.88888888888889,75.66666666666667,74.33333333333333,68.33333333333333,70.55555555555556,69.11111111111111,67.44444444444444,63.55555555555556,67.0,59.888888888888886,59.0,41.77777777777778,67.44444444444444,64.77777777777777,62.22222222222222,65.0,37.11111111111112,40.11111111111112,37.77777777777778,13.11111111111111,10.88888888888889,10.666666666666666,11.77777777777778,10.666666666666666
Trinidad and Tobago,2018,9,25.11111111111111,181.55555555555557,74.77777777777777,59.22222222222222,54.0,52.888888888888886,64.33333333333333,53.11111111111112,68.0,57.66666666666666,48.0,55.66666666666666,66.22222222222223,73.0,72.88888888888889,67.88888888888889,64.88888888888889,70.44444444444444,62.22222222222222,70.33333333333333,68.77777777777777,69.88888888888889,54.22222222222222,65.44444444444444,52.11111111111112,60.22222222222222,61.55555555555556,54.44444444444444,66.33333333333333,48.77777777777778,55.55555555555556,51.11111111111112,11.0,10.666666666666666,11.555555555555555,9.666666666666666,10.444444444444445
Tunisia,2018,23,28.043478260869566,181.34782608695653,76.08695652173913,58.04347826086956,55.56521739130435,60.78260869565217,66.34782608695652,52.0,64.95652173913044,55.73913043478261,51.95652173913044,59.30434782608695,66.47826086956522,66.8695652173913,66.69565217391305,68.26086956521739,64.73913043478261,64.73913043478261,66.0,66.1304347826087,66.82608695652173,68.82608695652173,58.04347826086956,64.08695652173913,48.52173913043478,58.30434782608695,59.08695652173913,56.60869565217392,65.34782608695652,45.17391304347826,49.34782608695652,45.78260869565217,10.652173913043478,10.521739130434783,10.782608695652174,11.521739130434783,12.0
Turkey,2018,23,26.26086956521739,181.0,75.65217391304348,60.869565217391305,54.30434782608695,56.869565217391305,67.6086956521739,55.82608695652174,66.26086956521739,61.34782608695652,54.30434782608695,63.130434782608695,67.78260869565217,71.26086956521739,71.21739130434783,72.26086956521739,73.43478260869566,69.69565217391305,67.17391304347827,69.78260869565217,68.8695652173913,65.8695652173913,59.60869565217392,62.391304347826086,54.82608695652174,58.34782608695652,64.73913043478261,57.391304347826086,68.3913043478261,48.43478260869565,54.60869565217392,50.43478260869565,19.26086956521739,18.91304347826087,18.043478260869566,19.65217391304348,19.47826086956522
Turkmenistan,2018,1,30.0,176.0,73.0,55.0,60.0,39.0,63.0,42.0,70.0,53.0,32.0,59.0,67.0,77.0,76.0,74.0,53.0,81.0,67.0,54.0,31.0,57.0,66.0,51.0,42.0,58.0,51.0,47.0,63.0,33.0,31.0,37.0,15.0,9.0,9.0,13.0,6.0
Uganda,2018,4,24.75,179.5,74.0,52.0,46.0,50.0,59.0,44.75,59.25,45.25,41.25,51.5,60.25,70.5,72.75,66.25,56.5,66.75,62.25,64.75,70.25,67.0,46.75,68.25,55.25,47.25,48.0,49.5,57.25,51.25,56.75,56.0,11.75,10.5,9.5,8.5,11.5
Ukraine,2018,23,27.26086956521739,184.69565217391303,78.26086956521739,54.21739130434783,48.69565217391305,56.26086956521739,65.30434782608695,48.130434782608695,55.73913043478261,54.130434782608695,50.47826086956522,62.34782608695652,61.52173913043478,64.6086956521739,66.30434782608695,61.04347826086956,72.3913043478261,58.56521739130435,62.17391304347826,66.82608695652173,67.78260869565217,73.08695652173913,55.869565217391305,63.04347826086956,57.95652173913044,51.34782608695652,63.391304347826086,46.91304347826087,64.6086956521739,54.130434782608695,55.56521739130435,54.43478260869565,22.26086956521739,21.782608695652176,20.347826086956523,22.695652173913043,22.956521739130437
United States,2018,23,27.47826086956522,182.0,76.6086956521739,54.391304347826086,52.73913043478261,58.82608695652174,66.30434782608695,54.26086956521739,62.47826086956522,56.04347826086956,49.95652173913044,61.17391304347826,64.69565217391305,71.52173913043478,72.34782608695652,68.47826086956522,71.65217391304348,66.65217391304348,64.34782608695652,71.3913043478261,73.04347826086956,69.04347826086956,53.30434782608695,64.65217391304348,51.82608695652174,57.21739130434783,63.56521739130435,56.17391304347826,67.69565217391305,49.60869565217392,52.82608695652174,50.60869565217392,19.26086956521739,18.130434782608692,17.695652173913043,19.565217391304348,19.608695652173918
Uruguay,2018,23,27.91304347826087,181.17391304347825,76.73913043478261,58.52173913043478,52.130434782608695,61.26086956521739,67.56521739130434,52.47826086956522,62.95652173913044,55.869565217391305,54.30434782608695,61.78260869565217,67.17391304347827,68.95652173913044,70.30434782608695,67.08695652173913,75.47826086956522,62.130434782608695,66.43478260869566,72.65217391304348,70.26086956521739,70.56521739130434,56.391304347826086,68.6086956521739,57.91304347826087,57.69565217391305,62.08695652173913,55.17391304347826,71.17391304347827,52.21739130434783,56.56521739130435,54.65217391304348,19.347826086956523,18.347826086956523,18.565217391304348,20.0,21.0
Uzbekistan,2018,5,27.6,181.8,74.2,61.2,53.8,55.6,64.4,50.6,65.0,63.2,61.2,58.8,64.2,74.4,72.6,69.8,66.4,69.8,68.6,64.2,70.4,64.2,54.4,64.6,58.8,56.4,60.4,47.4,59.4,55.4,58.2,56.4,11.0,10.4,9.6,9.4,10.0
Venezuela,2018,23,24.17391304347826,178.7826086956522,75.65217391304348,50.26086956521739,46.26086956521739,53.17391304347826,59.34782608695652,45.130434782608695,58.08695652173913,48.73913043478261,43.08695652173913,51.95652173913044,60.04347826086956,65.3913043478261,68.04347826086956,63.91304347826087,65.04347826086956,66.73913043478261,58.04347826086956,69.43478260869566,64.34782608695652,64.08695652173913,48.52173913043478,59.60869565217392,47.43478260869565,50.08695652173913,55.82608695652174,49.60869565217392,58.34782608695652,44.82608695652174,46.65217391304348,43.82608695652174,17.347826086956523,16.956521739130434,17.391304347826086,18.217391304347824,19.0
Vietnam,2018,1,22.0,178.0,71.0,40.0,48.0,43.0,67.0,35.0,57.0,38.0,36.0,66.0,58.0,66.0,67.0,66.0,54.0,52.0,55.0,72.0,72.0,58.0,54.0,54.0,57.0,45.0,67.0,44.0,55.0,42.0,46.0,42.0,9.0,7.0,7.0,10.0,9.0
Wales,2018,23,27.347826086956523,181.8695652173913,76.65217391304348,57.26086956521739,52.65217391304348,58.52173913043478,64.1304347826087,47.08695652173913,60.60869565217392,53.391304347826086,45.78260869565217,60.95652173913044,63.43478260869565,65.95652173913044,64.91304347826087,65.65217391304348,70.43478260869566,66.08695652173913,60.21739130434783,70.26086956521739,70.04347826086956,69.6086956521739,53.73913043478261,61.73913043478261,51.69565217391305,57.30434782608695,62.91304347826087,53.130434782608695,64.43478260869566,51.34782608695652,53.34782608695652,50.391304347826086,18.695652173913043,18.30434782608696,17.82608695652174,18.52173913043478,17.434782608695652
Zambia,2018,6,22.666666666666668,181.0,73.83333333333333,49.66666666666666,49.66666666666666,54.833333333333336,62.5,51.333333333333336,59.66666666666666,52.333333333333336,46.833333333333336,54.66666666666666,63.833333333333336,75.16666666666667,76.0,73.33333333333333,58.833333333333336,71.5,58.66666666666666,69.5,67.16666666666667,63.16666666666666,54.66666666666666,55.0,39.333333333333336,55.5,57.0,52.0,56.333333333333336,43.833333333333336,48.333333333333336,45.16666666666666,11.333333333333334,12.166666666666666,9.666666666666666,11.833333333333334,10.5
Zimbabwe,2018,11,25.545454545454547,179.36363636363637,74.0909090909091,51.63636363636363,50.63636363636363,56.90909090909091,60.81818181818182,50.27272727272727,62.81818181818182,50.18181818181818,45.36363636363637,54.27272727272727,63.18181818181818,73.18181818181819,74.0909090909091,68.36363636363636,59.18181818181818,69.54545454545455,62.09090909090909,66.9090909090909,70.63636363636364,65.81818181818181,50.45454545454545,62.18181818181818,43.18181818181818,54.81818181818182,57.45454545454545,53.27272727272727,60.09090909090909,46.0,49.72727272727273,47.09090909090909,11.727272727272728,9.454545454545457,10.545454545454543,11.363636363636363,9.636363636363637
Afghanistan,2019,3,22.33333333333333,175.0,67.66666666666667,54.0,49.66666666666666,42.0,58.66666666666666,42.66666666666666,57.333333333333336,53.66666666666666,41.66666666666666,50.333333333333336,59.333333333333336,73.0,70.0,79.0,55.66666666666666,78.0,50.333333333333336,59.66666666666666,72.66666666666667,53.0,47.333333333333336,46.333333333333336,48.66666666666666,48.66666666666666,51.0,47.0,59.0,51.66666666666666,52.66666666666666,52.0,12.666666666666666,11.666666666666666,8.666666666666666,8.666666666666666,8.666666666666666
Albania,2019,23,25.565217391304348,181.69565217391303,75.1304347826087,55.26086956521739,49.43478260869565,53.82608695652174,64.73913043478261,47.391304347826086,59.69565217391305,52.0,50.391304347826086,58.26086956521739,64.0,64.65217391304348,65.82608695652173,64.69565217391305,65.30434782608695,65.1304347826087,62.30434782608695,62.60869565217392,68.3913043478261,65.8695652173913,54.52173913043478,64.82608695652173,54.34782608695652,57.391304347826086,59.65217391304348,54.130434782608695,65.47826086956522,54.34782608695652,53.56521739130435,50.34782608695652,16.47826086956522,16.08695652173913,16.26086956521739,16.47826086956522,17.73913043478261
Algeria,2019,23,27.43478260869565,180.7826086956522,74.82608695652173,68.82608695652173,63.73913043478261,61.391304347826086,75.26086956521739,60.69565217391305,75.1304347826087,68.73913043478261,61.91304347826087,69.52173913043478,75.30434782608695,70.3913043478261,70.8695652173913,73.0,71.8695652173913,69.69565217391305,71.52173913043478,67.8695652173913,72.6086956521739,67.65217391304348,66.6086956521739,68.08695652173913,54.26086956521739,68.21739130434783,70.73913043478261,64.04347826086956,73.1304347826087,53.47826086956522,54.43478260869565,48.04347826086956,10.956521739130435,10.73913043478261,10.91304347826087,10.478260869565217,11.08695652173913
Andorra,2019,1,28.0,184.0,79.0,53.0,28.0,70.0,49.0,41.0,50.0,37.0,29.0,58.0,54.0,57.0,71.0,47.0,56.0,53.0,58.0,73.0,64.0,75.0,32.0,69.0,55.0,37.0,48.0,34.0,50.0,54.0,56.0,67.0,9.0,7.0,12.0,8.0,6.0
Angola,2019,15,25.6,178.53333333333333,75.46666666666667,55.6,53.4,57.13333333333333,61.0,51.8,65.6,52.86666666666667,46.4,52.8,65.93333333333334,78.6,78.66666666666667,74.2,63.333333333333336,69.6,66.13333333333334,71.53333333333333,64.4,69.13333333333334,54.06666666666667,58.8,45.13333333333333,59.13333333333333,51.73333333333333,54.86666666666667,62.8,48.93333333333333,42.73333333333333,40.4,11.266666666666667,9.4,9.666666666666666,10.2,10.4
Antigua and Barbuda,2019,4,22.75,177.75,74.75,59.0,49.0,48.0,54.75,34.0,62.0,41.75,37.0,48.0,59.25,83.75,83.0,70.0,53.0,71.5,52.0,72.25,73.5,70.0,47.75,53.75,43.75,52.5,56.75,42.75,54.5,40.75,47.75,45.5,9.75,11.5,10.75,11.25,10.5
Argentina,2019,23,28.30434782608696,179.1304347826087,76.65217391304348,64.65217391304348,60.95652173913044,60.130434782608695,72.78260869565217,57.47826086956522,68.91304347826087,65.8695652173913,59.52173913043478,68.6086956521739,73.82608695652173,73.0,71.8695652173913,74.43478260869566,78.6086956521739,72.04347826086956,69.82608695652173,70.21739130434783,73.26086956521739,72.08695652173913,63.17391304347826,67.47826086956522,53.82608695652174,65.08695652173913,71.3913043478261,55.78260869565217,77.26086956521739,56.04347826086956,53.73913043478261,51.21739130434783,18.347826086956523,18.17391304347826,18.30434782608696,20.17391304347826,19.91304347826087
Armenia,2019,8,27.0,179.625,75.25,59.125,64.5,54.5,63.625,59.875,69.625,57.125,52.0,55.25,69.625,72.625,69.625,72.5,64.875,71.375,67.125,65.0,65.125,63.5,62.5,51.125,37.5,66.5,62.125,64.5,64.25,38.0,33.125,33.125,10.25,12.5,11.0,9.875,9.25
Australia,2019,23,27.043478260869566,181.56521739130437,78.21739130434783,55.91304347826087,52.69565217391305,54.130434782608695,62.47826086956522,45.95652173913044,58.73913043478261,53.60869565217392,43.95652173913044,57.0,61.82608695652174,69.82608695652173,68.91304347826087,65.34782608695652,67.69565217391305,66.30434782608695,61.130434782608695,70.56521739130434,70.3913043478261,72.95652173913044,54.65217391304348,64.21739130434783,53.04347826086956,53.34782608695652,60.08695652173913,55.34782608695652,64.91304347826087,52.56521739130435,53.47826086956522,50.91304347826087,19.26086956521739,18.43478260869565,19.43478260869565,20.17391304347826,20.52173913043478
Austria,2019,23,25.73913043478261,183.43478260869568,78.47826086956522,58.65217391304348,52.21739130434783,56.78260869565217,66.95652173913044,50.17391304347826,62.47826086956522,55.69565217391305,51.34782608695652,61.26086956521739,66.69565217391305,66.34782608695652,68.3913043478261,66.26086956521739,73.26086956521739,63.60869565217392,65.1304347826087,65.78260869565217,71.34782608695652,71.43478260869566,57.73913043478261,64.65217391304348,55.65217391304348,59.60869565217392,63.869565217391305,52.0,67.08695652173913,56.21739130434783,57.60869565217392,54.34782608695652,18.73913043478261,17.652173913043477,18.043478260869566,19.08695652173913,17.956521739130434
Azerbaijan,2019,5,26.0,185.4,77.8,52.2,54.4,51.0,57.6,51.0,62.2,51.0,48.0,50.6,60.8,67.8,70.6,68.2,58.4,62.6,69.6,64.4,67.2,71.2,55.0,58.0,38.4,55.2,55.6,61.6,54.4,44.6,41.6,40.0,9.6,11.4,10.0,8.0,10.8
Bahrain,2019,1,20.0,176.0,70.0,40.0,33.0,45.0,59.0,39.0,55.0,36.0,30.0,56.0,57.0,62.0,63.0,71.0,52.0,72.0,55.0,77.0,59.0,54.0,37.0,51.0,38.0,51.0,47.0,41.0,39.0,48.0,55.0,49.0,14.0,7.0,10.0,9.0,7.0
Barbados,2019,1,31.0,183.0,77.0,58.0,63.0,55.0,56.0,54.0,64.0,35.0,36.0,50.0,61.0,81.0,79.0,78.0,65.0,62.0,67.0,54.0,82.0,72.0,50.0,62.0,26.0,59.0,60.0,64.0,60.0,25.0,27.0,22.0,16.0,6.0,8.0,14.0,9.0
Belarus,2019,4,29.0,184.25,77.75,52.75,54.25,41.75,55.75,49.5,55.0,52.75,45.75,49.75,58.5,54.5,53.5,55.75,63.5,57.5,61.25,60.25,56.0,69.5,57.75,34.25,31.25,53.0,57.5,53.5,68.0,25.25,32.75,30.75,23.25,26.25,25.5,22.75,23.75
Belgium,2019,23,27.217391304347824,185.82608695652172,81.0,64.17391304347827,60.47826086956522,60.43478260869565,73.43478260869566,60.391304347826086,68.04347826086956,63.69565217391305,58.21739130434783,67.95652173913044,72.17391304347827,67.73913043478261,69.78260869565217,68.0,80.17391304347827,62.130434782608695,73.43478260869566,70.34782608695652,71.04347826086956,76.1304347826087,64.34782608695652,65.56521739130434,53.73913043478261,64.82608695652173,68.56521739130434,61.95652173913044,75.82608695652173,53.95652173913044,55.08695652173913,51.08695652173913,19.608695652173918,19.217391304347824,18.130434782608692,20.0,19.82608695652174
Belize,2019,1,25.0,180.0,82.0,51.0,61.0,69.0,59.0,59.0,62.0,44.0,23.0,49.0,60.0,73.0,74.0,66.0,57.0,67.0,66.0,73.0,60.0,77.0,55.0,69.0,30.0,65.0,58.0,50.0,52.0,53.0,42.0,27.0,6.0,5.0,6.0,10.0,8.0
Benin,2019,13,25.923076923076923,185.53846153846155,79.76923076923077,45.61538461538461,43.46153846153846,57.84615384615385,56.30769230769231,39.46153846153846,46.84615384615385,41.53846153846154,38.38461538461539,50.15384615384615,55.15384615384615,57.38461538461539,61.23076923076923,58.84615384615385,60.69230769230769,54.15384615384615,48.23076923076923,69.76923076923077,64.61538461538461,73.3076923076923,42.84615384615385,64.53846153846153,47.61538461538461,44.30769230769231,48.30769230769231,46.46153846153846,58.92307692307692,47.46153846153846,48.76923076923077,45.30769230769231,18.23076923076923,19.384615384615383,18.76923076923077,21.07692307692308,18.846153846153847
Bermuda,2019,2,27.5,172.5,77.5,60.5,62.5,48.0,59.5,61.5,67.0,60.5,60.0,48.0,65.5,81.0,78.0,77.5,62.0,80.0,63.5,65.0,66.5,65.0,61.5,59.5,52.0,67.5,62.5,61.0,60.0,37.0,49.0,37.5,8.5,7.0,10.0,8.5,9.5
Bolivia,2019,23,28.26086956521739,178.82608695652175,75.43478260869566,45.17391304347826,40.73913043478261,53.95652173913044,54.95652173913044,37.04347826086956,50.130434782608695,37.69565217391305,36.0,48.21739130434783,53.43478260869565,60.21739130434783,60.17391304347826,58.869565217391305,61.04347826086956,64.43478260869566,48.65217391304348,61.69565217391305,64.3913043478261,59.91304347826087,41.30434782608695,51.78260869565217,48.95652173913044,43.17391304347826,47.04347826086956,48.34782608695652,55.60869565217392,50.34782608695652,48.65217391304348,46.82608695652174,17.695652173913043,17.82608695652174,18.217391304347824,18.65217391304348,18.0
Bosnia and Herzegovina,2019,23,28.52173913043478,184.0,77.91304347826087,59.95652173913044,56.52173913043478,58.65217391304348,69.21739130434783,56.73913043478261,65.56521739130434,61.91304347826087,58.130434782608695,63.95652173913044,69.69565217391305,62.65217391304348,64.30434782608695,66.0,71.95652173913044,62.34782608695652,69.8695652173913,62.95652173913044,67.56521739130434,72.04347826086956,62.69565217391305,63.43478260869565,55.26086956521739,60.869565217391305,64.43478260869566,59.869565217391305,68.82608695652173,55.95652173913044,55.34782608695652,51.65217391304348,17.347826086956523,16.347826086956523,16.347826086956523,16.391304347826086,16.391304347826086
Brazil,2019,23,29.47826086956522,180.4782608695652,76.30434782608695,58.52173913043478,56.52173913043478,59.0,68.34782608695652,56.47826086956522,65.8695652173913,61.56521739130435,59.0,62.130434782608695,68.3913043478261,74.91304347826087,74.08695652173913,71.08695652173913,79.26086956521739,67.47826086956522,61.82608695652174,65.91304347826087,71.6086956521739,69.43478260869566,59.91304347826087,62.56521739130435,52.91304347826087,59.65217391304348,68.95652173913044,61.82608695652174,73.82608695652173,50.26086956521739,50.60869565217392,50.26086956521739,26.347826086956523,25.65217391304348,25.08695652173913,26.47826086956522,23.52173913043478
Bulgaria,2019,23,28.08695652173913,181.7826086956522,74.52173913043478,50.0,46.30434782608695,52.30434782608695,57.65217391304348,40.08695652173913,53.869565217391305,46.78260869565217,44.65217391304348,52.34782608695652,56.26086956521739,63.65217391304348,65.1304347826087,61.30434782608695,63.26086956521739,64.91304347826087,53.26086956521739,65.08695652173913,63.95652173913044,62.60869565217392,47.130434782608695,54.69565217391305,46.69565217391305,49.30434782608695,50.60869565217392,44.43478260869565,60.60869565217392,49.30434782608695,50.95652173913044,48.130434782608695,18.217391304347824,18.43478260869565,18.0,17.956521739130434,18.217391304347824
Burkina Faso,2019,16,25.125,179.875,72.5625,55.625,51.875,56.4375,61.25,49.875,62.75,49.75,42.375,54.6875,63.25,73.875,74.5625,71.75,63.125,67.625,61.8125,70.3125,65.5625,66.625,51.4375,59.0,41.4375,55.3125,54.125,53.125,61.8125,45.6875,43.1875,40.25,14.1875,13.5625,13.5625,14.75,13.25
Burundi,2019,2,23.0,176.5,74.0,47.0,54.0,50.0,55.0,47.0,57.5,43.5,38.0,53.0,61.5,66.5,68.0,61.0,55.5,67.5,60.0,69.0,58.5,66.5,53.5,52.0,38.5,53.0,55.5,53.0,58.0,36.0,46.5,42.5,9.5,11.0,11.5,9.0,13.0
Cameroon,2019,23,25.695652173913043,182.2173913043478,78.1304347826087,51.30434782608695,45.73913043478261,57.17391304347826,61.04347826086956,47.78260869565217,57.56521739130435,48.04347826086956,43.30434782608695,56.21739130434783,61.0,72.52173913043478,72.69565217391305,68.6086956521739,65.65217391304348,67.95652173913044,60.82608695652174,73.73913043478261,68.82608695652173,71.6086956521739,45.60869565217392,58.95652173913044,47.34782608695652,53.391304347826086,53.91304347826087,49.95652173913044,60.73913043478261,48.130434782608695,47.73913043478261,45.73913043478261,18.130434782608692,16.956521739130434,15.26086956521739,17.26086956521739,16.52173913043478
Canada,2019,23,27.0,183.2173913043478,79.04347826086956,47.69565217391305,49.0,54.56521739130435,61.30434782608695,45.26086956521739,57.47826086956522,50.43478260869565,41.56521739130435,53.52173913043478,60.391304347826086,66.52173913043478,66.78260869565217,63.130434782608695,63.47826086956522,62.60869565217392,61.130434782608695,64.95652173913044,66.26086956521739,72.73913043478261,50.82608695652174,65.21739130434783,48.30434782608695,50.130434782608695,56.47826086956522,51.08695652173913,61.869565217391305,48.04347826086956,49.52173913043478,45.65217391304348,18.65217391304348,17.608695652173914,16.304347826086957,17.869565217391305,17.956521739130434
Cape Verde,2019,21,26.571428571428573,181.66666666666663,76.85714285714286,54.57142857142857,56.095238095238095,63.47619047619048,65.9047619047619,51.71428571428572,64.42857142857143,55.95238095238095,49.333333333333336,57.38095238095238,67.52380952380952,70.66666666666667,71.14285714285714,69.28571428571429,66.23809523809524,66.47619047619048,65.52380952380952,69.28571428571429,70.61904761904762,70.42857142857143,57.142857142857146,62.19047619047619,48.04761904761905,57.38095238095238,60.76190476190476,57.71428571428572,65.14285714285714,47.61904761904762,49.71428571428572,46.76190476190476,10.61904761904762,9.761904761904765,12.0,10.571428571428571,9.238095238095235
Central African Republic,2019,3,24.666666666666668,186.33333333333331,80.66666666666667,31.0,33.666666666666664,67.66666666666667,60.66666666666666,32.666666666666664,53.333333333333336,38.333333333333336,38.333333333333336,47.66666666666666,59.0,53.0,53.0,46.0,60.0,53.66666666666666,44.0,78.0,69.0,82.33333333333333,34.333333333333336,70.66666666666667,64.0,48.333333333333336,47.333333333333336,38.333333333333336,59.0,63.333333333333336,66.33333333333333,61.333333333333336,11.333333333333334,10.333333333333334,12.0,9.0,11.666666666666666
Chad,2019,2,22.5,184.0,79.5,50.5,69.5,65.5,59.5,70.0,66.0,56.0,43.5,45.5,62.5,82.0,81.5,69.5,67.0,57.0,75.0,75.5,71.5,74.5,65.0,57.5,20.0,68.5,58.0,67.0,60.0,18.0,20.5,22.5,9.5,12.5,7.0,13.0,11.0
Chile,2019,23,27.782608695652176,179.30434782608697,76.6086956521739,55.82608695652174,51.73913043478261,59.73913043478261,67.78260869565217,51.30434782608695,62.73913043478261,53.0,50.60869565217392,63.78260869565217,66.95652173913044,71.04347826086956,68.08695652173913,69.78260869565217,72.30434782608695,66.73913043478261,63.21739130434783,74.47826086956522,70.30434782608695,73.91304347826087,55.82608695652174,67.30434782608695,56.130434782608695,58.69565217391305,63.65217391304348,56.04347826086956,70.47826086956522,53.56521739130435,57.17391304347826,54.91304347826087,19.347826086956523,18.782608695652176,18.73913043478261,18.73913043478261,19.30434782608696
China,2019,23,29.0,182.6086956521739,74.3913043478261,54.30434782608695,47.391304347826086,52.82608695652174,59.91304347826087,43.04347826086956,55.73913043478261,50.95652173913044,47.78260869565217,54.65217391304348,58.95652173913044,66.65217391304348,64.34782608695652,62.78260869565217,68.82608695652173,66.43478260869566,58.21739130434783,62.30434782608695,67.47826086956522,67.47826086956522,49.60869565217392,62.26086956521739,52.26086956521739,54.21739130434783,62.391304347826086,49.130434782608695,63.65217391304348,47.65217391304348,49.91304347826087,48.78260869565217,18.73913043478261,18.608695652173918,18.608695652173918,18.30434782608696,20.0
Colombia,2019,23,28.0,180.7391304347826,76.73913043478261,56.65217391304348,52.17391304347826,62.0,67.52173913043478,46.130434782608695,63.869565217391305,52.34782608695652,49.08695652173913,60.17391304347826,67.56521739130434,68.34782608695652,70.17391304347827,69.73913043478261,73.8695652173913,64.56521739130434,66.69565217391305,75.17391304347827,69.26086956521739,71.08695652173913,54.56521739130435,65.43478260869566,58.08695652173913,57.73913043478261,61.82608695652174,55.82608695652174,71.17391304347827,59.60869565217392,56.56521739130435,54.0,20.217391304347824,18.52173913043478,19.0,16.782608695652176,20.0
Comoros,2019,7,26.142857142857142,174.14285714285714,67.71428571428571,59.57142857142857,47.57142857142857,48.0,65.85714285714286,41.71428571428572,64.85714285714286,54.57142857142857,50.85714285714285,60.285714285714285,65.28571428571429,73.85714285714286,73.0,76.42857142857143,65.71428571428571,79.71428571428571,58.0,64.85714285714286,73.71428571428571,57.57142857142857,51.57142857142857,59.57142857142857,59.285714285714285,56.142857142857146,58.42857142857143,47.142857142857146,62.57142857142857,57.285714285714285,58.85714285714285,55.42857142857143,10.285714285714286,12.0,10.285714285714286,11.714285714285714,10.714285714285714
Congo,2019,22,24.272727272727277,184.63636363636363,78.4090909090909,43.0,44.72727272727273,56.22727272727273,57.72727272727273,41.40909090909091,51.18181818181818,39.54545454545455,37.81818181818182,49.77272727272727,56.59090909090909,64.63636363636364,65.31818181818181,58.36363636363637,59.90909090909091,59.72727272727273,53.68181818181818,66.72727272727273,62.40909090909091,70.72727272727273,43.27272727272727,56.40909090909091,44.59090909090909,50.63636363636363,46.59090909090909,48.13636363636363,55.81818181818182,44.5,44.86363636363637,43.09090909090909,16.363636363636363,14.681818181818182,15.454545454545457,14.363636363636363,15.545454545454543
Costa Rica,2019,23,27.39130434782609,181.65217391304347,75.52173913043478,51.17391304347826,47.69565217391305,55.43478260869565,61.69565217391305,45.56521739130435,58.95652173913044,50.82608695652174,44.78260869565217,58.17391304347826,61.73913043478261,69.95652173913044,69.82608695652173,66.21739130434783,67.47826086956522,65.0,60.91304347826087,70.26086956521739,67.82608695652173,68.73913043478261,48.391304347826086,66.1304347826087,53.95652173913044,54.78260869565217,56.0,50.65217391304348,65.1304347826087,53.0,54.78260869565217,52.60869565217392,16.608695652173914,15.695652173913045,16.043478260869566,16.08695652173913,17.695652173913043
Croatia,2019,23,26.65217391304348,184.4782608695652,79.43478260869566,64.26086956521739,58.91304347826087,62.130434782608695,72.30434782608695,60.04347826086956,69.95652173913044,62.391304347826086,56.43478260869565,64.3913043478261,74.17391304347827,68.04347826086956,69.26086956521739,66.8695652173913,76.34782608695652,63.130434782608695,69.21739130434783,68.91304347826087,73.30434782608695,73.08695652173913,61.30434782608695,70.08695652173913,58.34782608695652,61.52173913043478,68.91304347826087,60.73913043478261,74.34782608695652,56.91304347826087,57.43478260869565,53.82608695652174,17.73913043478261,15.91304347826087,15.826086956521738,16.52173913043478,16.043478260869566
Cuba,2019,4,23.75,178.25,71.25,44.0,35.75,44.0,55.5,39.5,52.75,46.75,34.25,55.25,54.5,58.5,60.5,63.75,56.0,62.0,54.75,60.75,54.0,57.25,43.5,51.25,42.5,44.0,52.25,40.25,56.0,42.5,45.0,43.25,24.75,23.5,22.25,23.75,22.0
Curaçao,2019,12,25.83333333333333,181.75,76.0,51.41666666666666,48.91666666666666,52.583333333333336,55.0,47.91666666666666,56.41666666666666,51.75,46.75,53.25,57.833333333333336,67.75,70.08333333333333,64.91666666666667,63.083333333333336,62.5,59.583333333333336,67.25,65.25,69.08333333333333,51.41666666666666,57.833333333333336,40.833333333333336,50.0,56.5,53.0,59.25,39.66666666666666,42.083333333333336,39.16666666666666,21.83333333333333,20.916666666666668,19.75,19.75,22.0
Cyprus,2019,8,24.0,183.375,77.0,51.25,49.75,58.875,57.625,46.125,59.625,47.75,43.0,52.75,60.25,66.75,67.5,65.625,58.5,63.125,61.625,65.25,69.625,69.25,51.0,59.5,51.0,55.625,55.625,53.75,56.0,54.125,54.5,52.0,10.375,9.875,11.125,11.875,12.0
Czech Republic,2019,23,25.82608695652174,184.0,79.56521739130434,56.73913043478261,49.869565217391305,58.08695652173913,62.47826086956522,47.17391304347826,60.130434782608695,50.17391304347826,45.30434782608695,56.65217391304348,63.34782608695652,66.30434782608695,66.78260869565217,63.95652173913044,70.04347826086956,62.65217391304348,60.52173913043478,65.69565217391305,68.95652173913044,69.34782608695652,54.69565217391305,62.78260869565217,52.43478260869565,56.04347826086956,59.82608695652174,48.26086956521739,65.8695652173913,50.869565217391305,53.82608695652174,51.82608695652174,18.82608695652174,18.956521739130437,18.08695652173913,19.565217391304348,20.0
DR Congo,2019,23,25.608695652173918,180.7391304347826,75.34782608695652,61.95652173913044,61.43478260869565,62.56521739130435,67.69565217391305,56.60869565217392,71.26086956521739,60.78260869565217,49.34782608695652,60.43478260869565,72.0,76.95652173913044,78.1304347826087,72.3913043478261,69.73913043478261,69.0,70.21739130434783,72.43478260869566,70.21739130434783,71.65217391304348,61.91304347826087,61.73913043478261,45.21739130434783,63.60869565217392,63.73913043478261,56.78260869565217,69.34782608695652,41.69565217391305,45.91304347826087,40.69565217391305,10.08695652173913,10.695652173913045,9.608695652173912,10.869565217391305,10.26086956521739
Denmark,2019,23,26.347826086956523,186.3913043478261,81.95652173913044,56.52173913043478,53.47826086956522,61.73913043478261,67.78260869565217,51.869565217391305,61.0,54.65217391304348,52.56521739130435,62.56521739130435,66.73913043478261,65.69565217391305,68.26086956521739,63.30434782608695,73.34782608695652,61.43478260869565,67.04347826086956,68.73913043478261,71.08695652173913,73.8695652173913,55.52173913043478,63.43478260869565,53.869565217391305,58.26086956521739,65.26086956521739,53.21739130434783,70.1304347826087,55.30434782608695,53.869565217391305,48.08695652173913,19.608695652173918,19.65217391304348,19.217391304347824,19.0,19.565217391304348
Dominican Republic,2019,3,22.33333333333333,178.0,72.0,67.33333333333333,64.66666666666667,69.0,67.33333333333333,56.333333333333336,65.66666666666667,61.0,56.66666666666666,60.0,71.33333333333333,74.33333333333333,75.33333333333333,65.66666666666667,70.33333333333333,71.0,71.0,67.66666666666667,72.33333333333333,67.66666666666667,68.66666666666667,65.0,54.66666666666666,68.33333333333333,57.333333333333336,52.66666666666666,58.333333333333336,52.333333333333336,54.66666666666666,55.0,9.666666666666666,9.333333333333334,8.333333333333334,11.666666666666666,12.333333333333334
Ecuador,2019,23,26.82608695652174,178.2608695652174,76.0,51.78260869565217,49.26086956521739,55.869565217391305,59.69565217391305,48.47826086956522,59.04347826086956,51.0,48.34782608695652,53.82608695652174,59.78260869565217,67.26086956521739,66.78260869565217,64.21739130434783,65.52173913043478,65.30434782608695,57.82608695652174,64.17391304347827,68.17391304347827,66.69565217391305,49.0,54.869565217391305,46.391304347826086,53.43478260869565,53.26086956521739,55.04347826086956,60.21739130434783,42.869565217391305,43.34782608695652,42.65217391304348,17.91304347826087,17.26086956521739,17.869565217391305,19.47826086956522,18.608695652173918
Egypt,2019,23,27.73913043478261,180.7391304347826,77.95652173913044,53.65217391304348,50.82608695652174,52.69565217391305,62.34782608695652,48.04347826086956,59.391304347826086,52.52173913043478,47.391304347826086,59.08695652173913,61.69565217391305,69.52173913043478,68.52173913043478,65.73913043478261,65.47826086956522,68.1304347826087,59.869565217391305,63.69565217391305,64.65217391304348,68.34782608695652,53.391304347826086,55.17391304347826,47.391304347826086,53.130434782608695,58.130434782608695,52.43478260869565,65.56521739130434,54.73913043478261,50.73913043478261,46.91304347826087,19.043478260869566,17.956521739130434,19.347826086956523,18.347826086956523,18.347826086956523
El Salvador,2019,5,26.2,176.2,73.0,51.8,53.0,47.6,61.4,49.4,59.8,50.4,46.6,53.8,62.6,66.2,69.2,61.8,64.4,74.2,63.4,56.2,62.8,58.4,54.6,54.0,46.6,54.6,55.0,56.2,59.2,48.6,54.2,53.6,11.2,11.4,10.2,10.2,7.4
England,2019,23,25.608695652173918,184.17391304347825,77.17391304347827,62.82608695652174,56.82608695652174,62.47826086956522,72.82608695652173,54.47826086956522,67.65217391304348,59.21739130434783,53.95652173913044,66.78260869565217,71.65217391304348,69.8695652173913,71.3913043478261,68.26086956521739,79.52173913043478,66.65217391304348,67.82608695652173,71.3913043478261,74.43478260869566,72.47826086956522,60.130434782608695,71.95652173913044,60.52173913043478,63.21739130434783,69.26086956521739,59.0,75.6086956521739,61.47826086956522,61.95652173913044,59.391304347826086,20.08695652173913,19.65217391304348,18.956521739130437,20.956521739130437,20.130434782608692
Equatorial Guinea,2019,6,25.5,178.16666666666666,72.66666666666667,55.16666666666666,49.16666666666666,50.833333333333336,58.333333333333336,43.333333333333336,57.333333333333336,48.333333333333336,40.833333333333336,50.333333333333336,60.0,72.66666666666667,74.16666666666667,72.0,60.66666666666666,68.16666666666667,58.0,71.33333333333333,65.33333333333333,59.5,50.333333333333336,49.333333333333336,39.333333333333336,55.333333333333336,49.16666666666666,51.66666666666666,53.833333333333336,37.66666666666666,36.5,34.833333333333336,18.83333333333333,17.666666666666668,18.33333333333333,19.0,19.33333333333333
Eritrea,2019,1,33.0,189.0,85.0,55.0,69.0,70.0,68.0,74.0,67.0,63.0,58.0,61.0,74.0,49.0,50.0,52.0,70.0,45.0,71.0,48.0,62.0,89.0,59.0,63.0,49.0,78.0,70.0,70.0,76.0,54.0,34.0,20.0,16.0,10.0,14.0,6.0,11.0
Estonia,2019,13,27.153846153846157,183.15384615384616,77.84615384615384,49.92307692307692,40.61538461538461,51.07692307692308,55.53846153846154,40.76923076923077,51.84615384615385,47.23076923076923,39.0,52.30769230769231,54.38461538461539,58.61538461538461,59.92307692307692,58.15384615384615,61.15384615384615,58.53846153846154,53.0,64.76923076923077,61.53846153846154,67.84615384615384,46.38461538461539,58.69230769230769,50.69230769230769,46.15384615384615,51.61538461538461,43.46153846153846,57.15384615384615,49.38461538461539,49.46153846153846,47.76923076923077,18.307692307692307,18.846153846153847,17.076923076923077,18.384615384615383,17.0
Ethiopia,2019,1,32.0,174.0,62.0,66.0,56.0,64.0,64.0,63.0,70.0,58.0,64.0,55.0,68.0,74.0,77.0,85.0,62.0,79.0,78.0,68.0,73.0,34.0,71.0,60.0,56.0,66.0,60.0,38.0,63.0,58.0,57.0,54.0,6.0,6.0,13.0,12.0,9.0
Faroe Islands,2019,6,24.166666666666668,185.5,81.5,52.833333333333336,47.16666666666666,54.333333333333336,57.0,41.0,55.333333333333336,46.16666666666666,39.0,49.833333333333336,57.333333333333336,71.33333333333333,70.66666666666667,66.33333333333333,59.333333333333336,63.333333333333336,56.16666666666666,64.33333333333333,70.5,69.5,47.833333333333336,54.5,49.0,52.0,51.0,46.333333333333336,53.16666666666666,49.5,49.16666666666666,48.333333333333336,11.5,9.166666666666666,10.833333333333334,10.166666666666666,10.0
Fiji,2019,1,30.0,170.0,70.0,63.0,65.0,64.0,63.0,64.0,74.0,67.0,63.0,61.0,74.0,92.0,91.0,86.0,73.0,85.0,73.0,80.0,74.0,74.0,66.0,74.0,51.0,67.0,56.0,67.0,63.0,42.0,48.0,43.0,13.0,13.0,6.0,11.0,9.0
Finland,2019,23,26.17391304347826,185.30434782608697,79.17391304347827,46.60869565217392,46.30434782608695,52.82608695652174,58.0,40.47826086956522,53.391304347826086,46.56521739130435,40.08695652173913,53.52173913043478,56.65217391304348,62.17391304347826,62.73913043478261,60.78260869565217,62.91304347826087,57.91304347826087,55.08695652173913,61.43478260869565,63.34782608695652,68.47826086956522,48.04347826086956,59.82608695652174,49.82608695652174,48.30434782608695,53.95652173913044,44.78260869565217,59.869565217391305,52.56521739130435,49.08695652173913,47.34782608695652,18.26086956521739,19.217391304347824,17.130434782608695,18.043478260869566,18.695652173913043
France,2019,23,25.565217391304348,183.2173913043478,77.30434782608695,64.04347826086956,55.82608695652174,64.30434782608695,75.78260869565217,55.04347826086956,68.0,60.69565217391305,52.78260869565217,69.6086956521739,73.95652173913044,73.47826086956522,73.73913043478261,71.6086956521739,81.78260869565217,67.04347826086956,67.73913043478261,77.78260869565217,74.56521739130434,74.04347826086956,60.17391304347826,69.69565217391305,61.869565217391305,61.73913043478261,68.82608695652173,56.391304347826086,78.30434782608695,60.869565217391305,59.95652173913044,58.34782608695652,20.0,19.30434782608696,18.39130434782609,19.43478260869565,20.695652173913043
Gabon,2019,16,25.9375,178.375,74.5625,53.0,51.8125,55.6875,64.3125,48.25,61.9375,49.1875,48.8125,57.0,65.3125,72.125,70.875,66.75,64.125,70.3125,60.8125,64.625,65.3125,63.125,51.875,60.0,50.4375,56.3125,59.0625,51.1875,63.6875,49.9375,51.125,48.25,13.3125,14.0625,14.875,13.375,14.875
Gambia,2019,15,23.0,183.4,75.93333333333334,48.06666666666667,54.13333333333333,53.73333333333333,58.06666666666667,47.333333333333336,59.86666666666667,46.86666666666667,42.53333333333333,50.2,60.46666666666667,72.46666666666667,77.6,68.73333333333333,61.53333333333333,62.2,59.86666666666667,61.93333333333333,64.2,67.26666666666667,46.8,52.266666666666666,34.666666666666664,57.13333333333333,50.333333333333336,51.333333333333336,57.53333333333333,39.46666666666667,37.2,35.86666666666667,13.266666666666667,13.533333333333331,14.0,14.333333333333334,15.0
Georgia,2019,23,24.26086956521739,182.2608695652174,75.8695652173913,52.52173913043478,54.43478260869565,52.56521739130435,62.82608695652174,47.08695652173913,64.65217391304348,53.30434782608695,49.391304347826086,59.0,65.08695652173913,70.1304347826087,70.04347826086956,69.47826086956522,63.0,64.82608695652173,61.69565217391305,59.65217391304348,66.0,64.17391304347827,53.82608695652174,52.73913043478261,41.17391304347826,55.56521739130435,59.21739130434783,52.65217391304348,62.04347826086956,43.869565217391305,45.17391304347826,42.47826086956522,12.130434782608695,11.956521739130435,12.391304347826088,13.91304347826087,12.478260869565217
Germany,2019,23,25.956521739130437,186.2173913043478,81.73913043478261,64.56521739130434,55.08695652173913,63.17391304347826,75.3913043478261,57.17391304347826,67.30434782608695,60.47826086956522,55.26086956521739,69.69565217391305,73.34782608695652,68.52173913043478,73.30434782608695,65.69565217391305,83.30434782608695,62.52173913043478,69.30434782608695,67.78260869565217,69.82608695652173,75.47826086956522,59.65217391304348,62.95652173913044,64.56521739130434,59.95652173913044,72.56521739130434,56.69565217391305,77.34782608695652,60.30434782608695,60.69565217391305,58.0,20.782608695652176,19.782608695652176,19.91304347826087,20.17391304347826,20.82608695652174
Ghana,2019,23,26.043478260869566,177.04347826086956,72.65217391304348,65.82608695652173,59.52173913043478,65.30434782608695,73.08695652173913,61.34782608695652,73.78260869565217,61.869565217391305,51.869565217391305,65.52173913043478,74.08695652173913,79.30434782608695,78.56521739130434,78.30434782608695,73.26086956521739,75.3913043478261,74.08695652173913,79.30434782608695,77.73913043478261,71.1304347826087,66.52173913043478,73.78260869565217,60.869565217391305,67.3913043478261,66.17391304347827,58.21739130434783,71.04347826086956,59.78260869565217,64.56521739130434,59.69565217391305,10.434782608695652,9.043478260869565,8.91304347826087,9.91304347826087,9.565217391304348
Greece,2019,23,27.043478260869566,183.82608695652172,79.6086956521739,56.34782608695652,48.869565217391305,60.08695652173913,64.08695652173913,51.65217391304348,59.43478260869565,54.91304347826087,52.73913043478261,60.47826086956522,64.52173913043478,64.8695652173913,67.04347826086956,65.47826086956522,71.34782608695652,60.391304347826086,67.30434782608695,69.52173913043478,64.30434782608695,73.04347826086956,58.43478260869565,65.6086956521739,50.69565217391305,52.47826086956522,55.91304347826087,52.65217391304348,69.08695652173913,54.91304347826087,52.30434782608695,52.47826086956522,19.30434782608696,18.869565217391305,17.73913043478261,19.17391304347826,19.43478260869565
Grenada,2019,1,25.0,185.0,88.0,25.0,14.0,65.0,46.0,27.0,30.0,25.0,25.0,37.0,44.0,69.0,65.0,34.0,58.0,50.0,45.0,72.0,68.0,84.0,12.0,64.0,53.0,13.0,26.0,31.0,51.0,59.0,64.0,66.0,14.0,8.0,11.0,6.0,12.0
Guam,2019,1,30.0,175.0,68.0,59.0,49.0,60.0,67.0,48.0,57.0,61.0,55.0,58.0,63.0,75.0,73.0,77.0,71.0,82.0,53.0,82.0,78.0,66.0,36.0,76.0,69.0,55.0,56.0,52.0,66.0,65.0,64.0,68.0,13.0,9.0,16.0,12.0,11.0
Guatemala,2019,3,26.666666666666668,188.0,78.0,32.333333333333336,27.33333333333333,45.66666666666666,43.0,26.666666666666668,34.0,36.66666666666666,29.0,36.333333333333336,39.0,59.0,57.0,37.66666666666666,56.333333333333336,48.333333333333336,39.66666666666666,63.0,54.333333333333336,67.33333333333333,25.0,56.333333333333336,46.0,31.0,39.66666666666666,39.66666666666666,42.66666666666666,46.333333333333336,46.66666666666666,46.333333333333336,30.33333333333333,31.0,28.0,30.33333333333333,27.666666666666668
Guinea,2019,23,25.39130434782609,180.56521739130437,73.65217391304348,56.21739130434783,56.869565217391305,60.34782608695652,64.78260869565217,53.21739130434783,66.17391304347827,53.73913043478261,44.47826086956522,56.130434782608695,68.08695652173913,73.91304347826087,74.17391304347827,72.73913043478261,64.56521739130434,70.0,65.26086956521739,69.47826086956522,67.69565217391305,68.43478260869566,57.17391304347826,60.17391304347826,43.47826086956522,60.60869565217392,57.30434782608695,54.0,64.6086956521739,46.21739130434783,42.869565217391305,41.391304347826086,10.695652173913045,11.782608695652174,11.434782608695652,10.08695652173913,10.26086956521739
Guinea-Bissau,2019,16,23.5,181.875,74.9375,49.5625,50.8125,56.375,61.5,48.8125,61.8125,49.75,43.375,51.8125,63.9375,72.3125,73.625,67.3125,65.0625,66.1875,67.3125,68.0,71.75,67.0,53.8125,65.0625,48.5,57.5625,52.8125,52.75,60.6875,47.625,47.6875,44.6875,10.625,11.5625,11.3125,10.125,9.6875
Guyana,2019,3,27.33333333333333,183.33333333333331,75.33333333333333,52.0,45.333333333333336,56.66666666666666,55.0,39.0,53.0,49.333333333333336,43.333333333333336,50.333333333333336,52.66666666666666,69.33333333333333,68.66666666666667,70.66666666666667,61.0,67.0,46.66666666666666,67.33333333333333,66.0,70.66666666666667,44.333333333333336,69.33333333333333,56.0,54.333333333333336,52.333333333333336,46.66666666666666,57.333333333333336,56.333333333333336,59.66666666666666,58.66666666666666,9.333333333333334,14.0,11.333333333333334,12.666666666666666,9.0
Haiti,2019,11,24.0,180.45454545454547,77.9090909090909,54.09090909090909,54.63636363636363,56.45454545454545,58.81818181818182,48.36363636363637,62.09090909090909,49.72727272727273,43.63636363636363,51.09090909090909,61.72727272727273,70.36363636363636,71.54545454545455,65.0909090909091,56.81818181818182,66.72727272727273,61.09090909090909,64.54545454545455,59.45454545454545,67.54545454545455,52.09090909090909,53.27272727272727,40.36363636363637,52.18181818181818,53.36363636363637,54.63636363636363,57.81818181818182,43.90909090909091,42.09090909090909,40.0,9.363636363636363,10.0,9.181818181818182,10.272727272727272,10.181818181818182
Honduras,2019,16,26.8125,178.75,76.625,55.0,52.9375,60.375,63.375,49.3125,64.625,52.125,47.9375,54.0625,63.625,72.5,72.5,69.75,65.9375,67.6875,62.4375,73.3125,69.375,70.3125,52.8125,63.5,47.375,58.6875,61.4375,57.1875,63.25,46.125,49.125,47.4375,13.25,12.5625,12.6875,13.5,14.4375
Hong Kong,2019,2,28.0,174.0,73.5,48.5,49.5,49.5,59.0,43.5,56.5,30.5,35.0,54.5,62.5,53.0,50.5,59.0,60.5,73.5,63.5,72.5,50.0,60.0,56.5,54.0,57.5,27.5,51.0,45.5,51.5,49.5,59.5,53.0,8.0,10.0,9.5,5.5,6.0
Hungary,2019,23,27.608695652173918,184.2173913043478,77.69565217391305,54.82608695652174,47.130434782608695,53.869565217391305,61.82608695652174,46.65217391304348,56.56521739130435,47.65217391304348,44.30434782608695,56.130434782608695,60.130434782608695,66.73913043478261,66.30434782608695,64.17391304347827,66.3913043478261,62.17391304347826,57.08695652173913,64.56521739130434,64.43478260869566,67.56521739130434,49.869565217391305,62.34782608695652,50.91304347826087,52.869565217391305,53.65217391304348,51.60869565217392,65.47826086956522,45.47826086956522,49.95652173913044,46.869565217391305,17.73913043478261,18.217391304347824,17.565217391304348,18.26086956521739,19.0
Iceland,2019,23,28.26086956521739,185.17391304347825,80.08695652173913,54.95652173913044,49.34782608695652,55.82608695652174,62.391304347826086,50.130434782608695,56.391304347826086,53.26086956521739,49.34782608695652,58.08695652173913,61.43478260869565,63.130434782608695,65.04347826086956,60.52173913043478,67.17391304347827,64.91304347826087,63.26086956521739,69.34782608695652,69.78260869565217,73.30434782608695,57.52173913043478,63.391304347826086,51.56521739130435,52.869565217391305,59.04347826086956,54.91304347826087,67.69565217391305,52.47826086956522,53.26086956521739,49.391304347826086,16.73913043478261,16.043478260869566,17.434782608695652,17.52173913043478,17.695652173913043
India,2019,23,24.91304347826087,180.2608695652174,74.08695652173913,42.30434782608695,37.69565217391305,48.73913043478261,46.69565217391305,36.26086956521739,45.21739130434783,36.73913043478261,40.47826086956522,37.869565217391305,48.30434782608695,66.0,65.08695652173913,62.47826086956522,57.82608695652174,64.82608695652173,47.17391304347826,58.08695652173913,58.65217391304348,64.34782608695652,38.82608695652174,44.78260869565217,40.34782608695652,42.17391304347826,43.34782608695652,44.08695652173913,50.73913043478261,40.60869565217392,40.95652173913044,40.17391304347826,16.82608695652174,16.565217391304348,16.217391304347824,17.217391304347824,15.91304347826087
Indonesia,2019,1,17.0,164.0,64.0,40.0,41.0,40.0,69.0,42.0,52.0,50.0,44.0,65.0,58.0,53.0,61.0,49.0,44.0,64.0,47.0,55.0,44.0,43.0,34.0,38.0,21.0,45.0,61.0,47.0,58.0,19.0,47.0,52.0,10.0,13.0,8.0,15.0,9.0
Iran,2019,18,25.77777777777778,181.88888888888889,77.0,54.888888888888886,45.72222222222222,50.61111111111112,58.333333333333336,47.16666666666666,54.94444444444444,50.44444444444444,45.22222222222222,50.94444444444444,59.55555555555556,66.44444444444444,66.44444444444444,65.0,65.16666666666667,64.27777777777777,56.94444444444444,63.16666666666666,63.833333333333336,62.94444444444444,49.55555555555556,55.94444444444444,45.888888888888886,49.388888888888886,54.05555555555556,48.388888888888886,59.66666666666666,47.333333333333336,44.94444444444444,42.833333333333336,19.22222222222222,19.0,19.72222222222222,19.944444444444443,19.666666666666668
Iraq,2019,7,25.142857142857142,180.14285714285714,72.0,57.285714285714285,57.285714285714285,53.142857142857146,64.42857142857143,54.71428571428572,67.28571428571429,62.85714285714285,61.85714285714285,60.42857142857143,68.14285714285714,73.71428571428571,71.14285714285714,76.0,64.14285714285714,69.57142857142857,68.14285714285714,63.142857142857146,69.42857142857143,63.0,60.142857142857146,60.285714285714285,55.42857142857143,58.71428571428572,61.285714285714285,53.57142857142857,63.0,49.42857142857143,57.85714285714285,49.0,12.285714285714286,10.285714285714286,11.714285714285714,10.0,9.428571428571429
Israel,2019,15,28.133333333333333,180.53333333333333,75.13333333333334,57.2,56.06666666666667,57.46666666666667,65.53333333333333,52.266666666666666,66.46666666666667,57.0,50.13333333333333,56.6,67.6,65.2,68.53333333333333,69.73333333333333,68.66666666666667,67.73333333333333,63.0,68.66666666666667,68.73333333333333,67.66666666666667,55.86666666666667,57.46666666666667,44.8,61.53333333333333,61.13333333333333,59.0,66.2,47.13333333333333,46.93333333333333,44.4,15.066666666666666,14.466666666666669,13.666666666666666,15.066666666666666,13.733333333333333
Italy,2019,23,26.30434782608696,182.17391304347825,75.1304347826087,59.17391304347826,52.95652173913044,60.69565217391305,70.30434782608695,57.73913043478261,69.26086956521739,59.60869565217392,52.0,64.69565217391305,70.52173913043478,71.47826086956522,73.17391304347827,72.69565217391305,78.3913043478261,66.69565217391305,66.56521739130434,69.69565217391305,70.91304347826087,68.30434782608695,59.17391304347826,67.26086956521739,59.130434782608695,58.26086956521739,66.21739130434783,57.91304347826087,76.47826086956522,61.130434782608695,57.34782608695652,56.47826086956522,18.869565217391305,17.130434782608695,17.434782608695652,18.347826086956523,18.26086956521739
Ivory Coast,2019,23,27.39130434782609,180.82608695652172,76.17391304347827,59.0,49.82608695652174,57.95652173913044,64.34782608695652,50.91304347826087,63.56521739130435,55.130434782608695,48.08695652173913,57.04347826086956,65.21739130434783,70.69565217391305,72.30434782608695,70.52173913043478,70.73913043478261,70.08695652173913,61.04347826086956,68.56521739130434,70.43478260869566,68.56521739130434,53.73913043478261,64.47826086956522,51.95652173913044,59.56521739130435,61.82608695652174,54.78260869565217,66.17391304347827,46.391304347826086,50.30434782608695,48.04347826086956,18.47826086956522,18.695652173913043,18.39130434782609,18.217391304347824,18.73913043478261
Jamaica,2019,23,28.47826086956522,181.95652173913044,76.34782608695652,50.0,49.95652173913044,57.47826086956522,57.869565217391305,45.17391304347826,60.69565217391305,49.73913043478261,43.21739130434783,50.95652173913044,61.869565217391305,69.73913043478261,71.43478260869566,66.52173913043478,63.91304347826087,64.52173913043478,61.78260869565217,70.6086956521739,65.69565217391305,70.73913043478261,51.0,64.56521739130434,46.47826086956522,57.0,53.26086956521739,51.95652173913044,61.17391304347826,48.47826086956522,48.17391304347826,43.130434782608695,14.478260869565217,13.608695652173912,13.391304347826088,13.391304347826088,13.91304347826087
Japan,2019,23,27.608695652173918,177.65217391304347,70.91304347826087,64.17391304347827,62.869565217391305,60.60869565217392,73.47826086956522,60.17391304347826,73.69565217391305,65.0,55.30434782608695,64.8695652173913,73.95652173913044,77.0,74.73913043478261,78.56521739130434,72.91304347826087,75.65217391304348,67.17391304347827,70.82608695652173,76.1304347826087,61.34782608695652,63.47826086956522,57.60869565217392,49.43478260869565,69.43478260869566,68.0,60.47826086956522,71.91304347826087,51.78260869565217,50.56521739130435,47.21739130434783,9.652173913043478,10.73913043478261,10.043478260869565,9.91304347826087,10.130434782608695
Jordan,2019,1,23.0,174.0,75.0,50.0,34.0,48.0,53.0,43.0,54.0,58.0,49.0,46.0,59.0,69.0,75.0,71.0,55.0,70.0,52.0,71.0,71.0,60.0,40.0,56.0,49.0,35.0,42.0,24.0,49.0,60.0,54.0,54.0,9.0,10.0,9.0,15.0,7.0
Kazakhstan,2019,4,26.25,177.0,72.25,61.75,45.5,55.25,63.0,48.25,60.5,58.25,47.0,60.5,63.0,73.0,70.75,75.75,59.5,74.75,57.5,70.25,69.5,59.25,47.75,60.75,55.25,53.75,57.75,45.75,61.0,54.5,60.0,59.5,9.0,8.75,9.0,11.25,11.5
Kenya,2019,10,24.8,182.4,76.0,48.1,49.4,54.7,60.7,43.5,61.3,44.6,41.9,54.7,62.4,71.4,72.3,65.8,59.6,64.0,60.1,68.9,66.5,68.4,51.2,58.9,45.8,54.5,51.6,45.6,59.3,50.5,47.0,45.0,9.6,10.5,9.5,12.5,10.0
Kosovo,2019,23,24.52173913043478,181.65217391304347,75.65217391304348,55.26086956521739,56.130434782608695,52.52173913043478,64.43478260869566,53.52173913043478,64.69565217391305,58.69565217391305,48.43478260869565,55.56521739130435,66.30434782608695,71.65217391304348,69.65217391304348,72.21739130434783,64.6086956521739,68.08695652173913,64.17391304347827,63.69565217391305,68.17391304347827,63.21739130434783,58.0,63.56521739130435,44.78260869565217,59.95652173913044,60.60869565217392,54.56521739130435,63.08695652173913,44.43478260869565,44.04347826086956,41.60869565217392,13.565217391304348,13.608695652173912,13.652173913043478,12.434782608695652,13.043478260869565
Latvia,2019,6,28.0,190.16666666666663,84.83333333333333,28.166666666666668,26.33333333333333,38.16666666666666,38.833333333333336,25.0,29.0,23.666666666666668,23.0,35.5,33.833333333333336,48.16666666666666,47.333333333333336,41.333333333333336,56.0,49.5,37.333333333333336,64.33333333333333,47.5,68.16666666666667,27.166666666666668,41.66666666666666,32.166666666666664,31.166666666666668,46.5,34.5,55.5,31.0,33.166666666666664,32.333333333333336,37.66666666666666,36.66666666666666,35.833333333333336,35.833333333333336,36.833333333333336
Liberia,2019,2,22.0,178.0,74.5,47.5,67.0,54.5,62.0,52.5,63.0,43.0,38.5,47.0,60.5,82.0,85.5,62.5,61.0,66.0,60.0,75.5,62.0,60.0,56.0,57.5,34.0,64.5,52.5,51.0,58.0,29.5,27.5,29.0,10.0,13.5,12.0,10.5,14.5
Libya,2019,4,25.0,173.75,70.25,62.5,52.75,44.0,65.0,47.5,73.75,55.75,51.25,57.5,72.0,83.25,79.0,83.5,65.0,75.75,59.75,61.5,71.75,59.25,53.25,49.5,44.75,61.25,60.25,52.75,62.5,36.0,41.75,44.5,10.25,10.75,7.25,10.0,12.0
Liechtenstein,2019,4,24.0,178.75,74.5,51.5,52.5,55.75,59.25,45.75,62.0,53.25,39.25,53.25,62.25,66.75,66.75,69.5,54.5,69.75,62.0,64.75,66.5,64.25,52.25,59.5,41.5,58.25,57.0,55.25,57.75,47.5,42.25,43.5,10.75,9.25,9.5,8.25,10.0
Lithuania,2019,11,23.454545454545453,186.63636363636363,80.36363636363636,39.54545454545455,35.09090909090909,43.81818181818182,50.72727272727273,35.72727272727273,45.81818181818182,39.45454545454545,39.09090909090909,45.63636363636363,48.27272727272727,52.81818181818182,53.90909090909091,54.45454545454545,54.45454545454545,55.18181818181818,46.63636363636363,57.63636363636363,51.27272727272727,67.36363636363636,39.18181818181818,44.90909090909091,34.90909090909091,37.90909090909091,44.81818181818182,41.36363636363637,51.63636363636363,35.54545454545455,34.63636363636363,34.18181818181818,24.0,22.727272727272727,23.454545454545453,23.272727272727277,24.454545454545453
Luxembourg,2019,9,23.0,183.77777777777777,76.66666666666667,46.22222222222222,33.44444444444444,59.77777777777778,60.333333333333336,42.11111111111112,54.22222222222222,45.22222222222222,43.44444444444444,55.77777777777778,59.11111111111112,58.0,56.888888888888886,59.0,59.0,61.22222222222222,55.11111111111112,66.55555555555556,64.88888888888889,67.66666666666667,40.22222222222222,64.33333333333333,59.0,42.333333333333336,48.22222222222222,48.22222222222222,54.66666666666666,57.55555555555556,60.44444444444444,60.0,10.11111111111111,10.333333333333334,9.444444444444445,11.11111111111111,9.77777777777778
Madagascar,2019,9,26.77777777777778,178.33333333333334,74.88888888888889,58.55555555555556,46.55555555555556,56.22222222222222,64.88888888888889,45.11111111111112,58.333333333333336,50.22222222222222,48.0,58.44444444444444,62.333333333333336,72.33333333333333,67.88888888888889,67.0,63.0,70.77777777777777,54.888888888888886,69.0,65.66666666666667,63.66666666666666,48.66666666666666,58.66666666666666,56.66666666666666,50.44444444444444,54.55555555555556,47.77777777777778,59.55555555555556,49.0,53.44444444444444,55.55555555555556,9.333333333333334,10.88888888888889,10.666666666666666,10.333333333333334,10.333333333333334
Mali,2019,23,25.217391304347824,181.69565217391303,73.65217391304348,60.04347826086956,54.95652173913044,60.52173913043478,66.6086956521739,47.04347826086956,64.69565217391305,53.08695652173913,42.130434782608695,59.56521739130435,67.34782608695652,71.65217391304348,72.26086956521739,68.3913043478261,68.6086956521739,65.26086956521739,65.52173913043478,67.91304347826087,72.04347826086956,71.34782608695652,56.04347826086956,64.91304347826087,50.869565217391305,61.0,59.21739130434783,52.08695652173913,65.95652173913044,52.30434782608695,53.391304347826086,51.65217391304348,12.565217391304348,12.782608695652174,12.173913043478262,11.956521739130435,11.956521739130435
Malta,2019,2,22.0,172.5,68.0,55.5,39.0,41.0,57.5,31.5,65.5,38.0,35.0,54.0,64.0,77.0,78.0,80.0,51.0,86.0,37.0,60.5,63.5,46.0,52.5,41.5,38.5,49.0,47.0,42.0,52.0,44.5,43.5,43.0,9.5,13.5,11.0,8.5,10.5
Mauritania,2019,4,23.0,180.25,79.0,52.0,31.0,55.75,58.25,29.75,50.5,33.75,36.5,39.5,56.75,66.5,64.25,60.75,56.75,64.0,44.75,59.75,67.25,74.5,35.0,58.0,59.75,44.0,37.0,40.5,53.5,58.5,65.75,62.75,8.75,10.75,9.0,10.25,11.25
Mauritius,2019,1,26.0,186.0,88.0,60.0,38.0,71.0,63.0,31.0,62.0,41.0,36.0,57.0,61.0,69.0,69.0,66.0,64.0,60.0,55.0,72.0,79.0,76.0,39.0,75.0,69.0,36.0,46.0,36.0,67.0,70.0,72.0,71.0,9.0,9.0,5.0,8.0,9.0
Mexico,2019,23,27.91304347826087,179.34782608695653,74.04347826086956,59.04347826086956,55.34782608695652,59.95652173913044,69.43478260869566,55.34782608695652,64.69565217391305,56.82608695652174,49.869565217391305,63.869565217391305,68.26086956521739,71.08695652173913,70.91304347826087,73.52173913043478,73.95652173913044,69.43478260869566,63.73913043478261,71.47826086956522,69.43478260869566,63.52173913043478,55.08695652173913,59.130434782608695,54.0,59.21739130434783,63.95652173913044,60.130434782608695,72.56521739130434,52.78260869565217,51.65217391304348,48.34782608695652,18.39130434782609,19.565217391304348,18.26086956521739,18.91304347826087,18.52173913043478
Moldova,2019,5,23.6,187.2,77.4,42.0,46.8,56.2,53.4,44.6,50.4,40.4,48.4,48.8,53.2,58.4,54.8,48.6,61.4,49.6,54.0,54.2,53.8,71.2,44.8,52.6,42.6,49.2,55.0,46.0,63.0,41.8,45.0,41.6,21.4,22.4,20.8,22.8,21.4
Montenegro,2019,21,25.09523809523809,185.28571428571428,78.0,48.285714285714285,45.333333333333336,53.38095238095238,59.42857142857143,44.23809523809524,55.47619047619048,46.90476190476191,43.0,51.523809523809526,60.61904761904762,63.285714285714285,61.85714285714285,58.90476190476191,64.23809523809524,56.523809523809526,54.285714285714285,68.04761904761905,61.142857142857146,67.95238095238095,47.61904761904762,55.38095238095238,45.76190476190476,50.47619047619048,52.90476190476191,49.85714285714285,61.42857142857143,44.04761904761905,46.95238095238095,44.523809523809526,18.61904761904762,19.142857142857142,17.238095238095237,18.0,19.38095238095238
Montserrat,2019,4,25.5,182.5,79.0,48.5,48.0,58.25,58.25,45.0,53.25,49.25,47.5,51.25,56.75,70.5,74.5,65.75,61.5,60.75,56.25,60.25,73.5,72.5,45.75,60.75,53.75,55.5,55.25,48.5,58.75,55.0,56.0,55.0,10.25,13.75,11.0,13.0,11.25
Morocco,2019,23,26.956521739130437,181.0434782608696,74.65217391304348,66.0,61.43478260869565,56.56521739130435,74.0,60.73913043478261,74.08695652173913,65.1304347826087,57.69565217391305,69.91304347826087,74.73913043478261,72.34782608695652,70.3913043478261,73.82608695652173,73.21739130434783,68.26086956521739,72.30434782608695,62.47826086956522,72.0,67.69565217391305,64.69565217391305,62.56521739130435,54.21739130434783,64.6086956521739,69.30434782608695,61.0,72.1304347826087,50.52173913043478,56.30434782608695,51.47826086956522,13.130434782608695,14.304347826086955,12.782608695652174,13.782608695652174,13.043478260869565
Mozambique,2019,4,26.0,179.75,73.0,56.5,45.75,60.75,64.25,44.75,65.0,59.5,45.0,50.5,67.25,72.0,74.0,70.75,66.75,72.0,55.5,72.0,70.25,64.75,56.25,67.0,58.5,53.0,51.75,46.0,63.0,57.75,62.25,61.75,9.5,10.5,11.5,14.25,10.75
Namibia,2019,3,24.666666666666668,181.0,77.0,50.66666666666666,38.333333333333336,45.66666666666666,56.333333333333336,35.333333333333336,55.333333333333336,44.66666666666666,45.66666666666666,47.0,54.66666666666666,70.0,71.0,57.66666666666666,60.333333333333336,68.0,51.333333333333336,67.33333333333333,65.33333333333333,67.33333333333333,39.333333333333336,47.333333333333336,37.0,40.0,46.333333333333336,45.66666666666666,48.333333333333336,37.0,39.0,39.0,30.0,29.666666666666668,28.33333333333333,25.33333333333333,29.666666666666668
Netherlands,2019,23,25.65217391304348,184.34782608695653,79.26086956521739,60.95652173913044,57.130434782608695,64.17391304347827,71.65217391304348,56.26086956521739,65.56521739130434,59.65217391304348,53.95652173913044,66.8695652173913,71.73913043478261,67.6086956521739,68.21739130434783,67.17391304347827,78.04347826086956,63.52173913043478,70.73913043478261,73.34782608695652,74.21739130434783,74.30434782608695,62.60869565217392,66.30434782608695,57.43478260869565,60.21739130434783,69.21739130434783,57.95652173913044,75.52173913043478,57.43478260869565,56.73913043478261,53.34782608695652,20.217391304347824,19.17391304347826,18.17391304347826,19.565217391304348,19.73913043478261
New Caledonia,2019,1,30.0,182.0,87.0,53.0,29.0,63.0,66.0,16.0,23.0,38.0,33.0,58.0,67.0,64.0,59.0,64.0,73.0,56.0,50.0,79.0,70.0,84.0,39.0,76.0,76.0,39.0,59.0,49.0,69.0,70.0,75.0,72.0,12.0,14.0,6.0,10.0,7.0
New Zealand,2019,23,24.956521739130437,181.95652173913044,77.78260869565217,48.30434782608695,44.34782608695652,49.17391304347826,56.130434782608695,42.26086956521739,52.91304347826087,47.82608695652174,45.52173913043478,51.391304347826086,55.08695652173913,64.65217391304348,65.21739130434783,63.391304347826086,60.04347826086956,61.65217391304348,52.65217391304348,65.65217391304348,63.34782608695652,66.91304347826087,46.95652173913044,59.130434782608695,47.17391304347826,50.130434782608695,53.43478260869565,47.43478260869565,58.52173913043478,45.60869565217392,45.391304347826086,42.56521739130435,18.52173913043478,17.26086956521739,16.347826086956523,16.565217391304348,18.39130434782609
Nicaragua,2019,2,29.0,177.5,77.5,54.5,44.5,56.0,60.0,40.5,52.5,51.0,52.0,53.0,57.5,68.0,66.0,55.5,55.5,60.5,61.5,65.0,67.5,65.5,49.5,51.5,52.0,40.0,46.0,50.5,55.0,51.0,46.0,46.5,10.5,11.0,7.5,13.0,7.5
Niger,2019,3,25.0,181.0,77.33333333333333,49.333333333333336,65.0,63.66666666666666,56.66666666666666,66.0,66.0,46.66666666666666,39.333333333333336,41.0,66.0,73.33333333333333,70.66666666666667,66.66666666666667,63.333333333333336,66.33333333333333,70.66666666666667,64.66666666666667,67.0,64.0,60.333333333333336,55.0,21.666666666666668,65.0,55.0,59.0,58.333333333333336,23.666666666666668,22.0,23.33333333333333,12.666666666666666,11.333333333333334,10.666666666666666,11.333333333333334,8.333333333333334
Nigeria,2019,23,24.52173913043478,179.47826086956522,74.73913043478261,58.21739130434783,61.21739130434783,61.69565217391305,67.82608695652173,56.95652173913044,71.65217391304348,55.56521739130435,51.0,59.21739130434783,71.65217391304348,78.04347826086956,77.78260869565217,76.21739130434783,72.26086956521739,71.91304347826087,71.21739130434783,75.3913043478261,71.69565217391305,67.65217391304348,60.95652173913044,63.391304347826086,45.95652173913044,64.1304347826087,61.34782608695652,59.21739130434783,68.26086956521739,46.30434782608695,49.30434782608695,45.78260869565217,12.826086956521738,13.08695652173913,13.608695652173912,14.565217391304348,14.478260869565217
North Korea,2019,4,28.5,180.0,76.25,53.0,64.25,62.5,63.25,58.25,65.25,57.0,54.5,53.0,66.25,59.75,64.25,63.0,65.5,63.25,64.0,67.25,63.0,68.75,64.0,53.75,38.75,60.0,64.0,60.75,63.25,37.25,39.5,32.75,12.5,11.0,12.75,12.25,10.5
North Macedonia,2019,19,25.36842105263158,182.7894736842105,75.52631578947368,48.42105263157895,51.73684210526316,51.89473684210526,60.42105263157895,47.36842105263158,59.10526315789474,51.47368421052632,48.68421052631579,52.68421052631579,60.26315789473684,63.578947368421055,62.21052631578947,62.526315789473685,63.73684210526316,62.05263157894737,59.21052631578947,60.42105263157895,61.63157894736842,66.36842105263158,53.526315789473685,54.21052631578947,41.31578947368421,54.10526315789474,55.78947368421053,51.1578947368421,61.63157894736842,43.78947368421053,43.526315789473685,40.42105263157895,21.210526315789476,19.157894736842103,19.789473684210527,18.894736842105264,21.42105263157895
Northern Ireland,2019,23,28.130434782608692,181.56521739130437,75.47826086956522,53.78260869565217,48.65217391304348,56.30434782608695,59.21739130434783,45.17391304347826,55.04347826086956,48.56521739130435,44.43478260869565,54.30434782608695,59.65217391304348,62.43478260869565,62.04347826086956,63.391304347826086,65.0,66.78260869565217,57.21739130434783,67.8695652173913,65.95652173913044,65.43478260869566,47.17391304347826,61.95652173913044,52.78260869565217,50.60869565217392,58.34782608695652,48.95652173913044,61.95652173913044,53.34782608695652,52.78260869565217,51.34782608695652,18.47826086956522,17.565217391304348,16.869565217391305,17.73913043478261,19.17391304347826
Norway,2019,23,25.08695652173913,183.65217391304347,77.47826086956522,55.73913043478261,50.52173913043478,54.78260869565217,64.82608695652173,49.0,63.43478260869565,54.21739130434783,49.34782608695652,61.17391304347826,65.78260869565217,70.0,70.52173913043478,68.08695652173913,70.0,65.73913043478261,60.34782608695652,67.69565217391305,71.6086956521739,68.04347826086956,55.52173913043478,60.17391304347826,50.869565217391305,56.47826086956522,62.391304347826086,48.43478260869565,68.04347826086956,51.30434782608695,50.91304347826087,48.91304347826087,19.30434782608696,18.869565217391305,18.08695652173913,19.26086956521739,19.65217391304348
Oman,2019,1,36.0,193.0,93.0,16.0,18.0,16.0,66.0,18.0,14.0,13.0,11.0,25.0,17.0,41.0,55.0,60.0,74.0,53.0,22.0,74.0,41.0,64.0,12.0,40.0,22.0,13.0,44.0,13.0,61.0,30.0,11.0,11.0,74.0,58.0,71.0,71.0,79.0
Palestine,2019,1,31.0,182.0,75.0,60.0,60.0,61.0,62.0,65.0,64.0,67.0,61.0,59.0,67.0,72.0,70.0,70.0,58.0,75.0,68.0,74.0,63.0,69.0,64.0,60.0,37.0,63.0,62.0,65.0,65.0,40.0,42.0,41.0,7.0,14.0,8.0,14.0,14.0
Panama,2019,15,26.666666666666668,180.4,77.13333333333334,46.53333333333333,47.266666666666666,60.13333333333333,61.53333333333333,43.8,56.86666666666667,45.46666666666667,41.06666666666667,52.0,62.66666666666666,65.6,67.4,63.93333333333333,65.46666666666667,62.53333333333333,61.0,66.33333333333333,66.26666666666667,70.8,52.13333333333333,63.0,50.0,53.6,51.6,54.266666666666666,61.06666666666667,51.46666666666667,50.266666666666666,48.4,8.866666666666667,10.8,11.266666666666667,9.066666666666666,10.6
Paraguay,2019,23,28.08695652173913,180.3913043478261,79.04347826086956,53.34782608695652,46.26086956521739,58.34782608695652,62.08695652173913,47.391304347826086,57.47826086956522,50.82608695652174,42.65217391304348,55.17391304347826,61.869565217391305,64.78260869565217,65.1304347826087,66.08695652173913,69.04347826086956,65.69565217391305,58.17391304347826,65.21739130434783,66.34782608695652,67.1304347826087,52.47826086956522,60.47826086956522,49.82608695652174,54.04347826086956,54.65217391304348,51.60869565217392,61.56521739130435,49.130434782608695,50.391304347826086,47.73913043478261,19.347826086956523,19.43478260869565,19.52173913043478,19.65217391304348,18.695652173913043
Peru,2019,23,26.39130434782609,177.6086956521739,73.56521739130434,54.82608695652174,47.82608695652174,55.56521739130435,61.04347826086956,47.91304347826087,59.56521739130435,51.21739130434783,48.95652173913044,56.73913043478261,61.43478260869565,70.52173913043478,70.17391304347827,69.08695652173913,63.95652173913044,70.6086956521739,57.78260869565217,67.8695652173913,63.30434782608695,60.43478260869565,51.60869565217392,54.95652173913044,48.82608695652174,52.82608695652174,56.30434782608695,50.60869565217392,62.26086956521739,48.65217391304348,50.21739130434783,46.869565217391305,19.217391304347824,18.565217391304348,17.82608695652174,18.956521739130437,18.217391304347824
Philippines,2019,2,23.5,186.5,83.0,31.0,19.0,30.5,37.5,22.5,35.5,28.5,23.5,33.0,40.0,65.0,67.0,61.0,62.5,59.0,43.5,60.5,42.5,75.5,25.0,39.5,40.5,33.0,47.0,39.5,51.5,33.0,36.0,32.5,44.5,38.0,36.5,39.5,43.0
Poland,2019,23,27.52173913043478,183.43478260869568,77.95652173913044,54.34782608695652,49.43478260869565,58.04347826086956,64.65217391304348,49.0,58.47826086956522,52.0,46.04347826086956,59.869565217391305,63.60869565217392,67.17391304347827,67.91304347826087,66.56521739130434,71.69565217391305,65.30434782608695,58.73913043478261,71.0,68.04347826086956,70.95652173913044,52.30434782608695,66.78260869565217,55.47826086956522,55.0,60.56521739130435,50.43478260869565,69.04347826086956,52.26086956521739,53.869565217391305,51.08695652173913,21.0,19.52173913043478,18.52173913043478,19.43478260869565,19.869565217391305
Portugal,2019,23,27.91304347826087,179.6086956521739,74.30434782608695,64.3913043478261,56.130434782608695,58.47826086956522,71.21739130434783,57.47826086956522,69.82608695652173,64.78260869565217,55.52173913043478,65.95652173913044,70.82608695652173,71.21739130434783,69.26086956521739,74.82608695652173,78.17391304347827,70.43478260869566,66.95652173913044,72.6086956521739,71.34782608695652,66.95652173913044,61.95652173913044,68.65217391304348,59.34782608695652,62.0,69.52173913043478,60.34782608695652,77.65217391304348,53.34782608695652,57.26086956521739,52.130434782608695,20.347826086956523,19.695652173913043,19.608695652173918,19.043478260869566,19.82608695652174
Puerto Rico,2019,1,34.0,178.0,77.0,56.0,29.0,58.0,60.0,54.0,54.0,42.0,23.0,55.0,52.0,53.0,43.0,60.0,58.0,60.0,45.0,75.0,44.0,74.0,30.0,72.0,60.0,32.0,31.0,44.0,59.0,59.0,62.0,61.0,9.0,12.0,6.0,10.0,9.0
Republic of Ireland,2019,23,27.91304347826087,182.82608695652172,76.82608695652173,55.17391304347826,51.130434782608695,61.17391304347826,63.91304347826087,48.52173913043478,60.73913043478261,50.08695652173913,45.04347826086956,60.21739130434783,63.60869565217392,65.34782608695652,65.04347826086956,64.56521739130434,70.30434782608695,63.78260869565217,61.78260869565217,72.91304347826087,68.21739130434783,70.82608695652173,52.04347826086956,67.8695652173913,58.17391304347826,57.04347826086956,59.65217391304348,55.52173913043478,67.8695652173913,57.26086956521739,57.91304347826087,55.391304347826086,18.695652173913043,18.65217391304348,19.47826086956522,18.52173913043478,19.043478260869566
Romania,2019,23,27.043478260869566,181.7391304347826,76.17391304347827,55.47826086956522,50.65217391304348,55.82608695652174,62.0,49.130434782608695,56.34782608695652,53.56521739130435,51.91304347826087,58.869565217391305,60.30434782608695,65.6086956521739,64.30434782608695,65.73913043478261,69.43478260869566,63.78260869565217,60.56521739130435,61.73913043478261,65.73913043478261,69.43478260869566,53.26086956521739,59.78260869565217,48.130434782608695,55.17391304347826,60.869565217391305,50.52173913043478,63.869565217391305,45.47826086956522,48.82608695652174,47.130434782608695,18.695652173913043,18.65217391304348,18.26086956521739,19.0,18.26086956521739
Russia,2019,23,28.0,184.6086956521739,77.34782608695652,59.91304347826087,56.26086956521739,57.52173913043478,69.47826086956522,52.26086956521739,63.65217391304348,57.26086956521739,52.47826086956522,64.21739130434783,67.04347826086956,68.65217391304348,69.3913043478261,66.73913043478261,74.17391304347827,62.56521739130435,63.869565217391305,66.08695652173913,72.34782608695652,70.21739130434783,58.82608695652174,62.95652173913044,57.78260869565217,57.869565217391305,66.69565217391305,54.30434782608695,70.65217391304348,54.78260869565217,56.391304347826086,54.78260869565217,19.695652173913043,18.82608695652174,19.608695652173918,19.956521739130437,20.217391304347824
Rwanda,2019,1,21.0,180.0,77.0,65.0,58.0,61.0,66.0,68.0,61.0,60.0,65.0,68.0,63.0,76.0,73.0,77.0,56.0,71.0,75.0,78.0,68.0,67.0,71.0,63.0,61.0,62.0,61.0,58.0,64.0,62.0,61.0,63.0,6.0,12.0,8.0,7.0,8.0
Saint Kitts and Nevis,2019,3,26.33333333333333,185.0,73.0,42.66666666666666,45.66666666666666,49.66666666666666,56.333333333333336,45.0,56.66666666666666,45.333333333333336,45.0,52.66666666666666,59.66666666666666,69.33333333333333,69.33333333333333,66.33333333333333,54.0,70.0,54.66666666666666,66.33333333333333,59.66666666666666,64.66666666666667,48.0,41.0,34.666666666666664,47.66666666666666,50.333333333333336,49.0,54.66666666666666,47.66666666666666,45.66666666666666,39.333333333333336,10.666666666666666,10.0,10.333333333333334,14.0,8.333333333333334
Saint Lucia,2019,1,24.0,183.0,75.0,56.0,23.0,62.0,56.0,37.0,52.0,24.0,24.0,44.0,54.0,79.0,80.0,62.0,60.0,61.0,50.0,72.0,68.0,75.0,35.0,70.0,61.0,45.0,45.0,46.0,59.0,61.0,63.0,62.0,13.0,12.0,6.0,16.0,14.0
Saudi Arabia,2019,23,28.17391304347826,176.6086956521739,69.21739130434783,53.17391304347826,49.78260869565217,55.47826086956522,63.73913043478261,46.69565217391305,57.65217391304348,51.91304347826087,48.43478260869565,58.08695652173913,61.52173913043478,70.04347826086956,70.0,70.73913043478261,66.6086956521739,67.91304347826087,60.0,69.21739130434783,72.6086956521739,69.69565217391305,53.56521739130435,63.08695652173913,52.26086956521739,54.21739130434783,59.65217391304348,54.17391304347826,64.47826086956522,51.82608695652174,52.17391304347826,51.391304347826086,16.434782608695652,16.652173913043477,15.26086956521739,16.956521739130434,15.217391304347826
Scotland,2019,23,26.82608695652174,181.7391304347826,75.43478260869566,58.30434782608695,54.69565217391305,55.26086956521739,65.0,48.30434782608695,62.26086956521739,59.65217391304348,49.43478260869565,59.73913043478261,64.91304347826087,65.73913043478261,66.78260869565217,68.73913043478261,68.95652173913044,66.65217391304348,63.78260869565217,67.91304347826087,69.52173913043478,70.21739130434783,58.08695652173913,64.52173913043478,52.26086956521739,56.73913043478261,65.43478260869566,54.130434782608695,66.95652173913044,54.65217391304348,53.91304347826087,49.52173913043478,19.82608695652174,18.26086956521739,18.43478260869565,18.26086956521739,19.0
Senegal,2019,23,27.130434782608692,184.69565217391303,79.26086956521739,57.47826086956522,58.04347826086956,68.1304347826087,69.56521739130434,53.91304347826087,69.52173913043478,53.0,47.34782608695652,59.47826086956522,71.3913043478261,71.1304347826087,74.8695652173913,68.78260869565217,73.91304347826087,61.65217391304348,72.8695652173913,72.56521739130434,74.52173913043478,77.65217391304348,59.56521739130435,69.69565217391305,56.65217391304348,63.21739130434783,62.08695652173913,57.60869565217392,72.30434782608695,54.21739130434783,57.78260869565217,53.69565217391305,12.956521739130435,11.08695652173913,12.782608695652174,12.0,12.956521739130435
Serbia,2019,23,27.043478260869566,185.6086956521739,79.43478260869566,60.391304347826086,54.391304347826086,66.91304347826087,72.43478260869566,54.391304347826086,66.08695652173913,59.04347826086956,56.21739130434783,69.08695652173913,70.95652173913044,62.08695652173913,64.26086956521739,63.26086956521739,75.82608695652173,61.08695652173913,69.73913043478261,68.8695652173913,72.21739130434783,74.43478260869566,61.91304347826087,68.56521739130434,61.82608695652174,59.78260869565217,66.47826086956522,55.869565217391305,74.73913043478261,59.56521739130435,63.08695652173913,57.91304347826087,13.26086956521739,14.0,13.0,13.608695652173912,13.521739130434783
Sierra Leone,2019,7,24.571428571428573,182.7142857142857,76.0,48.285714285714285,60.42857142857143,58.42857142857143,57.142857142857146,55.142857142857146,62.142857142857146,48.57142857142857,43.0,45.0,63.0,77.85714285714286,80.42857142857143,74.0,58.42857142857143,70.71428571428571,65.71428571428571,70.14285714285714,69.42857142857143,68.42857142857143,58.0,65.85714285714286,28.0,60.71428571428572,55.71428571428572,58.42857142857143,59.57142857142857,36.285714285714285,30.142857142857142,28.0,10.285714285714286,8.857142857142858,10.142857142857142,8.428571428571429,11.571428571428571
Slovakia,2019,23,27.869565217391305,183.34782608695653,77.08695652173913,48.43478260869565,43.65217391304348,48.04347826086956,63.17391304347826,43.56521739130435,55.04347826086956,46.91304347826087,41.78260869565217,58.391304347826086,59.95652173913044,62.65217391304348,62.391304347826086,63.26086956521739,68.95652173913044,60.91304347826087,55.56521739130435,67.26086956521739,64.69565217391305,64.56521739130434,48.30434782608695,56.391304347826086,49.17391304347826,45.91304347826087,57.17391304347826,46.91304347826087,66.69565217391305,50.52173913043478,50.82608695652174,48.130434782608695,24.43478260869565,23.17391304347826,23.47826086956522,23.65217391304348,24.47826086956522
Slovenia,2019,23,26.91304347826087,184.7391304347826,79.65217391304348,57.04347826086956,47.52173913043478,54.52173913043478,64.17391304347827,49.78260869565217,59.56521739130435,52.34782608695652,50.26086956521739,60.391304347826086,63.56521739130435,67.6086956521739,66.43478260869566,66.08695652173913,69.0,60.60869565217392,61.17391304347826,67.04347826086956,66.8695652173913,70.91304347826087,53.34782608695652,59.56521739130435,50.52173913043478,55.17391304347826,59.30434782608695,52.52173913043478,68.82608695652173,53.0,50.130434782608695,47.65217391304348,19.65217391304348,19.08695652173913,17.869565217391305,19.043478260869566,18.608695652173918
South Africa,2019,23,25.347826086956523,177.8695652173913,74.0,53.78260869565217,47.0,46.52173913043478,63.95652173913044,42.95652173913044,60.04347826086956,46.82608695652174,46.73913043478261,61.08695652173913,62.78260869565217,69.78260869565217,68.3913043478261,59.73913043478261,63.30434782608695,67.1304347826087,53.21739130434783,62.95652173913044,63.60869565217392,61.0,45.391304347826086,49.21739130434783,44.95652173913044,50.34782608695652,58.391304347826086,49.65217391304348,63.130434782608695,56.91304347826087,51.60869565217392,47.82608695652174,18.565217391304348,18.782608695652176,18.82608695652174,19.043478260869566,18.73913043478261
South Korea,2019,23,27.43478260869565,182.2173913043478,75.34782608695652,50.82608695652174,50.65217391304348,54.391304347826086,62.130434782608695,46.34782608695652,56.30434782608695,51.391304347826086,49.08695652173913,56.0,58.95652173913044,66.69565217391305,65.17391304347827,64.95652173913044,71.0,66.26086956521739,57.391304347826086,66.17391304347827,65.47826086956522,64.17391304347827,53.65217391304348,56.95652173913044,50.0,57.08695652173913,67.34782608695652,49.56521739130435,65.6086956521739,46.95652173913044,44.47826086956522,40.17391304347826,24.26086956521739,22.82608695652174,23.39130434782609,23.73913043478261,24.65217391304348
South Sudan,2019,1,25.0,190.0,75.0,34.0,62.0,55.0,45.0,43.0,57.0,58.0,28.0,27.0,54.0,79.0,81.0,61.0,45.0,57.0,60.0,71.0,46.0,73.0,54.0,30.0,23.0,59.0,49.0,50.0,48.0,22.0,20.0,15.0,9.0,6.0,7.0,10.0,9.0
Spain,2019,23,27.47826086956522,180.5217391304348,75.73913043478261,67.52173913043478,59.869565217391305,62.82608695652174,76.0,55.391304347826086,69.17391304347827,67.78260869565217,57.130434782608695,69.43478260869566,76.17391304347827,70.8695652173913,69.82608695652173,72.47826086956522,82.82608695652173,70.47826086956522,66.65217391304348,71.6086956521739,73.95652173913044,68.95652173913044,61.34782608695652,65.73913043478261,64.52173913043478,65.52173913043478,74.0,58.95652173913044,77.17391304347827,61.56521739130435,63.0,59.30434782608695,19.91304347826087,20.30434782608696,19.65217391304348,19.39130434782609,19.91304347826087
Sudan,2019,3,26.33333333333333,177.66666666666666,68.33333333333333,53.0,54.333333333333336,50.333333333333336,58.0,45.333333333333336,62.0,45.66666666666666,46.0,48.333333333333336,61.333333333333336,70.66666666666667,69.66666666666667,65.0,57.0,67.33333333333333,56.66666666666666,62.66666666666666,69.0,56.66666666666666,52.333333333333336,44.66666666666666,36.66666666666666,61.0,56.333333333333336,49.333333333333336,54.0,47.0,35.0,36.66666666666666,12.0,10.0,7.333333333333333,12.0,9.0
Suriname,2019,4,25.25,182.75,76.5,64.0,44.5,63.0,66.0,47.5,63.0,48.5,38.0,60.0,64.75,66.5,75.0,64.25,62.25,60.75,65.5,70.0,73.0,75.75,49.25,67.75,56.0,58.25,53.75,40.25,62.75,54.75,58.75,56.0,10.75,9.75,9.5,10.0,10.0
Sweden,2019,23,27.869565217391305,185.91304347826087,78.43478260869566,55.69565217391305,50.869565217391305,57.0,67.52173913043478,52.08695652173913,61.130434782608695,58.30434782608695,52.08695652173913,62.21739130434783,65.65217391304348,60.26086956521739,62.56521739130435,63.30434782608695,73.0,57.82608695652174,66.08695652173913,65.3913043478261,71.1304347826087,73.26086956521739,56.52173913043478,68.08695652173913,53.47826086956522,54.73913043478261,63.30434782608695,55.26086956521739,69.47826086956522,53.21739130434783,53.91304347826087,50.26086956521739,18.608695652173918,17.782608695652176,18.73913043478261,19.347826086956523,18.82608695652174
Switzerland,2019,23,26.695652173913043,183.5217391304348,79.43478260869566,59.82608695652174,51.30434782608695,60.47826086956522,67.8695652173913,52.08695652173913,62.82608695652174,56.43478260869565,52.52173913043478,64.26086956521739,66.78260869565217,66.26086956521739,68.91304347826087,66.26086956521739,74.8695652173913,64.47826086956522,64.91304347826087,70.1304347826087,68.6086956521739,75.47826086956522,55.95652173913044,68.8695652173913,60.43478260869565,59.73913043478261,65.95652173913044,55.47826086956522,70.30434782608695,56.391304347826086,60.04347826086956,57.65217391304348,20.47826086956522,19.130434782608692,18.17391304347826,18.608695652173918,20.43478260869565
Syria,2019,9,26.0,179.33333333333334,75.11111111111111,59.888888888888886,59.0,49.333333333333336,67.66666666666667,53.77777777777778,67.11111111111111,62.333333333333336,56.66666666666666,60.55555555555556,68.11111111111111,71.66666666666667,68.66666666666667,72.55555555555556,63.0,68.33333333333333,66.33333333333333,61.77777777777778,69.55555555555556,66.77777777777777,62.77777777777778,63.66666666666666,44.66666666666666,59.888888888888886,64.88888888888889,55.44444444444444,62.22222222222222,48.77777777777778,42.22222222222222,39.55555555555556,10.22222222222222,8.777777777777779,10.88888888888889,10.333333333333334,11.0
São Tomé and Príncipe,2019,1,31.0,176.0,70.0,64.0,72.0,66.0,62.0,69.0,65.0,62.0,75.0,57.0,69.0,75.0,74.0,69.0,75.0,75.0,82.0,61.0,69.0,73.0,70.0,72.0,34.0,71.0,61.0,66.0,66.0,30.0,30.0,27.0,8.0,9.0,12.0,13.0,11.0
Tanzania,2019,3,22.0,177.66666666666666,73.33333333333333,56.66666666666666,65.0,60.0,59.66666666666666,60.333333333333336,69.33333333333333,51.66666666666666,47.66666666666666,44.66666666666666,62.333333333333336,82.33333333333333,81.66666666666667,78.0,60.333333333333336,76.0,68.33333333333333,68.66666666666667,59.0,67.66666666666667,57.0,46.333333333333336,23.33333333333333,65.0,53.66666666666666,63.333333333333336,62.66666666666666,37.66666666666666,31.33333333333333,25.0,11.333333333333334,13.0,9.333333333333334,9.0,9.666666666666666
Thailand,2019,5,25.0,171.0,64.8,54.8,51.0,46.8,57.2,50.4,66.4,57.4,48.6,53.0,62.4,73.6,71.4,73.0,58.6,72.2,56.6,55.8,58.2,52.6,50.6,45.4,39.4,59.8,56.6,52.0,54.6,40.4,34.2,32.8,11.2,12.0,9.6,8.2,8.6
Togo,2019,11,27.09090909090909,182.9090909090909,75.9090909090909,56.54545454545455,54.72727272727273,63.54545454545455,65.0,52.36363636363637,62.18181818181818,55.45454545454545,47.45454545454545,54.0,66.18181818181819,72.45454545454545,74.45454545454545,67.45454545454545,66.72727272727273,63.09090909090909,65.0909090909091,69.45454545454545,63.45454545454545,71.0,55.72727272727273,61.09090909090909,42.72727272727273,58.54545454545455,58.90909090909091,59.45454545454545,62.90909090909091,43.72727272727273,43.09090909090909,40.45454545454545,11.181818181818182,10.636363636363637,10.818181818181818,10.454545454545457,10.818181818181818
Trinidad and Tobago,2019,5,30.6,183.4,78.2,55.2,51.2,47.4,61.0,46.8,59.6,54.2,52.6,57.2,61.6,64.0,61.4,64.2,66.2,63.6,64.8,67.2,66.2,70.8,57.2,60.0,49.0,58.8,57.6,52.4,65.2,44.6,53.4,50.6,17.6,21.2,22.8,20.6,16.8
Tunisia,2019,23,26.65217391304348,182.0434782608696,77.78260869565217,56.60869565217392,54.43478260869565,56.60869565217392,63.65217391304348,51.30434782608695,62.0,52.82608695652174,49.47826086956522,58.04347826086956,64.30434782608695,66.3913043478261,66.17391304347827,66.47826086956522,65.78260869565217,64.08695652173913,65.0,66.95652173913044,66.34782608695652,68.8695652173913,58.0,59.52173913043478,46.391304347826086,56.43478260869565,58.73913043478261,54.43478260869565,66.21739130434783,46.52173913043478,46.73913043478261,43.65217391304348,15.652173913043478,15.08695652173913,15.043478260869565,15.782608695652174,16.52173913043478
Turkey,2019,23,25.956521739130437,182.2173913043478,76.47826086956522,58.82608695652174,52.43478260869565,57.26086956521739,66.1304347826087,50.47826086956522,64.08695652173913,58.91304347826087,50.21739130434783,61.04347826086956,65.78260869565217,67.21739130434783,68.04347826086956,68.43478260869566,71.73913043478261,65.52173913043478,66.1304347826087,68.82608695652173,68.82608695652173,67.52173913043478,58.73913043478261,60.0,50.56521739130435,57.391304347826086,62.26086956521739,53.52173913043478,69.3913043478261,48.78260869565217,52.391304347826086,47.56521739130435,18.26086956521739,19.217391304347824,18.52173913043478,20.043478260869566,19.08695652173913
Uganda,2019,6,23.0,179.16666666666666,73.66666666666667,48.0,43.333333333333336,50.333333333333336,57.5,43.16666666666666,56.833333333333336,43.16666666666666,37.66666666666666,52.833333333333336,57.333333333333336,69.83333333333333,72.16666666666667,64.5,56.833333333333336,65.16666666666667,59.833333333333336,65.83333333333333,68.66666666666667,68.5,44.333333333333336,59.333333333333336,52.833333333333336,45.833333333333336,49.333333333333336,49.333333333333336,51.5,49.16666666666666,53.66666666666666,50.833333333333336,11.0,11.666666666666666,8.833333333333334,9.833333333333334,9.666666666666666
Ukraine,2019,23,27.0,184.69565217391303,78.52173913043478,53.30434782608695,51.08695652173913,55.391304347826086,68.17391304347827,46.391304347826086,57.65217391304348,50.73913043478261,48.47826086956522,61.95652173913044,62.69565217391305,66.17391304347827,67.52173913043478,62.95652173913044,75.1304347826087,59.43478260869565,61.08695652173913,64.43478260869566,69.21739130434783,70.52173913043478,57.17391304347826,61.43478260869565,59.78260869565217,52.04347826086956,62.130434782608695,47.73913043478261,71.08695652173913,58.82608695652174,57.43478260869565,54.56521739130435,19.0,18.39130434782609,19.217391304347824,19.565217391304348,19.39130434782609
United Arab Emirates,2019,1,26.0,173.0,60.0,76.0,70.0,35.0,75.0,65.0,79.0,77.0,75.0,73.0,76.0,85.0,77.0,87.0,65.0,85.0,68.0,53.0,74.0,39.0,72.0,44.0,25.0,70.0,80.0,64.0,68.0,46.0,26.0,30.0,12.0,13.0,14.0,11.0,8.0
United States,2019,23,24.26086956521739,181.3913043478261,76.73913043478261,51.391304347826086,48.47826086956522,55.34782608695652,64.1304347826087,49.43478260869565,62.47826086956522,53.78260869565217,45.869565217391305,57.0,64.26086956521739,71.1304347826087,71.43478260869566,68.08695652173913,70.30434782608695,67.52173913043478,59.69565217391305,71.04347826086956,70.21739130434783,67.82608695652173,50.26086956521739,63.869565217391305,52.34782608695652,53.30434782608695,59.43478260869565,53.34782608695652,66.08695652173913,50.82608695652174,53.0,50.34782608695652,18.30434782608696,18.130434782608692,19.52173913043478,18.82608695652174,19.782608695652176
Uruguay,2019,23,27.565217391304348,181.69565217391303,75.91304347826087,59.130434782608695,53.73913043478261,60.34782608695652,69.65217391304348,51.65217391304348,65.6086956521739,56.95652173913044,52.95652173913044,62.47826086956522,69.0,68.91304347826087,69.17391304347827,66.3913043478261,76.43478260869566,63.95652173913044,65.52173913043478,71.1304347826087,70.3913043478261,71.52173913043478,56.30434782608695,69.47826086956522,56.04347826086956,59.69565217391305,63.30434782608695,55.869565217391305,71.65217391304348,58.52173913043478,56.52173913043478,54.91304347826087,19.26086956521739,18.217391304347824,19.52173913043478,19.82608695652174,20.26086956521739
Uzbekistan,2019,3,30.0,180.33333333333331,74.66666666666667,62.66666666666666,53.0,57.66666666666666,68.66666666666667,39.333333333333336,68.0,57.0,56.66666666666666,64.66666666666667,70.0,75.33333333333333,69.0,66.66666666666667,69.33333333333333,67.66666666666667,71.66666666666667,70.66666666666667,76.66666666666667,70.0,50.333333333333336,74.0,69.66666666666667,60.333333333333336,64.33333333333333,45.66666666666666,59.66666666666666,62.66666666666666,71.33333333333333,70.66666666666667,13.333333333333334,11.666666666666666,10.666666666666666,10.0,11.666666666666666
Venezuela,2019,23,24.91304347826087,180.6086956521739,77.3913043478261,50.60869565217392,47.26086956521739,55.391304347826086,59.869565217391305,46.130434782608695,57.60869565217392,49.30434782608695,43.82608695652174,52.47826086956522,60.82608695652174,64.6086956521739,66.78260869565217,64.21739130434783,66.95652173913044,63.95652173913044,58.21739130434783,70.34782608695652,63.56521739130435,66.1304347826087,50.130434782608695,58.47826086956522,45.95652173913044,52.04347826086956,56.95652173913044,50.869565217391305,61.52173913043478,47.73913043478261,46.391304347826086,43.17391304347826,17.52173913043478,16.956521739130434,17.73913043478261,18.217391304347824,18.608695652173918
Wales,2019,23,26.08695652173913,182.69565217391303,76.1304347826087,55.17391304347826,50.69565217391305,56.21739130434783,64.1304347826087,46.26086956521739,60.21739130434783,52.391304347826086,44.47826086956522,59.47826086956522,63.82608695652174,66.78260869565217,65.8695652173913,66.30434782608695,68.04347826086956,66.78260869565217,57.78260869565217,69.26086956521739,69.82608695652173,68.47826086956522,51.73913043478261,59.65217391304348,52.95652173913044,55.0,60.56521739130435,53.08695652173913,64.52173913043478,53.52173913043478,54.130434782608695,52.04347826086956,17.91304347826087,18.26086956521739,18.43478260869565,18.08695652173913,17.043478260869566
Zambia,2019,9,21.88888888888889,179.22222222222223,73.22222222222223,51.44444444444444,59.333333333333336,54.77777777777778,59.55555555555556,57.0,62.11111111111112,49.333333333333336,46.66666666666666,50.0,63.333333333333336,77.22222222222223,75.44444444444444,68.33333333333333,57.66666666666666,69.88888888888889,62.888888888888886,71.77777777777777,63.333333333333336,63.22222222222222,59.11111111111112,50.11111111111112,31.11111111111111,56.333333333333336,55.888888888888886,57.11111111111112,58.333333333333336,34.666666666666664,38.66666666666666,35.55555555555556,11.22222222222222,8.88888888888889,9.666666666666666,10.444444444444445,11.22222222222222
Zimbabwe,2019,13,26.76923076923077,178.23076923076923,72.53846153846153,55.07692307692308,53.38461538461539,57.46153846153846,63.46153846153846,52.46153846153846,65.92307692307692,50.23076923076923,46.0,59.07692307692308,62.53846153846154,77.53846153846153,79.61538461538461,74.15384615384616,59.15384615384615,72.0,61.92307692307692,72.15384615384616,70.23076923076923,67.76923076923077,50.46153846153846,67.15384615384616,49.76923076923077,59.69230769230769,60.07692307692308,53.69230769230769,62.61538461538461,47.61538461538461,51.30769230769231,49.0,12.076923076923077,9.461538461538462,10.76923076923077,10.23076923076923,10.23076923076923
Afghanistan,2020,2,24.5,176.0,67.0,63.0,48.5,41.5,62.0,40.5,59.0,56.5,53.0,51.0,62.0,73.0,69.0,79.5,59.0,78.0,49.5,62.0,73.0,52.5,48.5,58.5,55.0,46.0,52.5,43.5,59.5,56.5,57.5,57.5,13.5,10.5,9.0,10.0,10.0
Albania,2020,23,27.17391304347826,182.17391304347825,76.6086956521739,54.65217391304348,47.95652173913044,56.43478260869565,64.17391304347827,45.391304347826086,57.26086956521739,49.130434782608695,48.869565217391305,58.17391304347826,63.56521739130435,62.08695652173913,62.30434782608695,63.95652173913044,67.8695652173913,65.1304347826087,63.391304347826086,63.0,68.34782608695652,70.04347826086956,51.82608695652174,67.43478260869566,56.56521739130435,54.0,58.21739130434783,54.26086956521739,66.21739130434783,57.78260869565217,56.91304347826087,53.21739130434783,16.782608695652176,15.782608695652174,15.565217391304348,16.652173913043477,17.52173913043478
Algeria,2020,23,26.73913043478261,180.95652173913044,75.43478260869566,67.82608695652173,61.47826086956522,60.52173913043478,71.69565217391305,58.95652173913044,72.21739130434783,65.21739130434783,59.56521739130435,65.95652173913044,72.43478260869566,70.21739130434783,70.95652173913044,72.6086956521739,71.1304347826087,68.26086956521739,70.69565217391305,69.73913043478261,69.21739130434783,67.56521739130434,62.08695652173913,65.21739130434783,49.30434782608695,66.1304347826087,67.91304347826087,62.391304347826086,71.47826086956522,48.30434782608695,49.65217391304348,43.73913043478261,13.130434782608695,13.0,13.08695652173913,13.217391304347826,14.478260869565217
Angola,2020,16,26.0,178.1875,74.375,57.1875,51.75,57.0,64.6875,51.4375,67.0,56.625,48.0,58.625,67.0625,76.875,78.75,73.25,65.625,72.25,65.125,72.25,67.0,70.4375,53.375,65.6875,49.0,61.0,55.8125,55.5625,65.8125,50.0,49.5625,47.8125,11.5625,9.1875,10.25,10.625,9.625
Antigua and Barbuda,2020,7,22.857142857142858,178.71428571428572,73.57142857142857,53.71428571428572,40.285714285714285,48.71428571428572,54.0,31.857142857142858,56.85714285714285,44.142857142857146,35.0,48.42857142857143,54.42857142857143,78.71428571428571,78.71428571428571,66.42857142857143,54.0,65.71428571428571,47.57142857142857,70.57142857142857,70.0,65.85714285714286,41.71428571428572,50.57142857142857,48.142857142857146,50.57142857142857,51.285714285714285,41.0,52.42857142857143,47.0,51.0,48.85714285714285,9.285714285714286,11.428571428571429,11.857142857142858,11.0,11.428571428571429
Argentina,2020,23,26.869565217391305,180.17391304347825,75.56521739130434,64.04347826086956,57.391304347826086,59.91304347826087,71.82608695652173,54.56521739130435,69.52173913043478,63.26086956521739,55.08695652173913,65.52173913043478,72.43478260869566,70.65217391304348,70.30434782608695,72.21739130434783,76.56521739130434,70.1304347826087,71.04347826086956,70.78260869565217,71.30434782608695,71.04347826086956,60.73913043478261,69.3913043478261,54.60869565217392,63.82608695652174,69.21739130434783,56.17391304347826,74.95652173913044,54.26086956521739,56.30434782608695,54.47826086956522,18.82608695652174,18.956521739130437,18.130434782608692,19.565217391304348,20.43478260869565
Armenia,2020,8,26.625,179.5,75.125,59.25,58.125,53.75,66.0,54.625,65.25,58.25,50.125,59.0,67.0,68.875,69.375,69.375,62.5,70.625,66.125,67.0,65.75,64.875,58.5,56.5,43.125,61.5,60.5,64.125,64.375,44.375,40.5,39.875,11.0,11.25,10.25,10.0,9.125
Australia,2020,23,26.565217391304348,180.82608695652172,75.91304347826087,57.391304347826086,54.0,51.78260869565217,62.56521739130435,48.17391304347826,60.52173913043478,56.82608695652174,42.73913043478261,56.47826086956522,62.869565217391305,71.95652173913044,70.08695652173913,69.8695652173913,66.73913043478261,66.65217391304348,63.17391304347826,68.52173913043478,68.26086956521739,68.3913043478261,53.60869565217392,60.69565217391305,49.65217391304348,56.21739130434783,61.0,52.30434782608695,65.73913043478261,48.869565217391305,49.78260869565217,48.34782608695652,19.782608695652176,18.608695652173918,18.73913043478261,19.043478260869566,19.608695652173918
Austria,2020,23,26.130434782608692,184.0434782608696,79.56521739130434,57.34782608695652,52.56521739130435,58.04347826086956,65.65217391304348,51.30434782608695,61.69565217391305,56.47826086956522,53.34782608695652,60.91304347826087,65.17391304347827,65.95652173913044,69.0,65.47826086956522,72.78260869565217,63.60869565217392,68.47826086956522,65.82608695652173,70.95652173913044,71.91304347826087,59.56521739130435,64.26086956521739,56.0,58.0,62.52173913043478,51.869565217391305,66.34782608695652,55.78260869565217,56.95652173913044,55.04347826086956,18.82608695652174,18.39130434782609,17.652173913043477,19.26086956521739,19.47826086956522
Azerbaijan,2020,6,25.5,185.33333333333331,75.83333333333333,49.0,52.16666666666666,55.333333333333336,60.0,53.16666666666666,58.5,53.333333333333336,46.833333333333336,51.0,61.16666666666666,66.0,67.33333333333333,65.0,60.66666666666666,62.0,65.66666666666667,65.5,61.66666666666666,68.66666666666667,51.5,57.0,34.5,56.0,55.333333333333336,58.833333333333336,55.333333333333336,37.5,41.66666666666666,40.0,9.333333333333334,10.666666666666666,9.5,9.166666666666666,10.333333333333334
Bahrain,2020,1,26.0,194.0,87.0,37.0,68.0,71.0,58.0,66.0,73.0,53.0,60.0,51.0,74.0,73.0,74.0,66.0,64.0,45.0,70.0,68.0,60.0,83.0,65.0,55.0,32.0,74.0,57.0,67.0,70.0,32.0,41.0,24.0,6.0,6.0,7.0,6.0,12.0
Barbados,2020,1,32.0,183.0,77.0,58.0,63.0,55.0,56.0,54.0,63.0,35.0,36.0,50.0,61.0,78.0,78.0,77.0,62.0,63.0,65.0,54.0,79.0,73.0,50.0,62.0,26.0,60.0,58.0,64.0,60.0,25.0,27.0,22.0,16.0,6.0,8.0,14.0,9.0
Belgium,2020,23,27.39130434782609,185.3913043478261,80.56521739130434,66.0,62.91304347826087,60.65217391304348,72.69565217391305,60.60869565217392,68.47826086956522,64.8695652173913,58.69565217391305,67.43478260869566,72.34782608695652,68.95652173913044,71.0,68.56521739130434,79.95652173913044,63.17391304347826,76.04347826086956,70.0,68.65217391304348,72.26086956521739,65.47826086956522,63.08695652173913,51.65217391304348,65.91304347826087,68.95652173913044,62.17391304347826,76.47826086956522,50.95652173913044,51.47826086956522,48.56521739130435,19.565217391304348,18.869565217391305,18.39130434782609,19.43478260869565,19.39130434782609
Belize,2020,1,26.0,180.0,82.0,51.0,65.0,71.0,62.0,59.0,61.0,44.0,23.0,49.0,59.0,70.0,73.0,65.0,63.0,67.0,66.0,76.0,50.0,77.0,55.0,69.0,30.0,66.0,58.0,50.0,52.0,53.0,42.0,27.0,6.0,5.0,6.0,10.0,8.0
Benin,2020,15,27.266666666666666,183.86666666666667,78.13333333333334,48.86666666666667,48.333333333333336,58.0,56.66666666666666,44.6,52.66666666666666,46.13333333333333,40.86666666666667,50.46666666666667,56.46666666666667,62.13333333333333,63.53333333333333,62.266666666666666,61.8,59.06666666666667,59.2,68.53333333333333,63.46666666666667,72.86666666666666,46.4,62.53333333333333,44.8,47.8,51.66666666666666,48.266666666666666,60.53333333333333,42.86666666666667,46.86666666666667,43.13333333333333,16.666666666666668,19.33333333333333,18.33333333333333,19.133333333333333,18.0
Bermuda,2020,3,28.0,180.0,78.66666666666667,48.66666666666666,48.0,53.333333333333336,55.333333333333336,48.0,52.66666666666666,47.0,47.333333333333336,50.333333333333336,57.0,68.66666666666667,69.33333333333333,66.66666666666667,58.333333333333336,66.0,55.0,68.33333333333333,63.66666666666666,71.66666666666667,47.0,58.0,52.0,50.66666666666666,53.333333333333336,52.333333333333336,56.0,41.0,52.0,43.333333333333336,10.333333333333334,8.666666666666666,9.0,9.666666666666666,9.666666666666666
Bolivia,2020,23,25.869565217391305,178.0,72.78260869565217,50.0,40.52173913043478,50.73913043478261,56.78260869565217,38.17391304347826,51.78260869565217,39.56521739130435,37.08695652173913,51.869565217391305,52.30434782608695,60.73913043478261,60.34782608695652,57.0,59.52173913043478,66.69565217391305,50.26086956521739,60.82608695652174,70.82608695652173,54.91304347826087,40.08695652173913,50.34782608695652,47.17391304347826,45.04347826086956,46.82608695652174,46.73913043478261,53.130434782608695,49.21739130434783,48.91304347826087,47.26086956521739,16.782608695652176,17.26086956521739,17.391304347826086,18.30434782608696,17.91304347826087
Bosnia and Herzegovina,2020,23,28.608695652173918,183.91304347826087,77.47826086956522,62.82608695652174,58.26086956521739,60.60869565217392,72.17391304347827,57.869565217391305,68.6086956521739,64.30434782608695,59.60869565217392,67.47826086956522,71.91304347826087,63.65217391304348,65.26086956521739,66.56521739130434,71.91304347826087,63.78260869565217,74.52173913043478,65.95652173913044,71.21739130434783,73.21739130434783,66.04347826086956,69.30434782608695,59.26086956521739,62.73913043478261,66.78260869565217,61.69565217391305,70.8695652173913,59.869565217391305,59.130434782608695,54.73913043478261,14.73913043478261,13.565217391304348,13.782608695652174,13.608695652173912,13.391304347826088
Brazil,2020,23,30.65217391304348,181.08695652173915,76.3913043478261,58.56521739130435,55.73913043478261,60.869565217391305,67.56521739130434,56.60869565217392,64.6086956521739,60.82608695652174,57.78260869565217,62.30434782608695,67.56521739130434,73.3913043478261,73.47826086956522,68.34782608695652,79.8695652173913,65.21739130434783,67.43478260869566,66.6086956521739,71.73913043478261,71.1304347826087,59.26086956521739,63.95652173913044,54.08695652173913,57.869565217391305,67.17391304347827,61.95652173913044,73.6086956521739,52.82608695652174,52.130434782608695,51.08695652173913,19.73913043478261,20.869565217391305,19.956521739130437,20.043478260869566,19.47826086956522
Bulgaria,2020,23,28.08695652173913,180.82608695652172,73.91304347826087,47.73913043478261,43.26086956521739,51.69565217391305,55.130434782608695,39.43478260869565,51.43478260869565,42.08695652173913,40.391304347826086,49.391304347826086,56.30434782608695,62.391304347826086,62.130434782608695,57.391304347826086,57.82608695652174,62.91304347826087,54.17391304347826,64.65217391304348,59.91304347826087,60.95652173913044,42.78260869565217,54.43478260869565,45.73913043478261,49.08695652173913,48.73913043478261,45.869565217391305,54.869565217391305,46.34782608695652,48.26086956521739,46.60869565217392,18.347826086956523,17.52173913043478,16.608695652173914,17.0,17.956521739130434
Burkina Faso,2020,16,23.1875,180.375,73.4375,51.375,47.5625,53.1875,59.25,45.3125,60.0,44.125,38.3125,49.6875,61.3125,71.0,71.3125,68.625,61.0625,66.0,60.1875,69.25,63.5625,65.3125,47.0,58.3125,41.0,52.25,52.375,51.6875,59.6875,40.4375,43.0625,39.625,13.625,14.3125,13.9375,14.9375,14.4375
Burundi,2020,4,24.0,174.0,73.75,50.25,60.0,48.75,54.0,51.5,65.25,51.0,44.25,50.75,66.0,80.5,81.25,69.0,59.0,70.75,64.5,60.0,55.5,58.5,56.75,44.5,33.75,60.25,54.5,55.0,60.0,27.75,35.5,35.5,8.75,10.0,12.5,9.75,14.0
Cameroon,2020,23,26.695652173913043,182.7391304347826,79.8695652173913,51.43478260869565,47.95652173913044,56.0,62.869565217391305,44.17391304347826,60.73913043478261,50.17391304347826,41.52173913043478,57.69565217391305,63.26086956521739,70.73913043478261,71.73913043478261,69.56521739130434,68.52173913043478,66.56521739130434,66.0,69.34782608695652,68.73913043478261,75.3913043478261,50.04347826086956,62.30434782608695,48.869565217391305,54.95652173913044,57.43478260869565,49.21739130434783,63.869565217391305,47.65217391304348,49.43478260869565,45.60869565217392,20.043478260869566,18.782608695652176,17.869565217391305,18.47826086956522,18.956521739130437
Canada,2020,23,25.217391304347824,181.30434782608697,78.26086956521739,49.08695652173913,45.73913043478261,54.82608695652174,61.26086956521739,41.91304347826087,58.69565217391305,48.91304347826087,38.391304347826086,55.43478260869565,60.60869565217392,67.69565217391305,68.69565217391305,65.26086956521739,64.17391304347827,64.95652173913044,59.65217391304348,69.34782608695652,66.65217391304348,71.21739130434783,46.26086956521739,60.869565217391305,47.73913043478261,49.52173913043478,57.130434782608695,47.95652173913044,62.56521739130435,47.95652173913044,49.65217391304348,44.82608695652174,18.217391304347824,17.869565217391305,16.52173913043478,17.956521739130434,18.52173913043478
Cape Verde,2020,20,27.35,180.95,76.85,56.65,56.7,62.05,65.1,52.15,64.75,55.0,48.9,56.5,68.1,69.9,69.4,69.1,66.6,67.55,64.4,68.6,69.4,68.45,56.3,61.75,43.7,58.45,60.2,57.3,63.5,44.5,44.25,41.95,10.65,10.35,11.7,11.05,9.4
Central African Republic,2020,4,24.75,187.25,81.75,44.5,50.5,68.5,65.25,42.25,61.75,49.75,43.25,60.0,65.75,64.75,66.0,54.75,67.0,51.0,64.5,69.0,69.75,84.5,51.25,67.0,57.5,63.25,59.5,42.75,63.75,56.0,59.75,54.75,10.5,10.25,10.25,7.5,11.25
Chad,2020,1,26.0,186.0,81.0,69.0,71.0,63.0,69.0,71.0,72.0,65.0,53.0,58.0,69.0,90.0,91.0,70.0,70.0,59.0,79.0,81.0,86.0,78.0,72.0,69.0,24.0,70.0,64.0,70.0,67.0,21.0,25.0,23.0,6.0,11.0,9.0,15.0,9.0
Chile,2020,23,28.347826086956523,179.3913043478261,76.1304347826087,59.21739130434783,51.869565217391305,60.0,67.26086956521739,50.17391304347826,62.869565217391305,54.78260869565217,50.04347826086956,63.04347826086956,67.30434782608695,68.30434782608695,66.91304347826087,66.78260869565217,72.30434782608695,66.3913043478261,68.1304347826087,72.47826086956522,71.08695652173913,74.04347826086956,56.391304347826086,68.82608695652173,57.65217391304348,59.95652173913044,63.130434782608695,56.17391304347826,70.0,54.60869565217392,58.391304347826086,56.0,18.17391304347826,17.73913043478261,17.782608695652176,19.17391304347826,19.217391304347824
China,2020,23,27.217391304347824,183.0,75.0,50.43478260869565,48.47826086956522,54.04347826086956,56.30434782608695,41.43478260869565,54.30434782608695,50.869565217391305,46.17391304347826,55.30434782608695,56.08695652173913,68.21739130434783,65.3913043478261,64.34782608695652,62.60869565217392,63.43478260869565,61.95652173913044,65.3913043478261,65.82608695652173,68.04347826086956,49.08695652173913,58.21739130434783,47.04347826086956,51.60869565217392,58.52173913043478,47.08695652173913,59.82608695652174,48.21739130434783,47.82608695652174,46.34782608695652,18.695652173913043,18.0,18.39130434782609,18.52173913043478,18.130434782608692
Colombia,2020,23,27.043478260869566,182.1304347826087,77.17391304347827,55.130434782608695,52.43478260869565,62.43478260869565,67.0,47.82608695652174,63.52173913043478,50.65217391304348,45.78260869565217,59.21739130434783,67.26086956521739,67.43478260869566,69.65217391304348,67.82608695652173,73.6086956521739,63.69565217391305,65.26086956521739,71.21739130434783,69.69565217391305,73.52173913043478,52.43478260869565,65.30434782608695,53.69565217391305,58.52173913043478,59.869565217391305,53.95652173913044,69.65217391304348,54.43478260869565,53.130434782608695,50.56521739130435,19.869565217391305,19.0,18.782608695652176,17.782608695652176,19.565217391304348
Comoros,2020,9,25.55555555555556,173.44444444444446,68.77777777777777,60.0,43.66666666666666,44.66666666666666,62.11111111111112,41.11111111111112,64.22222222222223,56.0,48.22222222222222,55.66666666666666,62.66666666666666,75.66666666666667,74.66666666666667,78.22222222222223,61.888888888888886,82.22222222222223,54.888888888888886,63.888888888888886,69.55555555555556,59.11111111111112,45.22222222222222,55.0,51.888888888888886,51.11111111111112,55.11111111111112,46.0,58.44444444444444,48.44444444444444,52.888888888888886,50.888888888888886,9.88888888888889,11.444444444444445,9.0,11.444444444444445,11.666666666666666
Congo,2020,18,24.666666666666668,184.0,78.22222222222223,42.16666666666666,46.61111111111112,56.22222222222222,55.0,40.77777777777778,52.44444444444444,37.833333333333336,33.666666666666664,47.22222222222222,54.77777777777778,65.0,65.05555555555556,55.888888888888886,61.44444444444444,57.55555555555556,58.27777777777778,64.5,62.44444444444444,73.11111111111111,46.05555555555556,55.66666666666666,43.11111111111112,48.61111111111112,48.833333333333336,46.44444444444444,54.66666666666666,43.44444444444444,40.72222222222222,39.72222222222222,17.944444444444443,16.11111111111111,17.0,15.22222222222222,16.944444444444443
Costa Rica,2020,23,27.0,180.65217391304347,75.21739130434783,53.0,50.130434782608695,54.78260869565217,63.65217391304348,47.69565217391305,60.17391304347826,52.0,47.91304347826087,60.30434782608695,62.78260869565217,69.0,68.78260869565217,66.3913043478261,65.1304347826087,67.0,63.869565217391305,68.78260869565217,68.21739130434783,67.8695652173913,50.30434782608695,66.78260869565217,52.95652173913044,56.08695652173913,56.47826086956522,50.56521739130435,64.34782608695652,54.60869565217392,55.04347826086956,51.91304347826087,13.565217391304348,13.521739130434783,13.0,13.217391304347826,14.26086956521739
Croatia,2020,23,27.43478260869565,185.08695652173915,80.1304347826087,60.08695652173913,55.869565217391305,62.0,70.34782608695652,56.47826086956522,66.47826086956522,58.391304347826086,52.65217391304348,64.1304347826087,70.65217391304348,65.08695652173913,67.8695652173913,66.1304347826087,77.1304347826087,61.0,71.82608695652173,69.43478260869566,70.73913043478261,73.52173913043478,56.869565217391305,68.91304347826087,56.56521739130435,59.26086956521739,68.04347826086956,57.69565217391305,74.43478260869566,57.130434782608695,56.43478260869565,53.56521739130435,20.043478260869566,18.73913043478261,17.47826086956522,19.130434782608692,19.130434782608692
Cuba,2020,4,24.75,178.25,70.75,46.0,39.75,48.0,59.5,39.5,53.75,46.75,34.25,56.25,54.0,61.25,59.5,66.25,62.25,64.75,62.0,62.25,56.75,65.0,46.25,52.25,42.75,46.0,55.5,40.25,58.0,43.25,45.0,43.0,25.0,24.5,22.75,24.25,22.5
Curaçao,2020,16,25.9375,182.4375,76.0625,52.5,47.1875,52.375,55.875,46.625,58.375,48.125,44.25,49.625,59.1875,68.375,72.5625,64.6875,60.9375,64.1875,62.9375,66.6875,63.5,68.0,51.125,54.9375,41.0,48.5625,54.875,50.625,57.25,41.4375,43.125,40.625,19.5625,19.0625,17.6875,17.1875,18.9375
Cyprus,2020,11,23.63636363636364,182.9090909090909,74.72727272727273,48.81818181818182,46.54545454545455,54.36363636363637,56.18181818181818,42.45454545454545,54.63636363636363,45.90909090909091,41.54545454545455,50.0,57.0,63.90909090909091,65.0909090909091,63.81818181818182,57.81818181818182,63.0,57.54545454545455,65.54545454545455,67.0909090909091,67.54545454545455,47.0,57.90909090909091,50.54545454545455,52.45454545454545,52.36363636363637,51.54545454545455,54.09090909090909,51.72727272727273,54.27272727272727,51.54545454545455,10.727272727272728,9.818181818181818,10.363636363636363,10.454545454545457,12.454545454545457
Czech Republic,2020,23,27.08695652173913,183.17391304347825,77.30434782608695,59.21739130434783,52.82608695652174,58.69565217391305,65.78260869565217,53.17391304347826,63.391304347826086,55.391304347826086,48.60869565217392,62.08695652173913,66.04347826086956,67.26086956521739,68.21739130434783,67.1304347826087,72.43478260869566,65.65217391304348,67.3913043478261,69.91304347826087,70.3913043478261,69.95652173913044,58.60869565217392,64.34782608695652,56.82608695652174,58.391304347826086,63.17391304347826,54.04347826086956,69.69565217391305,57.78260869565217,57.73913043478261,55.869565217391305,19.82608695652174,19.565217391304348,18.782608695652176,20.17391304347826,19.47826086956522
DR Congo,2020,23,27.26086956521739,180.6086956521739,75.8695652173913,61.73913043478261,58.73913043478261,62.60869565217392,66.95652173913044,54.60869565217392,70.82608695652173,60.65217391304348,49.47826086956522,61.21739130434783,71.52173913043478,76.78260869565217,77.21739130434783,72.6086956521739,69.0,70.04347826086956,68.6086956521739,73.08695652173913,71.3913043478261,70.8695652173913,61.08695652173913,65.52173913043478,50.21739130434783,62.52173913043478,64.0,55.95652173913044,70.73913043478261,44.34782608695652,50.0,45.56521739130435,9.869565217391305,11.217391304347826,10.08695652173913,10.652173913043478,9.91304347826087
Denmark,2020,23,27.30434782608696,184.34782608695653,79.0,59.30434782608695,56.08695652173913,60.60869565217392,69.65217391304348,55.04347826086956,62.34782608695652,58.73913043478261,55.60869565217392,64.69565217391305,69.43478260869566,67.08695652173913,68.26086956521739,66.0,74.04347826086956,63.82608695652174,71.69565217391305,71.34782608695652,72.0,71.30434782608695,57.78260869565217,64.65217391304348,57.56521739130435,58.869565217391305,68.08695652173913,52.0,69.17391304347827,56.69565217391305,56.91304347826087,51.43478260869565,19.130434782608692,19.130434782608692,19.347826086956523,19.130434782608692,19.52173913043478
Dominican Republic,2020,4,24.75,180.0,74.25,53.0,47.75,56.5,57.5,39.25,63.25,52.5,50.75,49.0,63.0,64.75,67.5,63.5,62.0,70.75,61.25,70.75,66.25,65.0,45.0,63.25,47.0,55.25,51.0,57.5,57.75,48.25,51.75,48.0,9.75,11.75,8.75,9.5,12.0
Ecuador,2020,23,31.608695652173918,181.43478260869568,77.0,52.78260869565217,48.60869565217392,58.08695652173913,60.52173913043478,46.82608695652174,56.69565217391305,50.34782608695652,47.130434782608695,54.65217391304348,62.69565217391305,63.52173913043478,63.0,61.65217391304348,68.8695652173913,59.78260869565217,63.30434782608695,69.08695652173913,66.6086956521739,69.3913043478261,51.34782608695652,63.52173913043478,48.17391304347826,51.91304347826087,51.78260869565217,53.21739130434783,59.43478260869565,43.52173913043478,45.82608695652174,43.95652173913044,19.43478260869565,18.782608695652176,17.82608695652174,17.73913043478261,19.0
Egypt,2020,23,27.869565217391305,181.30434782608697,77.30434782608695,53.130434782608695,49.17391304347826,55.30434782608695,62.869565217391305,46.04347826086956,58.78260869565217,49.82608695652174,47.04347826086956,58.04347826086956,62.08695652173913,64.56521739130434,63.95652173913044,61.65217391304348,66.08695652173913,64.82608695652173,62.26086956521739,60.95652173913044,63.869565217391305,69.47826086956522,51.21739130434783,57.82608695652174,49.60869565217392,50.869565217391305,56.73913043478261,53.08695652173913,64.3913043478261,51.69565217391305,49.47826086956522,46.04347826086956,19.39130434782609,18.73913043478261,18.39130434782609,18.869565217391305,18.130434782608692
El Salvador,2020,4,27.5,174.5,69.25,57.5,59.5,50.25,65.75,55.0,67.25,54.25,49.25,61.25,67.5,64.75,64.75,64.25,64.75,76.0,69.5,50.25,70.0,56.75,60.0,48.5,41.25,63.0,60.75,62.75,65.75,42.0,45.75,42.5,9.5,11.25,10.75,11.0,9.0
England,2020,23,24.956521739130437,183.34782608695653,78.47826086956522,64.3913043478261,56.130434782608695,61.26086956521739,74.65217391304348,53.47826086956522,70.65217391304348,61.73913043478261,55.391304347826086,68.91304347826087,74.6086956521739,71.8695652173913,73.26086956521739,70.30434782608695,80.52173913043478,68.56521739130434,71.30434782608695,71.08695652173913,75.26086956521739,72.56521739130434,58.47826086956522,68.91304347826087,59.04347826086956,65.26086956521739,71.69565217391305,57.869565217391305,77.1304347826087,60.0,61.26086956521739,56.78260869565217,19.347826086956523,19.82608695652174,19.52173913043478,20.043478260869566,19.43478260869565
Equatorial Guinea,2020,6,25.83333333333333,181.66666666666663,74.33333333333333,54.66666666666666,42.0,51.66666666666666,61.833333333333336,40.16666666666666,54.16666666666666,48.5,43.0,58.333333333333336,61.0,68.66666666666667,66.66666666666667,68.16666666666667,60.833333333333336,63.833333333333336,60.5,74.0,64.5,63.0,47.16666666666666,59.16666666666666,49.16666666666666,49.333333333333336,56.16666666666666,46.16666666666666,57.833333333333336,51.16666666666666,49.66666666666666,50.0,18.0,17.166666666666668,18.33333333333333,17.333333333333332,20.166666666666668
Eritrea,2020,1,34.0,189.0,85.0,55.0,69.0,69.0,68.0,74.0,68.0,63.0,58.0,61.0,74.0,56.0,55.0,52.0,70.0,45.0,70.0,48.0,62.0,90.0,60.0,63.0,49.0,78.0,73.0,65.0,76.0,55.0,34.0,20.0,16.0,10.0,14.0,6.0,11.0
Estonia,2020,6,27.0,189.16666666666663,84.83333333333333,42.66666666666666,35.166666666666664,56.16666666666666,53.833333333333336,34.833333333333336,47.16666666666666,45.0,33.833333333333336,53.0,52.333333333333336,51.5,50.5,51.0,59.66666666666666,51.16666666666666,54.0,65.16666666666667,60.66666666666666,77.16666666666667,41.16666666666666,60.66666666666666,58.0,39.0,47.5,42.333333333333336,55.66666666666666,55.16666666666666,57.333333333333336,55.66666666666666,19.666666666666668,21.33333333333333,20.666666666666668,19.0,17.5
Ethiopia,2020,1,33.0,174.0,62.0,66.0,56.0,64.0,64.0,63.0,70.0,58.0,64.0,55.0,68.0,70.0,72.0,85.0,66.0,80.0,78.0,68.0,72.0,34.0,71.0,60.0,56.0,66.0,60.0,38.0,63.0,58.0,57.0,54.0,6.0,6.0,13.0,12.0,9.0
Faroe Islands,2020,5,24.4,184.6,79.8,58.0,55.8,47.8,60.0,46.4,60.8,52.8,44.4,54.2,61.0,73.6,72.0,69.8,57.8,66.8,60.8,62.2,70.6,68.4,52.8,59.8,40.4,59.6,56.4,51.4,54.4,45.6,43.4,39.2,11.8,10.0,10.6,10.6,8.4
Finland,2020,23,26.695652173913043,184.1304347826087,78.82608695652173,50.30434782608695,46.69565217391305,51.08695652173913,58.04347826086956,40.60869565217392,54.95652173913044,49.47826086956522,44.30434782608695,55.21739130434783,57.91304347826087,62.47826086956522,62.91304347826087,60.95652173913044,64.17391304347827,60.869565217391305,60.21739130434783,64.21739130434783,66.56521739130434,69.04347826086956,48.47826086956522,59.30434782608695,51.34782608695652,49.130434782608695,55.78260869565217,43.21739130434783,61.04347826086956,52.26086956521739,51.43478260869565,48.56521739130435,18.17391304347826,18.869565217391305,17.130434782608695,18.565217391304348,19.0
France,2020,23,25.39130434782609,183.2608695652174,78.17391304347827,63.30434782608695,57.69565217391305,63.391304347826086,74.56521739130434,58.08695652173913,67.21739130434783,62.43478260869565,52.95652173913044,69.47826086956522,74.08695652173913,74.56521739130434,75.0,72.47826086956522,82.43478260869566,68.34782608695652,72.69565217391305,77.30434782608695,73.43478260869566,74.04347826086956,59.95652173913044,67.1304347826087,60.391304347826086,63.130434782608695,68.8695652173913,58.78260869565217,78.34782608695652,59.30434782608695,58.26086956521739,56.30434782608695,19.65217391304348,18.47826086956522,18.565217391304348,18.695652173913043,20.52173913043478
Gabon,2020,16,26.125,179.75,75.0625,57.1875,55.0,60.0625,67.0,52.1875,66.5625,51.9375,50.8125,60.0625,68.0,71.1875,71.1875,66.6875,65.5,69.5625,64.8125,63.1875,69.5,68.5625,55.0625,63.3125,53.125,58.8125,62.25,54.125,63.75,51.5,53.125,50.0625,10.6875,11.25,12.1875,9.6875,10.6875
Gambia,2020,22,23.63636363636364,182.45454545454547,74.22727272727273,49.59090909090909,52.18181818181818,57.31818181818182,60.13636363636363,46.27272727272727,60.90909090909091,49.31818181818182,43.18181818181818,52.59090909090909,62.40909090909091,72.63636363636364,73.72727272727273,68.95454545454545,58.22727272727273,66.0909090909091,59.86363636363637,62.81818181818182,65.45454545454545,66.4090909090909,49.0,55.77272727272727,39.45454545454545,55.09090909090909,51.68181818181818,52.45454545454545,59.45454545454545,43.0,42.68181818181818,41.27272727272727,10.045454545454543,10.272727272727272,11.363636363636363,10.727272727272728,11.136363636363637
Georgia,2020,23,25.39130434782609,181.91304347826087,76.04347826086956,56.60869565217392,56.130434782608695,53.56521739130435,64.1304347826087,46.95652173913044,65.3913043478261,56.91304347826087,48.82608695652174,60.0,65.78260869565217,69.73913043478261,68.34782608695652,69.91304347826087,63.869565217391305,69.1304347826087,63.08695652173913,61.65217391304348,67.65217391304348,65.04347826086956,54.0,54.30434782608695,41.65217391304348,57.130434782608695,60.56521739130435,52.52173913043478,62.56521739130435,43.47826086956522,45.21739130434783,43.26086956521739,12.304347826086955,12.347826086956522,12.217391304347826,13.73913043478261,12.695652173913045
Germany,2020,23,25.17391304347826,186.0434782608696,82.17391304347827,64.1304347826087,55.69565217391305,62.65217391304348,76.30434782608695,55.34782608695652,68.04347826086956,57.56521739130435,50.869565217391305,68.8695652173913,73.1304347826087,70.95652173913044,75.73913043478261,66.82608695652173,81.91304347826087,63.73913043478261,73.21739130434783,68.69565217391305,71.34782608695652,75.08695652173913,57.26086956521739,63.52173913043478,60.56521739130435,60.26086956521739,71.0,54.04347826086956,76.8695652173913,59.26086956521739,59.34782608695652,56.08695652173913,20.347826086956523,20.73913043478261,20.217391304347824,19.82608695652174,21.217391304347824
Ghana,2020,23,26.347826086956523,177.95652173913044,74.56521739130434,64.0,58.08695652173913,65.69565217391305,72.17391304347827,58.04347826086956,71.73913043478261,60.391304347826086,47.91304347826087,66.04347826086956,72.6086956521739,77.56521739130434,76.17391304347827,77.65217391304348,72.91304347826087,73.95652173913044,73.17391304347827,79.3913043478261,76.1304347826087,72.0,63.08695652173913,74.21739130434783,62.69565217391305,64.69565217391305,64.34782608695652,55.47826086956522,69.56521739130434,62.17391304347826,66.17391304347827,61.47826086956522,10.73913043478261,9.217391304347826,9.26086956521739,10.043478260869565,9.608695652173912
Gibraltar,2020,1,33.0,183.0,72.0,57.0,25.0,58.0,55.0,34.0,56.0,48.0,40.0,53.0,54.0,72.0,71.0,66.0,58.0,65.0,54.0,70.0,76.0,71.0,35.0,72.0,58.0,54.0,50.0,41.0,57.0,59.0,60.0,59.0,9.0,8.0,9.0,7.0,7.0
Greece,2020,23,26.82608695652174,183.1304347826087,78.21739130434783,54.78260869565217,51.130434782608695,56.82608695652174,64.08695652173913,48.17391304347826,61.08695652173913,54.0,49.30434782608695,61.17391304347826,64.08695652173913,66.73913043478261,68.21739130434783,65.34782608695652,71.21739130434783,63.26086956521739,68.08695652173913,69.1304347826087,67.91304347826087,70.69565217391305,55.78260869565217,64.26086956521739,50.30434782608695,54.69565217391305,58.04347826086956,50.869565217391305,69.34782608695652,53.60869565217392,50.869565217391305,50.0,18.17391304347826,18.782608695652176,17.565217391304348,19.26086956521739,20.043478260869566
Grenada,2020,2,23.5,182.5,77.5,35.5,30.5,60.0,54.0,29.5,44.5,30.0,31.5,47.5,52.0,62.0,61.5,44.5,58.5,53.0,47.5,67.0,61.0,69.0,23.5,59.0,54.0,33.5,42.0,34.0,47.0,56.0,60.5,59.0,9.5,10.5,10.5,10.5,13.0
Guam,2020,1,31.0,175.0,68.0,59.0,49.0,60.0,67.0,48.0,57.0,61.0,55.0,58.0,63.0,69.0,69.0,72.0,68.0,78.0,53.0,79.0,70.0,66.0,36.0,71.0,66.0,55.0,56.0,52.0,64.0,64.0,62.0,63.0,13.0,9.0,16.0,12.0,11.0
Guatemala,2020,2,30.0,188.0,77.5,37.5,31.5,38.0,43.0,27.0,37.0,38.5,30.0,34.5,40.0,58.0,57.5,35.0,62.0,47.0,54.5,58.5,52.0,66.5,29.0,50.5,41.5,36.0,46.5,40.0,45.0,42.0,42.0,39.5,39.0,36.0,38.0,38.5,37.0
Guinea,2020,23,25.956521739130437,182.5217391304348,77.78260869565217,54.69565217391305,52.130434782608695,63.21739130434783,65.6086956521739,49.17391304347826,65.17391304347827,54.0,45.78260869565217,57.130434782608695,67.3913043478261,68.08695652173913,69.08695652173913,68.3913043478261,66.6086956521739,64.69565217391305,65.95652173913044,70.04347826086956,70.78260869565217,73.21739130434783,57.21739130434783,65.43478260869566,52.17391304347826,57.04347826086956,55.73913043478261,55.0,65.73913043478261,52.21739130434783,52.130434782608695,49.65217391304348,10.391304347826088,11.08695652173913,11.695652173913045,10.043478260869565,10.130434782608695
Guinea-Bissau,2020,21,24.38095238095238,181.7142857142857,75.71428571428571,51.142857142857146,45.66666666666666,60.61904761904762,61.19047619047619,46.19047619047619,60.04761904761905,49.76190476190476,45.0,54.76190476190476,62.76190476190476,68.95238095238095,71.0952380952381,67.52380952380952,63.76190476190476,64.52380952380952,64.0952380952381,67.38095238095238,71.85714285714286,69.0,49.23809523809524,67.28571428571429,54.04761904761905,53.95238095238095,50.85714285714285,50.333333333333336,60.0,54.42857142857143,56.523809523809526,51.85714285714285,10.142857142857142,9.952380952380953,11.047619047619047,10.428571428571429,10.047619047619047
Guyana,2020,4,25.0,181.0,74.0,53.0,51.5,55.25,59.25,45.5,62.25,54.75,41.5,51.5,61.75,78.25,76.75,72.25,58.0,69.0,56.25,68.5,68.5,68.0,49.5,62.0,53.5,53.5,52.25,43.5,55.75,44.25,45.75,48.0,10.5,12.5,10.5,11.0,8.5
Haiti,2020,8,23.625,179.75,76.5,54.0,49.25,51.875,60.75,45.25,61.5,49.75,42.375,50.75,62.125,69.0,66.25,64.875,58.625,68.125,60.75,60.0,61.25,63.625,46.5,53.0,41.625,51.75,53.625,48.875,56.875,47.0,44.5,42.25,8.5,10.5,9.5,11.0,9.0
Honduras,2020,14,26.071428571428573,177.64285714285714,74.21428571428571,60.785714285714285,59.0,60.71428571428572,66.42857142857143,53.5,68.78571428571429,60.57142857142857,52.92857142857143,58.71428571428572,67.64285714285714,74.14285714285714,75.57142857142857,72.28571428571429,63.85714285714285,69.64285714285714,68.92857142857143,69.0,67.28571428571429,69.0,59.92857142857143,62.0,45.285714285714285,62.5,63.42857142857143,62.57142857142857,64.28571428571429,43.07142857142857,48.71428571428572,46.07142857142857,11.285714285714286,8.714285714285714,9.5,10.857142857142858,9.571428571428571
Hong Kong,2020,1,31.0,188.0,82.0,22.0,18.0,73.0,49.0,28.0,27.0,21.0,20.0,28.0,43.0,62.0,67.0,61.0,65.0,50.0,37.0,66.0,66.0,78.0,17.0,78.0,62.0,23.0,34.0,38.0,56.0,65.0,66.0,65.0,13.0,6.0,6.0,12.0,6.0
Hungary,2020,23,27.217391304347824,182.95652173913044,77.04347826086956,54.91304347826087,51.47826086956522,53.91304347826087,62.95652173913044,47.78260869565217,59.82608695652174,50.391304347826086,46.17391304347826,56.69565217391305,62.95652173913044,68.34782608695652,67.1304347826087,66.78260869565217,70.65217391304348,64.91304347826087,60.60869565217392,63.65217391304348,64.82608695652173,65.47826086956522,52.65217391304348,60.0,46.78260869565217,52.65217391304348,56.43478260869565,50.56521739130435,65.34782608695652,49.21739130434783,47.0,44.04347826086956,19.08695652173913,17.782608695652176,18.52173913043478,18.608695652173918,19.347826086956523
Iceland,2020,23,28.782608695652176,184.7826086956522,80.3913043478261,53.30434782608695,50.73913043478261,56.30434782608695,61.47826086956522,49.73913043478261,56.65217391304348,54.78260869565217,51.0,57.17391304347826,61.34782608695652,59.391304347826086,61.95652173913044,60.78260869565217,68.56521739130434,65.34782608695652,65.91304347826087,67.08695652173913,66.43478260869566,72.6086956521739,56.08695652173913,62.08695652173913,51.391304347826086,52.52173913043478,60.30434782608695,56.130434782608695,67.65217391304348,49.82608695652174,52.0,48.26086956521739,17.608695652173914,16.956521739130434,17.434782608695652,18.26086956521739,18.30434782608696
India,2020,23,31.347826086956523,179.7826086956522,74.21739130434783,47.43478260869565,40.73913043478261,49.04347826086956,52.08695652173913,40.56521739130435,48.34782608695652,47.21739130434783,44.34782608695652,49.52173913043478,52.0,61.52173913043478,61.130434782608695,60.65217391304348,54.60869565217392,61.65217391304348,53.65217391304348,66.47826086956522,61.47826086956522,63.130434782608695,42.78260869565217,56.73913043478261,46.08695652173913,44.95652173913044,48.65217391304348,45.34782608695652,54.95652173913044,41.60869565217392,44.391304347826086,42.34782608695652,18.565217391304348,18.130434782608692,17.304347826086957,16.782608695652176,17.434782608695652
Indonesia,2020,1,18.0,168.0,65.0,40.0,41.0,40.0,65.0,42.0,52.0,50.0,44.0,64.0,58.0,55.0,66.0,65.0,44.0,67.0,47.0,53.0,35.0,30.0,34.0,38.0,21.0,45.0,61.0,47.0,58.0,19.0,47.0,52.0,10.0,13.0,8.0,15.0,9.0
Iran,2020,15,24.666666666666668,181.46666666666667,74.8,55.0,49.93333333333333,53.6,59.333333333333336,48.6,60.86666666666667,52.8,47.93333333333333,49.66666666666666,62.73333333333333,68.46666666666667,69.06666666666666,66.73333333333333,64.06666666666666,67.6,62.266666666666666,63.53333333333333,63.93333333333333,65.13333333333334,51.93333333333333,53.53333333333333,40.06666666666667,51.06666666666667,56.8,50.6,61.06666666666667,42.46666666666667,42.6,40.4,17.466666666666665,17.2,16.533333333333335,18.266666666666666,17.933333333333334
Iraq,2020,6,27.166666666666668,181.83333333333331,73.16666666666667,62.833333333333336,59.0,53.833333333333336,67.66666666666667,55.0,68.33333333333333,67.83333333333333,63.66666666666666,62.16666666666666,69.83333333333333,70.83333333333333,69.66666666666667,74.16666666666667,69.0,68.66666666666667,71.83333333333333,64.5,73.33333333333333,68.33333333333333,64.16666666666667,67.33333333333333,57.5,61.5,63.66666666666666,58.66666666666666,71.16666666666667,60.333333333333336,57.66666666666666,51.5,12.666666666666666,10.833333333333334,10.166666666666666,9.166666666666666,10.166666666666666
Israel,2020,16,28.25,180.625,74.75,53.0625,55.5625,52.8125,62.1875,51.375,65.1875,54.125,48.0,54.875,64.9375,66.75,68.75,69.125,66.375,65.3125,65.75,67.5,64.3125,66.5,53.9375,51.3125,37.0625,60.125,58.0625,57.0625,64.8125,40.0,40.5,38.875,19.25,17.875,16.4375,18.6875,17.0
Italy,2020,23,26.30434782608696,180.3913043478261,74.34782608695652,61.391304347826086,56.91304347826087,56.08695652173913,72.0,58.95652173913044,71.08695652173913,61.95652173913044,55.95652173913044,65.56521739130434,73.17391304347827,70.56521739130434,69.52173913043478,72.73913043478261,78.73913043478261,69.95652173913044,73.1304347826087,66.6086956521739,71.1304347826087,65.30434782608695,64.65217391304348,65.43478260869566,56.78260869565217,63.08695652173913,69.3913043478261,61.56521739130435,77.30434782608695,60.95652173913044,53.95652173913044,52.43478260869565,18.73913043478261,17.304347826086957,17.52173913043478,18.73913043478261,18.782608695652176
Ivory Coast,2020,23,26.347826086956523,181.3913043478261,75.43478260869566,55.73913043478261,48.869565217391305,56.82608695652174,62.391304347826086,45.34782608695652,62.21739130434783,51.52173913043478,47.130434782608695,56.0,64.43478260869566,68.78260869565217,68.91304347826087,66.82608695652173,69.26086956521739,69.69565217391305,63.47826086956522,67.56521739130434,67.43478260869566,70.6086956521739,52.65217391304348,64.8695652173913,51.17391304347826,56.0,59.73913043478261,52.43478260869565,65.69565217391305,49.08695652173913,53.04347826086956,50.04347826086956,18.217391304347824,18.17391304347826,17.043478260869566,16.391304347826086,17.91304347826087
Jamaica,2020,23,28.869565217391305,182.08695652173915,76.30434782608695,50.26086956521739,51.73913043478261,57.391304347826086,59.08695652173913,45.95652173913044,61.43478260869565,51.04347826086956,43.73913043478261,51.0,62.43478260869565,68.91304347826087,70.21739130434783,66.95652173913044,63.78260869565217,64.08695652173913,63.869565217391305,69.30434782608695,62.91304347826087,71.34782608695652,52.69565217391305,62.69565217391305,42.21739130434783,58.43478260869565,54.95652173913044,52.34782608695652,61.869565217391305,46.21739130434783,46.60869565217392,41.95652173913044,14.217391304347826,13.608695652173912,13.608695652173912,13.26086956521739,13.565217391304348
Japan,2020,23,28.043478260869566,178.0,71.95652173913044,61.82608695652174,58.60869565217392,59.0,70.69565217391305,56.391304347826086,69.21739130434783,59.869565217391305,52.47826086956522,63.21739130434783,70.69565217391305,73.82608695652173,71.1304347826087,75.17391304347827,73.04347826086956,73.78260869565217,64.69565217391305,69.56521739130434,73.82608695652173,62.26086956521739,59.21739130434783,58.47826086956522,51.30434782608695,63.65217391304348,65.34782608695652,57.04347826086956,70.47826086956522,52.65217391304348,52.130434782608695,49.0,12.565217391304348,13.26086956521739,12.956521739130435,12.782608695652174,13.217391304347826
Jordan,2020,2,30.5,178.0,79.0,43.0,21.0,29.0,36.0,26.0,37.0,40.5,35.0,35.5,43.5,53.0,56.5,53.0,61.0,62.5,59.5,65.5,56.0,55.5,27.5,42.5,37.5,28.0,47.0,25.5,40.0,39.0,31.0,34.5,38.0,37.0,43.5,40.0,39.0
Kazakhstan,2020,2,28.5,178.0,73.0,67.0,43.5,64.5,69.0,55.5,61.0,61.0,54.0,64.5,67.0,70.5,64.5,73.0,68.0,72.0,60.5,66.0,70.0,62.0,51.5,60.0,61.5,58.5,60.0,48.0,66.5,60.0,64.0,60.5,10.0,10.0,9.5,9.5,10.0
Kenya,2020,7,25.571428571428573,179.57142857142858,74.28571428571429,52.0,49.57142857142857,53.285714285714285,61.71428571428572,45.0,61.285714285714285,44.42857142857143,44.142857142857146,57.57142857142857,62.142857142857146,69.28571428571429,68.28571428571429,70.14285714285714,63.142857142857146,67.71428571428571,60.71428571428572,68.0,64.85714285714286,63.42857142857143,51.0,57.71428571428572,46.42857142857143,57.285714285714285,55.71428571428572,49.57142857142857,57.285714285714285,51.57142857142857,46.42857142857143,46.0,10.285714285714286,10.714285714285714,10.142857142857142,12.142857142857142,9.714285714285714
Kosovo,2020,23,24.043478260869566,182.7391304347826,74.82608695652173,57.73913043478261,56.869565217391305,52.60869565217392,66.17391304347827,54.78260869565217,67.52173913043478,59.60869565217392,50.26086956521739,60.0,69.21739130434783,69.78260869565217,69.69565217391305,71.1304347826087,66.1304347826087,67.56521739130434,66.82608695652173,63.17391304347826,69.69565217391305,64.04347826086956,60.17391304347826,61.52173913043478,47.34782608695652,61.17391304347826,64.0,54.60869565217392,64.3913043478261,48.43478260869565,49.30434782608695,45.34782608695652,13.608695652173912,12.73913043478261,13.869565217391305,12.478260869565217,12.521739130434783
Latvia,2020,6,26.83333333333333,188.83333333333331,84.66666666666667,30.166666666666668,30.0,45.333333333333336,42.333333333333336,29.0,32.833333333333336,26.5,26.166666666666668,35.833333333333336,37.66666666666666,48.833333333333336,47.833333333333336,44.833333333333336,55.833333333333336,46.833333333333336,46.16666666666666,67.5,57.333333333333336,68.0,28.166666666666668,50.5,36.16666666666666,31.83333333333333,45.0,35.666666666666664,56.333333333333336,37.0,34.666666666666664,34.666666666666664,27.83333333333333,28.0,26.166666666666668,28.166666666666668,29.0
Lebanon,2020,3,26.0,187.66666666666663,80.33333333333333,44.333333333333336,46.66666666666666,59.333333333333336,59.333333333333336,43.333333333333336,55.66666666666666,49.333333333333336,38.66666666666666,54.66666666666666,58.0,64.0,67.0,63.333333333333336,56.333333333333336,59.66666666666666,58.0,61.0,65.66666666666667,76.33333333333333,50.0,56.66666666666666,48.0,47.0,49.333333333333336,42.333333333333336,57.333333333333336,54.0,54.0,51.333333333333336,10.0,11.333333333333334,10.666666666666666,11.666666666666666,9.666666666666666
Liberia,2020,1,26.0,178.0,74.0,53.0,69.0,64.0,58.0,61.0,68.0,52.0,37.0,36.0,64.0,86.0,92.0,68.0,64.0,72.0,66.0,76.0,86.0,72.0,54.0,61.0,29.0,69.0,60.0,64.0,61.0,19.0,14.0,13.0,11.0,11.0,10.0,12.0,14.0
Libya,2020,4,25.5,178.25,72.75,61.75,49.5,47.0,69.25,46.25,72.25,55.0,51.5,63.5,71.75,76.75,72.75,74.5,66.25,68.25,59.25,61.0,68.5,65.75,53.75,57.25,55.25,60.5,64.5,53.25,66.75,48.5,55.5,55.75,11.25,8.75,7.75,9.25,12.25
Liechtenstein,2020,2,25.5,176.5,76.0,61.0,54.5,52.5,61.5,41.0,65.0,62.0,36.0,53.0,65.5,65.5,71.5,70.0,53.5,70.5,64.0,54.5,52.5,58.0,45.5,55.0,38.0,56.5,56.5,51.5,57.5,53.0,45.0,44.0,11.5,10.0,10.5,10.5,11.5
Lithuania,2020,10,25.5,186.1,79.8,40.4,37.8,48.0,48.5,39.2,46.9,38.2,37.5,42.0,48.0,53.3,54.3,55.6,57.4,55.6,53.2,60.0,53.7,64.7,40.1,47.1,37.4,40.8,45.7,43.0,50.4,39.3,37.9,35.3,21.5,20.5,21.9,20.0,22.4
Luxembourg,2020,9,23.88888888888889,183.33333333333331,76.66666666666667,54.77777777777778,46.22222222222222,58.77777777777778,64.0,45.888888888888886,60.11111111111112,50.55555555555556,49.77777777777778,57.55555555555556,63.66666666666666,62.888888888888886,65.44444444444444,62.55555555555556,60.888888888888886,60.888888888888886,60.44444444444444,60.55555555555556,69.77777777777777,67.11111111111111,51.77777777777778,67.0,51.55555555555556,52.55555555555556,54.44444444444444,49.333333333333336,58.44444444444444,52.0,54.0,49.55555555555556,11.77777777777778,8.666666666666666,9.444444444444445,11.333333333333334,11.333333333333334
Macau,2020,1,24.0,183.0,79.0,35.0,26.0,61.0,39.0,26.0,37.0,31.0,28.0,35.0,46.0,61.0,61.0,46.0,48.0,67.0,46.0,68.0,62.0,64.0,25.0,48.0,57.0,31.0,39.0,44.0,44.0,60.0,70.0,68.0,13.0,6.0,11.0,11.0,8.0
Madagascar,2020,8,28.75,179.5,74.75,63.375,40.75,60.25,67.0,41.0,59.125,52.0,47.5,58.875,65.875,76.0,74.0,67.25,66.5,71.125,56.875,71.75,76.125,69.875,46.75,65.5,62.375,51.125,56.0,46.75,62.875,57.0,60.75,62.25,9.875,11.75,10.75,10.0,11.0
Malawi,2020,1,26.0,178.0,73.0,42.0,65.0,54.0,44.0,33.0,67.0,30.0,27.0,38.0,66.0,77.0,74.0,74.0,54.0,71.0,69.0,66.0,63.0,46.0,46.0,22.0,18.0,60.0,51.0,62.0,52.0,21.0,14.0,11.0,7.0,11.0,12.0,8.0,15.0
Mali,2020,23,25.52173913043478,181.34782608695653,73.82608695652173,59.08695652173913,54.17391304347826,60.73913043478261,67.0,46.65217391304348,67.0,55.0,41.869565217391305,58.391304347826086,67.82608695652173,73.6086956521739,75.91304347826087,70.56521739130434,70.82608695652173,67.21739130434783,64.34782608695652,70.21739130434783,73.8695652173913,71.26086956521739,54.34782608695652,66.21739130434783,51.17391304347826,62.08695652173913,60.0,51.869565217391305,67.65217391304348,51.82608695652174,52.65217391304348,51.0,12.956521739130435,13.08695652173913,12.521739130434783,13.08695652173913,12.434782608695652
Malta,2020,2,27.0,174.5,73.0,54.0,50.5,44.0,57.5,41.5,62.5,51.5,42.0,55.5,61.0,62.0,68.0,66.0,53.5,76.5,48.5,56.0,59.0,48.0,53.5,45.5,39.5,56.0,60.0,43.0,62.0,46.5,40.5,39.5,7.0,14.5,10.0,12.5,13.5
Mauritania,2020,6,23.83333333333333,182.33333333333331,75.0,49.16666666666666,31.5,55.833333333333336,61.16666666666666,34.0,51.333333333333336,38.16666666666666,37.5,49.66666666666666,56.833333333333336,60.333333333333336,61.833333333333336,56.5,58.16666666666666,62.833333333333336,45.66666666666666,63.833333333333336,67.83333333333333,73.66666666666667,37.333333333333336,64.83333333333333,62.333333333333336,41.5,45.5,46.0,52.333333333333336,60.333333333333336,66.16666666666667,63.833333333333336,11.5,12.166666666666666,11.333333333333334,9.833333333333334,11.333333333333334
Mauritius,2020,1,30.0,184.0,75.0,67.0,52.0,55.0,66.0,29.0,66.0,69.0,66.0,65.0,70.0,69.0,70.0,78.0,63.0,72.0,53.0,66.0,75.0,67.0,58.0,56.0,60.0,59.0,68.0,51.0,68.0,58.0,60.0,57.0,6.0,15.0,6.0,16.0,16.0
Mexico,2020,23,26.782608695652176,178.7826086956522,72.91304347826087,57.82608695652174,55.130434782608695,57.30434782608695,69.69565217391305,53.91304347826087,65.82608695652173,56.69565217391305,48.30434782608695,64.73913043478261,68.52173913043478,71.52173913043478,70.69565217391305,73.8695652173913,72.52173913043478,69.30434782608695,66.08695652173913,68.56521739130434,71.91304347826087,64.65217391304348,53.43478260869565,60.65217391304348,55.69565217391305,58.60869565217392,67.17391304347827,57.73913043478261,71.21739130434783,56.60869565217392,55.69565217391305,53.34782608695652,18.17391304347826,18.82608695652174,19.47826086956522,18.17391304347826,19.08695652173913
Moldova,2020,12,26.33333333333333,183.25,75.83333333333333,41.333333333333336,35.416666666666664,48.0,52.41666666666666,36.25,42.66666666666666,41.66666666666666,36.91666666666666,46.0,47.833333333333336,52.5,52.75,53.333333333333336,62.333333333333336,57.91666666666666,51.41666666666666,53.91666666666666,55.333333333333336,63.5,37.833333333333336,51.5,43.91666666666666,41.583333333333336,51.5,39.16666666666666,56.0,44.083333333333336,48.0,46.5,24.5,23.75,22.83333333333333,23.33333333333333,24.75
Montenegro,2020,23,26.08695652173913,183.1304347826087,76.91304347826087,54.65217391304348,55.60869565217392,59.56521739130435,64.78260869565217,50.91304347826087,63.391304347826086,53.30434782608695,49.0,55.04347826086956,68.26086956521739,65.30434782608695,66.21739130434783,63.47826086956522,65.95652173913044,60.82608695652174,61.130434782608695,68.69565217391305,65.08695652173913,69.26086956521739,55.95652173913044,58.82608695652174,47.73913043478261,59.869565217391305,59.30434782608695,55.17391304347826,64.0,47.82608695652174,47.95652173913044,45.34782608695652,10.08695652173913,11.26086956521739,10.347826086956522,11.434782608695652,10.521739130434783
Montserrat,2020,3,27.0,181.66666666666663,75.0,54.66666666666666,58.66666666666666,56.0,60.333333333333336,49.66666666666666,62.0,53.66666666666666,58.66666666666666,54.333333333333336,63.66666666666666,73.0,75.0,74.33333333333333,63.333333333333336,66.33333333333333,60.0,58.333333333333336,79.33333333333333,70.0,54.333333333333336,61.66666666666666,51.0,66.0,61.0,55.0,62.0,51.66666666666666,52.0,50.66666666666666,9.333333333333334,15.0,11.333333333333334,12.0,11.333333333333334
Morocco,2020,23,27.82608695652174,183.5217391304348,75.34782608695652,63.60869565217392,59.82608695652174,58.82608695652174,73.47826086956522,60.0,74.30434782608695,66.73913043478261,58.0,68.82608695652173,74.34782608695652,70.1304347826087,69.47826086956522,72.56521739130434,73.34782608695652,64.30434782608695,71.34782608695652,64.0,70.56521739130434,68.34782608695652,64.04347826086956,63.34782608695652,53.73913043478261,64.65217391304348,68.43478260869566,59.73913043478261,71.52173913043478,49.91304347826087,54.869565217391305,50.26086956521739,12.73913043478261,14.304347826086955,13.304347826086955,13.434782608695652,12.956521739130435
Mozambique,2020,4,29.0,181.0,74.75,52.5,40.0,65.5,67.75,45.5,61.75,57.5,41.5,55.0,66.0,67.5,70.75,66.25,72.0,70.0,55.75,81.75,72.25,77.75,53.25,76.5,72.75,47.25,49.75,42.25,66.5,72.0,74.75,72.25,9.75,11.25,12.5,12.25,11.25
Namibia,2020,2,24.5,180.5,78.5,62.5,49.0,54.5,65.5,43.0,69.5,54.5,52.5,53.0,63.5,74.5,78.5,63.5,61.5,68.5,54.5,67.5,78.5,71.0,50.5,52.0,46.0,53.5,50.5,47.5,53.0,49.0,49.5,48.5,10.5,14.0,11.5,9.0,9.5
Netherlands,2020,23,26.043478260869566,183.2173913043478,78.30434782608695,61.95652173913044,56.21739130434783,65.17391304347827,73.47826086956522,54.47826086956522,67.17391304347827,61.130434782608695,54.30434782608695,68.6086956521739,72.91304347826087,70.3913043478261,70.47826086956522,68.30434782608695,79.65217391304348,67.21739130434783,73.82608695652173,76.34782608695652,75.08695652173913,75.43478260869566,60.869565217391305,67.26086956521739,61.17391304347826,60.65217391304348,70.78260869565217,54.95652173913044,77.21739130434783,62.43478260869565,60.869565217391305,57.391304347826086,20.17391304347826,19.73913043478261,18.26086956521739,19.608695652173918,19.73913043478261
New Caledonia,2020,2,30.5,182.0,80.5,57.5,45.0,66.5,63.5,35.5,43.0,45.0,35.0,51.5,64.0,64.0,58.0,67.0,63.5,61.0,55.0,77.0,64.0,79.5,46.0,66.5,46.0,50.0,50.0,55.5,55.0,49.5,48.5,45.0,11.5,12.5,7.5,10.5,9.0
New Zealand,2020,23,25.30434782608696,182.3913043478261,77.56521739130434,49.47826086956522,46.08695652173913,52.21739130434783,57.869565217391305,40.52173913043478,53.34782608695652,48.17391304347826,44.91304347826087,54.08695652173913,56.21739130434783,64.04347826086956,65.56521739130434,63.60869565217392,62.21739130434783,62.130434782608695,56.04347826086956,66.08695652173913,64.21739130434783,67.47826086956522,46.30434782608695,58.78260869565217,49.47826086956522,51.60869565217392,54.130434782608695,47.869565217391305,60.04347826086956,48.52173913043478,49.04347826086956,46.65217391304348,18.43478260869565,17.17391304347826,17.17391304347826,16.956521739130434,18.08695652173913
Niger,2020,3,22.0,177.33333333333334,73.33333333333333,48.66666666666666,40.0,51.66666666666666,49.66666666666666,38.333333333333336,55.333333333333336,41.66666666666666,36.333333333333336,44.66666666666666,51.66666666666666,72.66666666666667,71.33333333333333,66.0,52.0,69.66666666666667,46.333333333333336,65.66666666666667,66.33333333333333,57.66666666666666,38.333333333333336,62.66666666666666,38.0,52.66666666666666,45.0,50.0,52.66666666666666,38.0,42.0,43.0,9.333333333333334,6.0,10.333333333333334,10.0,8.333333333333334
Nigeria,2020,23,25.043478260869566,181.0434782608696,75.52173913043478,60.34782608695652,57.47826086956522,66.73913043478261,69.30434782608695,55.21739130434783,71.1304347826087,57.47826086956522,46.391304347826086,61.60869565217392,72.0,77.08695652173913,76.52173913043478,72.08695652173913,72.08695652173913,70.1304347826087,70.52173913043478,75.69565217391305,74.78260869565217,70.43478260869566,61.04347826086956,66.56521739130434,51.60869565217392,62.130434782608695,60.21739130434783,55.65217391304348,71.21739130434783,52.869565217391305,56.60869565217392,51.73913043478261,10.521739130434783,10.565217391304348,10.826086956521738,11.956521739130435,10.695652173913045
North Korea,2020,4,29.5,180.0,76.25,53.5,65.25,62.5,64.0,58.75,65.0,59.0,57.5,54.0,66.25,57.25,61.25,62.75,66.0,63.25,64.0,67.5,57.5,69.0,65.0,55.25,33.75,62.0,63.5,61.0,63.5,37.25,39.5,32.75,12.5,11.0,12.75,12.25,10.5
North Macedonia,2020,22,26.09090909090909,182.8181818181818,75.63636363636364,49.04545454545455,54.72727272727273,54.09090909090909,59.09090909090909,47.45454545454545,60.13636363636363,51.22727272727273,44.59090909090909,52.63636363636363,60.13636363636363,63.27272727272727,62.81818181818182,61.09090909090909,64.04545454545455,62.86363636363637,62.72727272727273,61.72727272727273,61.27272727272727,66.45454545454545,52.59090909090909,55.68181818181818,41.36363636363637,54.72727272727273,56.31818181818182,51.36363636363637,60.95454545454545,44.40909090909091,42.63636363636363,41.0,18.545454545454547,17.681818181818183,17.59090909090909,18.681818181818183,19.772727272727277
Northern Ireland,2020,23,27.869565217391305,183.43478260869568,76.30434782608695,52.95652173913044,47.869565217391305,57.391304347826086,59.60869565217392,42.82608695652174,55.56521739130435,48.130434782608695,43.26086956521739,53.60869565217392,60.26086956521739,63.08695652173913,63.04347826086956,63.43478260869565,65.73913043478261,63.34782608695652,59.34782608695652,67.30434782608695,66.1304347826087,66.43478260869566,46.73913043478261,61.130434782608695,51.34782608695652,50.08695652173913,59.08695652173913,49.0,62.04347826086956,52.869565217391305,51.69565217391305,50.21739130434783,18.47826086956522,17.17391304347826,16.82608695652174,17.82608695652174,19.26086956521739
Norway,2020,23,26.17391304347826,183.69565217391303,77.91304347826087,56.82608695652174,53.69565217391305,56.65217391304348,64.6086956521739,51.73913043478261,61.869565217391305,55.91304347826087,51.21739130434783,60.47826086956522,66.08695652173913,66.78260869565217,69.17391304347827,66.08695652173913,70.26086956521739,65.3913043478261,65.65217391304348,65.17391304347827,71.43478260869566,68.95652173913044,56.34782608695652,60.69565217391305,51.91304347826087,58.0,64.6086956521739,49.78260869565217,68.52173913043478,51.26086956521739,49.65217391304348,47.47826086956522,19.43478260869565,18.782608695652176,17.82608695652174,19.130434782608692,19.17391304347826
Palestine,2020,4,27.25,182.0,76.25,51.25,59.25,53.75,58.25,51.0,62.0,55.75,44.5,51.25,62.5,66.0,67.25,65.75,57.75,68.5,62.0,63.5,61.25,64.5,58.25,50.25,27.5,59.5,56.5,59.5,56.75,40.5,29.25,28.25,11.25,10.25,8.75,9.5,10.75
Panama,2020,12,25.83333333333333,179.08333333333334,76.5,50.66666666666666,48.083333333333336,55.16666666666666,62.5,42.66666666666666,58.0,47.5,42.583333333333336,55.5,62.083333333333336,64.5,65.91666666666667,65.08333333333333,62.16666666666666,64.75,60.833333333333336,63.0,65.66666666666667,65.5,50.75,63.25,46.91666666666666,55.41666666666666,51.66666666666666,51.41666666666666,58.333333333333336,46.083333333333336,48.0,47.083333333333336,9.083333333333334,10.5,10.166666666666666,10.166666666666666,11.083333333333334
Paraguay,2020,23,27.043478260869566,180.04347826086956,76.1304347826087,57.17391304347826,52.17391304347826,55.60869565217392,64.6086956521739,47.34782608695652,61.04347826086956,52.95652173913044,49.78260869565217,58.34782608695652,64.0,65.6086956521739,66.95652173913044,64.95652173913044,69.1304347826087,64.30434782608695,66.3913043478261,69.21739130434783,67.34782608695652,68.04347826086956,54.08695652173913,61.73913043478261,49.34782608695652,57.17391304347826,59.56521739130435,53.34782608695652,65.69565217391305,48.21739130434783,47.47826086956522,45.47826086956522,18.30434782608696,17.608695652173914,18.47826086956522,19.30434782608696,18.608695652173918
Peru,2020,23,26.565217391304348,177.56521739130434,73.65217391304348,55.21739130434783,47.08695652173913,56.869565217391305,63.04347826086956,49.130434782608695,60.869565217391305,53.34782608695652,50.869565217391305,58.73913043478261,62.65217391304348,68.0,67.04347826086956,67.8695652173913,64.34782608695652,68.3913043478261,65.1304347826087,68.69565217391305,65.95652173913044,62.47826086956522,52.869565217391305,56.91304347826087,49.17391304347826,53.60869565217392,58.91304347826087,51.69565217391305,62.82608695652174,49.60869565217392,51.60869565217392,48.52173913043478,18.956521739130437,18.47826086956522,18.043478260869566,18.65217391304348,18.608695652173918
Philippines,2020,2,26.0,184.0,78.5,36.5,33.0,28.5,48.5,24.0,41.0,30.0,29.0,42.5,48.0,63.5,60.5,66.5,69.0,68.5,50.5,58.5,51.5,64.5,31.0,42.5,41.0,38.5,54.5,45.0,60.5,35.0,34.5,33.0,42.0,40.0,37.0,42.5,41.5
Poland,2020,23,27.73913043478261,182.95652173913044,78.0,54.95652173913044,49.78260869565217,58.52173913043478,64.08695652173913,47.21739130434783,59.52173913043478,52.65217391304348,47.08695652173913,60.04347826086956,64.52173913043478,68.30434782608695,68.30434782608695,66.78260869565217,71.26086956521739,65.26086956521739,63.04347826086956,73.08695652173913,67.43478260869566,71.47826086956522,52.56521739130435,65.34782608695652,57.130434782608695,55.69565217391305,59.47826086956522,50.391304347826086,68.47826086956522,53.95652173913044,55.95652173913044,51.91304347826087,20.347826086956523,20.08695652173913,18.608695652173918,19.782608695652176,19.782608695652176
Portugal,2020,23,27.26086956521739,181.08695652173915,75.1304347826087,62.91304347826087,57.60869565217392,58.52173913043478,72.34782608695652,57.65217391304348,70.56521739130434,62.391304347826086,54.26086956521739,66.1304347826087,72.17391304347827,70.30434782608695,68.95652173913044,73.0,80.1304347826087,68.52173913043478,73.56521739130434,71.73913043478261,76.95652173913044,68.0,61.82608695652174,68.6086956521739,59.130434782608695,63.95652173913044,70.17391304347827,57.21739130434783,78.56521739130434,55.869565217391305,58.17391304347826,52.26086956521739,19.608695652173918,18.869565217391305,19.956521739130437,19.43478260869565,20.217391304347824
Puerto Rico,2020,1,27.0,183.0,77.0,65.0,40.0,61.0,68.0,44.0,67.0,55.0,30.0,70.0,68.0,70.0,72.0,64.0,62.0,66.0,57.0,72.0,76.0,74.0,47.0,70.0,67.0,55.0,61.0,38.0,68.0,72.0,71.0,70.0,10.0,14.0,14.0,10.0,9.0
Republic of Ireland,2020,23,27.956521739130437,182.3913043478261,76.91304347826087,57.391304347826086,53.56521739130435,59.869565217391305,63.91304347826087,48.08695652173913,61.391304347826086,51.43478260869565,47.52173913043478,58.30434782608695,63.73913043478261,65.73913043478261,65.3913043478261,65.73913043478261,70.21739130434783,65.6086956521739,64.52173913043478,71.65217391304348,68.26086956521739,69.8695652173913,53.04347826086956,65.82608695652173,53.34782608695652,57.52173913043478,60.17391304347826,54.26086956521739,65.82608695652173,55.08695652173913,53.56521739130435,51.130434782608695,19.043478260869566,19.26086956521739,18.347826086956523,18.565217391304348,18.52173913043478
Romania,2020,23,26.65217391304348,182.17391304347825,75.95652173913044,53.52173913043478,54.130434782608695,55.21739130434783,62.43478260869565,49.78260869565217,58.43478260869565,54.17391304347826,53.47826086956522,58.52173913043478,62.47826086956522,66.91304347826087,63.60869565217392,69.56521739130434,69.04347826086956,63.30434782608695,68.08695652173913,65.17391304347827,67.3913043478261,69.65217391304348,56.52173913043478,59.78260869565217,47.69565217391305,55.52173913043478,62.26086956521739,53.47826086956522,65.34782608695652,43.04347826086956,47.69565217391305,44.78260869565217,18.47826086956522,18.91304347826087,18.782608695652176,19.043478260869566,19.39130434782609
Russia,2020,23,27.82608695652174,184.3913043478261,78.78260869565217,58.34782608695652,54.47826086956522,54.91304347826087,67.95652173913044,49.0,62.78260869565217,55.04347826086956,51.21739130434783,63.43478260869565,65.34782608695652,70.82608695652173,70.91304347826087,65.6086956521739,71.82608695652173,64.17391304347827,64.56521739130434,65.52173913043478,68.95652173913044,69.52173913043478,55.52173913043478,59.82608695652174,56.869565217391305,57.73913043478261,64.21739130434783,53.60869565217392,69.95652173913044,53.21739130434783,55.34782608695652,54.21739130434783,20.608695652173918,18.47826086956522,20.565217391304348,19.043478260869566,20.43478260869565
Rwanda,2020,2,22.0,182.5,78.0,47.0,37.0,64.0,51.0,45.5,45.5,41.5,46.5,47.0,49.5,66.0,60.5,62.0,55.5,62.5,56.0,75.5,60.5,75.0,41.5,69.0,60.0,43.5,47.5,44.5,56.0,61.5,63.0,61.0,7.0,12.0,9.5,7.5,7.5
Saint Kitts and Nevis,2020,4,28.0,186.5,72.75,49.5,43.75,53.75,60.5,41.5,60.0,46.0,42.5,54.25,61.75,67.0,67.75,65.5,58.0,68.25,52.0,64.75,65.5,67.0,48.5,49.0,50.0,48.0,54.25,47.75,55.75,56.5,51.75,49.0,11.25,9.25,10.5,12.5,9.0
Saint Lucia,2020,1,25.0,183.0,75.0,55.0,24.0,62.0,56.0,36.0,52.0,24.0,24.0,44.0,55.0,78.0,78.0,62.0,60.0,61.0,50.0,73.0,67.0,75.0,35.0,70.0,61.0,45.0,45.0,46.0,59.0,61.0,64.0,62.0,13.0,12.0,6.0,16.0,14.0
Saudi Arabia,2020,23,27.52173913043478,176.30434782608697,68.52173913043478,55.04347826086956,49.69565217391305,52.95652173913044,63.130434782608695,45.91304347826087,59.47826086956522,53.0,48.60869565217392,58.73913043478261,63.0,70.08695652173913,68.6086956521739,71.17391304347827,64.3913043478261,70.04347826086956,60.869565217391305,66.8695652173913,69.82608695652173,67.56521739130434,52.21739130434783,59.34782608695652,53.26086956521739,55.43478260869565,58.78260869565217,51.56521739130435,63.08695652173913,53.26086956521739,52.95652173913044,52.56521739130435,16.17391304347826,16.782608695652176,15.347826086956522,16.26086956521739,16.217391304347824
Scotland,2020,23,25.956521739130437,181.69565217391303,77.34782608695652,59.08695652173913,54.56521739130435,53.69565217391305,66.56521739130434,46.34782608695652,63.34782608695652,60.69565217391305,51.21739130434783,62.78260869565217,66.21739130434783,72.21739130434783,71.8695652173913,71.30434782608695,70.04347826086956,69.0,68.56521739130434,69.47826086956522,73.95652173913044,71.95652173913044,58.04347826086956,65.47826086956522,56.21739130434783,56.04347826086956,65.95652173913044,52.65217391304348,69.43478260869566,55.82608695652174,57.04347826086956,52.391304347826086,19.39130434782609,18.347826086956523,18.217391304347824,17.91304347826087,18.130434782608692
Senegal,2020,23,27.39130434782609,183.6086956521739,77.3913043478261,57.73913043478261,59.391304347826086,64.69565217391305,67.6086956521739,53.78260869565217,68.56521739130434,56.47826086956522,50.130434782608695,59.26086956521739,70.3913043478261,71.52173913043478,72.69565217391305,70.82608695652173,74.91304347826087,63.60869565217392,73.04347826086956,71.52173913043478,71.65217391304348,74.91304347826087,59.52173913043478,61.91304347826087,47.95652173913044,64.1304347826087,64.04347826086956,55.43478260869565,72.95652173913044,48.56521739130435,47.78260869565217,45.08695652173913,15.26086956521739,15.130434782608695,15.043478260869565,15.869565217391305,16.565217391304348
Serbia,2020,23,26.869565217391305,186.1304347826087,79.82608695652173,64.26086956521739,58.30434782608695,67.21739130434783,73.73913043478261,58.47826086956522,68.26086956521739,63.78260869565217,61.78260869565217,69.95652173913044,73.0,63.78260869565217,66.0,64.34782608695652,77.1304347826087,62.95652173913044,74.69565217391305,68.34782608695652,73.69565217391305,74.78260869565217,65.6086956521739,70.65217391304348,62.869565217391305,62.04347826086956,67.95652173913044,59.43478260869565,76.26086956521739,62.52173913043478,64.3913043478261,59.391304347826086,13.08695652173913,13.869565217391305,13.08695652173913,13.695652173913045,14.652173913043478
Sierra Leone,2020,10,23.8,180.8,73.0,47.7,54.4,56.7,54.7,51.4,62.2,46.8,38.8,44.5,59.7,77.8,79.3,73.3,57.7,71.0,58.0,72.6,65.7,66.7,51.4,61.2,30.8,58.3,50.7,54.9,56.2,39.1,32.3,32.0,10.2,8.4,10.3,9.2,10.9
Slovakia,2020,23,27.608695652173918,183.56521739130437,76.65217391304348,49.26086956521739,46.52173913043478,53.73913043478261,64.69565217391305,46.0,58.21739130434783,49.52173913043478,44.391304347826086,60.69565217391305,63.43478260869565,63.69565217391305,63.60869565217392,64.52173913043478,70.21739130434783,64.34782608695652,65.65217391304348,68.0,67.17391304347827,69.04347826086956,51.04347826086956,61.43478260869565,54.08695652173913,49.78260869565217,58.91304347826087,49.43478260869565,69.0,56.56521739130435,56.21739130434783,53.56521739130435,21.782608695652176,20.65217391304348,21.782608695652176,21.39130434782609,22.39130434782609
Slovenia,2020,23,26.47826086956522,184.95652173913044,78.8695652173913,51.34782608695652,46.08695652173913,54.26086956521739,62.69565217391305,45.52173913043478,56.56521739130435,50.30434782608695,47.391304347826086,59.69565217391305,61.26086956521739,65.04347826086956,64.21739130434783,62.391304347826086,65.82608695652173,59.30434782608695,62.08695652173913,64.47826086956522,65.73913043478261,71.47826086956522,50.21739130434783,57.21739130434783,50.47826086956522,51.78260869565217,57.130434782608695,49.21739130434783,61.95652173913044,50.95652173913044,49.78260869565217,48.73913043478261,19.608695652173918,19.17391304347826,18.869565217391305,19.347826086956523,18.39130434782609
South Africa,2020,23,27.956521739130437,179.1304347826087,74.56521739130434,51.869565217391305,46.73913043478261,50.95652173913044,61.43478260869565,44.69565217391305,59.91304347826087,46.30434782608695,43.47826086956522,57.391304347826086,60.95652173913044,66.82608695652173,67.26086956521739,58.69565217391305,64.0,66.08695652173913,57.73913043478261,66.73913043478261,65.52173913043478,63.04347826086956,47.130434782608695,53.60869565217392,48.60869565217392,50.82608695652174,54.91304347826087,47.69565217391305,63.95652173913044,55.60869565217392,53.65217391304348,49.78260869565217,18.52173913043478,19.695652173913043,18.695652173913043,17.869565217391305,18.91304347826087
South Korea,2020,23,28.43478260869565,182.17391304347825,75.0,54.82608695652174,52.04347826086956,57.56521739130435,64.8695652173913,50.391304347826086,60.0,57.56521739130435,53.56521739130435,59.47826086956522,63.73913043478261,70.17391304347827,69.0,68.0,71.34782608695652,68.52173913043478,64.1304347826087,65.26086956521739,68.08695652173913,66.43478260869566,56.95652173913044,60.56521739130435,51.130434782608695,59.65217391304348,67.26086956521739,52.82608695652174,67.78260869565217,47.130434782608695,48.47826086956522,43.47826086956522,18.217391304347824,18.26086956521739,18.26086956521739,18.130434782608692,18.956521739130437
South Sudan,2020,1,26.0,201.0,85.0,34.0,59.0,50.0,45.0,43.0,58.0,58.0,28.0,27.0,58.0,73.0,78.0,61.0,45.0,56.0,60.0,73.0,40.0,74.0,54.0,30.0,23.0,59.0,57.0,50.0,46.0,22.0,20.0,15.0,9.0,6.0,7.0,10.0,9.0
Spain,2020,23,26.73913043478261,180.95652173913044,75.04347826086956,68.04347826086956,59.91304347826087,61.56521739130435,77.78260869565217,55.65217391304348,70.3913043478261,69.56521739130434,57.82608695652174,73.3913043478261,75.47826086956522,70.91304347826087,70.78260869565217,73.21739130434783,81.91304347826087,69.73913043478261,71.8695652173913,69.17391304347827,74.52173913043478,68.04347826086956,62.34782608695652,66.04347826086956,63.69565217391305,67.69565217391305,75.91304347826087,57.21739130434783,79.04347826086956,61.95652173913044,61.56521739130435,59.30434782608695,20.565217391304348,20.695652173913043,19.608695652173918,19.39130434782609,20.130434782608692
Sudan,2020,4,22.5,177.5,71.0,49.25,58.5,48.0,53.5,48.75,60.0,49.75,44.5,40.75,58.25,76.75,76.25,74.5,50.75,72.25,59.25,65.25,64.75,62.5,55.25,36.0,22.0,59.25,50.75,51.5,56.5,30.25,23.5,25.25,8.5,9.5,8.75,10.25,9.0
Suriname,2020,2,31.0,181.5,80.5,60.5,41.5,61.0,66.5,42.5,65.5,54.5,47.5,61.5,66.0,63.0,67.0,60.0,65.5,58.5,69.5,76.5,77.5,79.0,63.0,75.0,62.0,54.5,56.0,43.0,56.0,62.5,65.5,66.0,11.5,9.5,9.5,12.5,11.5
Sweden,2020,23,27.82608695652174,184.95652173913044,77.30434782608695,53.73913043478261,51.65217391304348,52.52173913043478,66.08695652173913,52.34782608695652,61.60869565217392,56.21739130434783,49.47826086956522,60.26086956521739,65.0,62.04347826086956,63.17391304347826,65.26086956521739,71.95652173913044,60.95652173913044,67.73913043478261,64.73913043478261,70.1304347826087,70.34782608695652,55.391304347826086,64.34782608695652,52.65217391304348,55.78260869565217,63.56521739130435,50.47826086956522,68.04347826086956,50.60869565217392,52.08695652173913,49.30434782608695,18.17391304347826,17.391304347826086,18.956521739130437,19.52173913043478,18.47826086956522
Switzerland,2020,23,25.869565217391305,184.30434782608697,80.26086956521739,60.78260869565217,53.34782608695652,60.26086956521739,69.21739130434783,50.69565217391305,64.0,57.43478260869565,50.56521739130435,64.78260869565217,68.08695652173913,66.52173913043478,69.17391304347827,65.52173913043478,74.47826086956522,63.78260869565217,70.56521739130434,70.17391304347827,71.3913043478261,75.56521739130434,56.21739130434783,66.17391304347827,58.34782608695652,60.26086956521739,66.30434782608695,52.30434782608695,71.43478260869566,57.21739130434783,58.869565217391305,55.869565217391305,20.65217391304348,19.43478260869565,18.52173913043478,19.39130434782609,20.43478260869565
Syria,2020,4,25.25,185.0,78.75,59.5,61.0,56.75,67.0,59.25,68.25,63.5,63.25,59.25,70.5,70.0,66.75,71.0,65.25,64.5,71.0,60.75,69.25,68.0,65.5,61.75,42.5,65.25,65.75,58.75,65.75,49.0,39.5,31.75,10.25,9.0,11.25,10.0,11.75
São Tomé and Príncipe,2020,1,32.0,176.0,70.0,64.0,68.0,67.0,62.0,69.0,65.0,62.0,71.0,57.0,65.0,70.0,69.0,69.0,72.0,74.0,81.0,62.0,68.0,74.0,69.0,72.0,34.0,69.0,61.0,66.0,66.0,30.0,30.0,27.0,8.0,9.0,12.0,13.0,11.0
Taiwan,2020,1,25.0,180.0,72.0,49.0,56.0,64.0,65.0,52.0,60.0,54.0,50.0,64.0,64.0,64.0,65.0,66.0,66.0,71.0,65.0,71.0,76.0,72.0,63.0,65.0,64.0,61.0,65.0,66.0,59.0,56.0,65.0,57.0,12.0,8.0,8.0,13.0,14.0
Tanzania,2020,4,24.5,179.0,72.0,51.5,58.0,58.25,59.5,53.75,60.5,50.0,44.0,46.5,58.25,77.25,78.75,68.75,57.75,76.5,67.25,68.25,62.75,63.5,50.5,50.75,27.25,61.25,52.0,57.0,58.0,31.25,33.0,28.5,11.0,13.0,9.0,10.25,9.75
Thailand,2020,4,25.0,170.75,62.0,50.75,53.5,49.25,63.75,41.5,64.5,53.25,53.25,55.0,66.25,72.5,71.75,73.0,63.5,68.0,57.75,57.25,75.0,53.0,52.25,54.5,42.0,60.5,54.75,57.5,52.5,42.5,40.75,35.0,9.75,10.5,11.5,8.5,7.25
Togo,2020,13,26.615384615384617,181.3846153846154,75.15384615384616,55.76923076923077,50.76923076923077,61.23076923076923,64.6923076923077,49.46153846153846,62.15384615384615,54.53846153846154,49.0,56.84615384615385,65.92307692307692,71.46153846153847,71.6923076923077,68.46153846153847,65.84615384615384,65.3076923076923,62.15384615384615,68.92307692307692,63.15384615384615,70.92307692307692,52.23076923076923,60.76923076923077,46.23076923076923,55.38461538461539,56.53846153846154,56.0,61.15384615384615,49.15384615384615,48.53846153846154,45.92307692307692,11.153846153846152,10.153846153846152,10.692307692307692,11.307692307692308,10.846153846153848
Trinidad and Tobago,2020,6,28.83333333333333,180.33333333333331,78.5,51.5,38.5,52.66666666666666,57.833333333333336,35.833333333333336,54.16666666666666,44.333333333333336,40.833333333333336,51.66666666666666,57.0,60.66666666666666,59.833333333333336,60.333333333333336,62.5,60.333333333333336,59.16666666666666,66.33333333333333,62.66666666666666,70.5,42.0,59.0,49.5,47.66666666666666,54.66666666666666,41.333333333333336,61.833333333333336,50.66666666666666,55.66666666666666,52.66666666666666,15.5,19.0,19.33333333333333,15.666666666666666,17.166666666666668
Tunisia,2020,23,27.26086956521739,182.91304347826087,77.08695652173913,59.91304347826087,55.78260869565217,58.65217391304348,66.04347826086956,52.82608695652174,64.82608695652173,54.43478260869565,52.43478260869565,60.869565217391305,66.56521739130434,66.91304347826087,68.73913043478261,66.47826086956522,66.82608695652173,63.869565217391305,68.82608695652173,65.0,68.52173913043478,68.52173913043478,60.34782608695652,61.17391304347826,50.34782608695652,57.869565217391305,61.04347826086956,57.65217391304348,66.56521739130434,48.60869565217392,51.69565217391305,49.0,13.217391304347826,13.0,12.565217391304348,13.652173913043478,13.652173913043478
Turkey,2020,23,26.30434782608696,182.82608695652172,77.17391304347827,59.391304347826086,52.82608695652174,56.08695652173913,68.3913043478261,53.60869565217392,64.95652173913044,63.0,54.34782608695652,64.78260869565217,66.95652173913044,68.26086956521739,66.3913043478261,68.6086956521739,72.17391304347827,67.47826086956522,72.0,67.82608695652173,68.43478260869566,68.78260869565217,59.60869565217392,65.21739130434783,57.08695652173913,57.30434782608695,63.69565217391305,56.82608695652174,69.52173913043478,53.60869565217392,55.52173913043478,51.91304347826087,18.608695652173918,19.47826086956522,19.130434782608692,19.82608695652174,18.782608695652176
Uganda,2020,3,25.33333333333333,176.0,72.0,52.66666666666666,55.66666666666666,48.333333333333336,65.0,45.66666666666666,64.66666666666667,51.333333333333336,40.333333333333336,62.0,65.33333333333333,68.33333333333333,69.33333333333333,72.0,66.33333333333333,74.33333333333333,61.66666666666666,64.66666666666667,81.33333333333333,66.33333333333333,57.333333333333336,57.66666666666666,63.66666666666666,55.333333333333336,54.66666666666666,47.66666666666666,56.66666666666666,60.66666666666666,60.66666666666666,56.66666666666666,9.666666666666666,9.333333333333334,8.0,14.0,9.333333333333334
Ukraine,2020,23,27.52173913043478,182.7826086956522,76.17391304347827,55.0,54.30434782608695,53.78260869565217,68.6086956521739,48.78260869565217,60.91304347826087,52.65217391304348,50.60869565217392,62.130434782608695,65.26086956521739,67.34782608695652,66.34782608695652,65.78260869565217,75.04347826086956,63.21739130434783,66.65217391304348,65.56521739130434,68.95652173913044,68.73913043478261,59.08695652173913,61.43478260869565,57.73913043478261,56.69565217391305,67.1304347826087,51.65217391304348,70.65217391304348,54.78260869565217,53.82608695652174,49.52173913043478,19.0,17.91304347826087,19.52173913043478,19.347826086956523,19.869565217391305
United Arab Emirates,2020,22,25.13636363636364,176.5,68.63636363636364,44.36363636363637,37.22727272727273,47.90909090909091,53.0,37.22727272727273,49.22727272727273,42.40909090909091,34.63636363636363,48.0,52.22727272727273,64.81818181818181,65.4090909090909,61.81818181818182,59.54545454545455,68.31818181818181,49.5,62.77272727272727,60.77272727272727,57.59090909090909,35.59090909090909,53.45454545454545,45.68181818181818,43.31818181818182,50.86363636363637,37.31818181818182,53.86363636363637,45.13636363636363,48.63636363636363,46.31818181818182,17.545454545454547,18.227272727272727,16.454545454545453,17.772727272727273,18.227272727272727
United States,2020,23,24.91304347826087,182.8695652173913,78.26086956521739,49.47826086956522,50.04347826086956,57.60869565217392,66.91304347826087,49.0,61.73913043478261,52.26086956521739,42.47826086956522,59.391304347826086,64.17391304347827,69.3913043478261,71.65217391304348,69.04347826086956,71.08695652173913,64.95652173913044,64.56521739130434,71.73913043478261,71.34782608695652,71.34782608695652,49.26086956521739,65.69565217391305,50.69565217391305,54.869565217391305,60.869565217391305,51.69565217391305,66.52173913043478,52.30434782608695,52.869565217391305,49.43478260869565,18.608695652173918,18.17391304347826,19.0,18.43478260869565,19.956521739130437
Uruguay,2020,23,31.0,180.34782608695653,76.3913043478261,56.52173913043478,53.391304347826086,59.56521739130435,66.6086956521739,54.30434782608695,62.65217391304348,57.869565217391305,54.69565217391305,61.60869565217392,66.34782608695652,72.0,72.17391304347827,68.26086956521739,79.08695652173913,65.91304347826087,66.47826086956522,66.91304347826087,70.43478260869566,70.26086956521739,57.82608695652174,64.26086956521739,55.56521739130435,56.0,66.04347826086956,59.52173913043478,72.1304347826087,54.17391304347826,53.69565217391305,52.26086956521739,25.956521739130437,25.73913043478261,25.347826086956523,26.52173913043478,23.347826086956523
Uzbekistan,2020,3,28.666666666666668,179.0,70.66666666666667,57.0,60.66666666666666,54.66666666666666,70.33333333333333,30.33333333333333,64.33333333333333,58.0,58.0,67.33333333333333,68.33333333333333,69.0,65.66666666666667,63.0,63.0,72.66666666666667,71.0,66.33333333333333,72.33333333333333,65.66666666666667,57.66666666666666,68.66666666666667,64.33333333333333,63.0,67.0,48.333333333333336,59.66666666666666,55.66666666666666,64.0,60.0,13.333333333333334,13.666666666666666,12.0,10.333333333333334,13.333333333333334
Venezuela,2020,23,25.73913043478261,180.6086956521739,76.30434782608695,53.56521739130435,48.391304347826086,55.65217391304348,60.869565217391305,45.60869565217392,58.21739130434783,53.30434782608695,46.91304347826087,54.43478260869565,61.65217391304348,65.0,65.82608695652173,66.52173913043478,66.95652173913044,64.8695652173913,65.82608695652173,71.6086956521739,64.91304347826087,68.04347826086956,53.17391304347826,60.21739130434783,48.91304347826087,53.65217391304348,57.34782608695652,52.869565217391305,63.30434782608695,49.26086956521739,49.52173913043478,46.08695652173913,17.565217391304348,17.91304347826087,17.217391304347824,18.82608695652174,17.91304347826087
Vietnam,2020,1,24.0,168.0,65.0,33.0,56.0,55.0,55.0,58.0,63.0,63.0,31.0,45.0,60.0,71.0,73.0,74.0,56.0,87.0,67.0,67.0,64.0,61.0,53.0,27.0,13.0,64.0,56.0,59.0,58.0,13.0,16.0,17.0,10.0,9.0,11.0,13.0,13.0
Wales,2020,23,25.0,181.1304347826087,75.08695652173913,55.130434782608695,48.26086956521739,53.52173913043478,64.08695652173913,43.130434782608695,60.26086956521739,51.91304347826087,43.43478260869565,60.47826086956522,63.91304347826087,66.6086956521739,66.0,65.91304347826087,69.08695652173913,67.78260869565217,60.08695652173913,65.43478260869566,67.95652173913044,64.91304347826087,47.82608695652174,58.43478260869565,49.52173913043478,53.52173913043478,62.34782608695652,49.60869565217392,65.30434782608695,51.04347826086956,51.65217391304348,49.60869565217392,18.565217391304348,18.43478260869565,18.130434782608692,18.956521739130437,17.565217391304348
Zambia,2020,11,23.454545454545453,178.45454545454547,73.72727272727273,52.09090909090909,62.18181818181818,54.36363636363637,59.09090909090909,59.18181818181818,63.36363636363637,51.54545454545455,48.63636363636363,46.54545454545455,64.0909090909091,76.45454545454545,75.72727272727273,70.54545454545455,60.81818181818182,72.0909090909091,64.45454545454545,70.9090909090909,65.81818181818181,61.72727272727273,60.0,47.18181818181818,29.09090909090909,60.0,55.45454545454545,58.0,58.18181818181818,33.54545454545455,34.18181818181818,32.90909090909091,11.272727272727272,8.909090909090908,9.272727272727272,10.181818181818182,10.454545454545457
Zimbabwe,2020,12,26.0,180.58333333333331,74.66666666666667,49.833333333333336,51.41666666666666,59.66666666666666,59.75,50.083333333333336,61.083333333333336,48.16666666666666,39.91666666666666,53.25,60.16666666666666,76.25,76.25,70.75,58.91666666666666,69.58333333333333,61.833333333333336,68.5,71.08333333333333,69.66666666666667,50.66666666666666,67.41666666666667,49.833333333333336,53.91666666666666,54.91666666666666,53.16666666666666,59.16666666666666,49.75,53.91666666666666,52.0,11.666666666666666,9.583333333333334,10.0,11.166666666666666,9.666666666666666
Afghanistan,2021,2,25.0,172.5,65.0,63.5,57.5,40.5,61.0,52.5,67.0,53.0,50.0,45.5,65.5,81.5,80.0,86.0,56.0,76.5,56.0,59.5,68.0,42.5,43.5,46.5,39.0,53.5,55.5,54.0,55.0,49.5,48.0,49.0,13.0,6.5,8.5,11.0,10.5
Albania,2021,23,26.39130434782609,183.0434782608696,77.26086956521739,49.91304347826087,46.04347826086956,58.56521739130435,62.08695652173913,42.91304347826087,55.0,45.26086956521739,43.78260869565217,55.69565217391305,61.47826086956522,62.04347826086956,62.0,61.47826086956522,67.95652173913044,62.73913043478261,61.04347826086956,68.65217391304348,68.69565217391305,70.95652173913044,49.130434782608695,67.52173913043478,56.26086956521739,51.17391304347826,55.65217391304348,50.56521739130435,64.56521739130434,57.21739130434783,56.869565217391305,53.47826086956522,16.391304347826086,15.695652173913045,16.08695652173913,16.73913043478261,17.0
Algeria,2021,23,27.130434782608692,180.2173913043478,74.34782608695652,69.1304347826087,63.73913043478261,58.08695652173913,73.30434782608695,60.65217391304348,75.26086956521739,67.47826086956522,62.21739130434783,67.73913043478261,74.95652173913044,71.6086956521739,72.0,73.1304347826087,72.56521739130434,70.47826086956522,72.34782608695652,66.56521739130434,70.56521739130434,67.73913043478261,64.69565217391305,67.82608695652173,50.130434782608695,68.82608695652173,71.0,64.95652173913044,72.47826086956522,49.65217391304348,50.30434782608695,44.60869565217392,14.0,13.0,12.91304347826087,13.652173913043478,14.652173913043478
Andorra,2021,1,30.0,184.0,79.0,53.0,28.0,68.0,54.0,41.0,52.0,37.0,29.0,58.0,56.0,53.0,68.0,44.0,59.0,53.0,58.0,75.0,63.0,76.0,32.0,69.0,57.0,38.0,48.0,34.0,56.0,55.0,59.0,64.0,9.0,7.0,12.0,8.0,6.0
Angola,2021,16,25.625,179.9375,74.625,54.375,52.875,55.0625,62.375,55.0625,65.3125,55.625,45.3125,54.0,64.9375,73.625,74.9375,70.0625,66.9375,66.9375,65.1875,68.625,64.8125,67.25,55.0,57.0625,40.4375,59.0,56.9375,55.6875,64.375,44.4375,41.75,40.0625,15.25,13.25,13.6875,13.375,13.5
Antigua and Barbuda,2021,4,24.25,179.0,72.75,57.0,43.5,54.75,53.75,32.0,56.75,45.25,34.75,47.25,55.0,76.25,76.5,66.75,57.25,64.5,47.25,74.25,71.25,70.0,43.25,55.75,52.5,53.5,52.25,39.5,54.75,50.75,53.5,51.25,9.75,10.0,10.25,13.0,10.0
Argentina,2021,23,26.608695652173918,180.17391304347825,76.04347826086956,63.04347826086956,61.130434782608695,63.21739130434783,72.08695652173913,58.0,68.91304347826087,63.47826086956522,53.30434782608695,65.82608695652173,72.21739130434783,71.08695652173913,69.1304347826087,70.6086956521739,78.82608695652173,70.91304347826087,73.6086956521739,71.08695652173913,71.3913043478261,71.78260869565217,63.0,69.73913043478261,56.130434782608695,65.69565217391305,69.52173913043478,57.65217391304348,74.6086956521739,55.17391304347826,56.60869565217392,53.56521739130435,18.52173913043478,19.130434782608692,18.82608695652174,20.47826086956522,20.65217391304348
Armenia,2021,4,28.0,180.0,77.25,56.75,61.75,63.0,69.0,57.0,71.5,57.25,41.75,59.75,71.25,70.75,71.75,72.0,66.75,71.75,67.25,70.0,71.75,65.75,59.25,63.0,41.0,64.25,63.75,63.25,66.75,48.0,40.0,42.25,9.75,10.5,9.75,9.0,7.5
Aruba,2021,1,31.0,175.0,63.0,67.0,60.0,53.0,63.0,62.0,69.0,64.0,45.0,52.0,68.0,85.0,87.0,88.0,65.0,72.0,63.0,62.0,55.0,36.0,61.0,59.0,26.0,63.0,62.0,62.0,67.0,27.0,27.0,30.0,6.0,12.0,16.0,14.0,12.0
Australia,2021,23,27.17391304347826,182.30434782608697,75.52173913043478,54.95652173913044,53.869565217391305,52.56521739130435,62.47826086956522,47.43478260869565,58.52173913043478,56.26086956521739,43.34782608695652,57.04347826086956,61.47826086956522,68.08695652173913,66.47826086956522,69.73913043478261,66.3913043478261,65.56521739130434,62.95652173913044,68.52173913043478,68.73913043478261,68.30434782608695,53.391304347826086,61.869565217391305,51.82608695652174,56.43478260869565,60.08695652173913,51.91304347826087,65.26086956521739,49.34782608695652,50.17391304347826,47.21739130434783,20.043478260869566,19.39130434782609,19.17391304347826,18.73913043478261,19.217391304347824
Austria,2021,23,27.26086956521739,184.3913043478261,79.21739130434783,59.17391304347826,53.47826086956522,60.78260869565217,67.26086956521739,52.65217391304348,61.82608695652174,54.73913043478261,52.65217391304348,63.130434782608695,65.43478260869566,64.91304347826087,66.30434782608695,64.6086956521739,74.21739130434783,65.17391304347827,67.95652173913044,65.3913043478261,69.1304347826087,71.34782608695652,57.43478260869565,64.56521739130434,55.73913043478261,58.30434782608695,63.21739130434783,52.52173913043478,67.0,59.17391304347826,56.869565217391305,55.21739130434783,19.26086956521739,18.608695652173918,17.695652173913043,19.08695652173913,19.47826086956522
Azerbaijan,2021,6,25.0,181.83333333333331,71.83333333333333,57.16666666666666,46.0,48.833333333333336,56.5,45.16666666666666,61.66666666666666,50.5,42.833333333333336,49.833333333333336,57.66666666666666,67.0,65.83333333333333,70.0,57.0,66.83333333333333,60.0,63.66666666666666,57.16666666666666,60.0,48.833333333333336,55.833333333333336,41.5,53.0,52.833333333333336,55.16666666666666,52.66666666666666,44.0,50.5,48.66666666666666,10.333333333333334,9.666666666666666,9.333333333333334,8.666666666666666,12.166666666666666
Barbados,2021,1,26.0,179.0,76.0,56.0,62.0,52.0,55.0,50.0,60.0,54.0,60.0,37.0,59.0,72.0,74.0,61.0,58.0,75.0,62.0,48.0,68.0,61.0,56.0,44.0,19.0,63.0,47.0,62.0,58.0,14.0,22.0,25.0,10.0,12.0,7.0,10.0,9.0
Belarus,2021,3,20.33333333333333,180.33333333333331,74.33333333333333,52.66666666666666,60.0,58.0,59.0,50.66666666666666,65.66666666666667,52.0,36.66666666666666,52.0,59.333333333333336,70.66666666666667,68.0,71.33333333333333,60.333333333333336,67.66666666666667,57.66666666666666,59.0,58.333333333333336,59.66666666666666,55.333333333333336,40.333333333333336,18.0,60.333333333333336,53.0,63.0,51.66666666666666,23.0,23.666666666666668,23.33333333333333,7.333333333333333,11.666666666666666,10.0,7.666666666666667,8.0
Belgium,2021,23,28.217391304347824,184.95652173913044,79.65217391304348,65.04347826086956,60.43478260869565,61.869565217391305,73.8695652173913,58.56521739130435,68.04347826086956,63.47826086956522,57.60869565217392,69.69565217391305,71.95652173913044,69.0,71.0,68.82608695652173,79.26086956521739,63.73913043478261,74.56521739130434,69.21739130434783,72.30434782608695,73.65217391304348,62.91304347826087,63.82608695652174,54.65217391304348,64.0,68.95652173913044,61.17391304347826,77.17391304347827,53.52173913043478,55.30434782608695,51.56521739130435,19.695652173913043,19.17391304347826,19.39130434782609,20.347826086956523,20.043478260869566
Belize,2021,2,26.5,177.5,78.5,57.0,57.0,63.0,62.5,55.0,62.5,47.0,39.0,57.0,63.0,65.5,69.5,64.5,63.0,67.5,67.0,72.5,62.5,70.5,57.5,72.5,47.0,64.5,62.5,56.5,57.0,55.5,53.0,41.5,6.0,8.0,10.0,12.5,7.5
Benin,2021,11,28.181818181818183,183.8181818181818,78.45454545454545,51.63636363636363,50.36363636363637,53.45454545454545,57.36363636363637,47.09090909090909,54.72727272727273,48.09090909090909,43.0,52.45454545454545,58.0,63.27272727272727,65.81818181818181,64.0,62.72727272727273,58.81818181818182,61.81818181818182,66.18181818181819,62.81818181818182,70.0,49.18181818181818,58.0,43.72727272727273,51.54545454545455,56.72727272727273,48.45454545454545,62.90909090909091,41.63636363636363,45.27272727272727,41.81818181818182,20.363636363636363,22.545454545454547,20.363636363636363,22.727272727272727,21.727272727272727
Bermuda,2021,1,30.0,170.0,69.0,60.0,76.0,70.0,65.0,68.0,68.0,67.0,65.0,53.0,72.0,77.0,74.0,79.0,72.0,79.0,69.0,64.0,69.0,57.0,67.0,68.0,49.0,77.0,69.0,70.0,69.0,35.0,43.0,35.0,10.0,6.0,13.0,11.0,7.0
Bolivia,2021,23,26.65217391304348,178.30434782608697,73.26086956521739,51.78260869565217,37.91304347826087,51.0,56.73913043478261,35.65217391304348,51.21739130434783,42.26086956521739,37.69565217391305,51.869565217391305,56.30434782608695,60.65217391304348,60.391304347826086,57.95652173913044,60.0,66.8695652173913,50.52173913043478,62.78260869565217,72.0,54.95652173913044,38.73913043478261,50.56521739130435,47.869565217391305,44.08695652173913,46.69565217391305,45.30434782608695,52.08695652173913,50.78260869565217,50.04347826086956,47.73913043478261,17.17391304347826,17.652173913043477,17.782608695652176,18.65217391304348,18.08695652173913
Bosnia and Herzegovina,2021,23,29.52173913043478,183.8695652173913,78.26086956521739,61.91304347826087,56.34782608695652,61.82608695652174,70.95652173913044,55.21739130434783,66.0,64.0,59.69565217391305,66.91304347826087,70.47826086956522,62.47826086956522,65.47826086956522,64.65217391304348,71.34782608695652,63.08695652173913,73.78260869565217,66.34782608695652,72.17391304347827,73.52173913043478,64.8695652173913,69.1304347826087,57.69565217391305,62.30434782608695,66.26086956521739,59.73913043478261,70.69565217391305,58.65217391304348,58.08695652173913,53.56521739130435,14.652173913043478,13.521739130434783,13.434782608695652,14.0,13.565217391304348
Brazil,2021,23,24.869565217391305,178.47826086956522,74.30434782608695,59.26086956521739,55.43478260869565,57.391304347826086,69.17391304347827,53.69565217391305,65.52173913043478,55.52173913043478,56.04347826086956,63.91304347826087,68.43478260869566,75.34782608695652,73.91304347826087,71.47826086956522,78.78260869565217,67.3913043478261,66.0,68.34782608695652,70.17391304347827,66.8695652173913,58.26086956521739,60.0,52.869565217391305,59.21739130434783,67.08695652173913,56.17391304347826,69.95652173913044,50.0,51.08695652173913,50.04347826086956,19.956521739130437,20.52173913043478,19.565217391304348,19.65217391304348,19.695652173913043
Bulgaria,2021,23,27.39130434782609,181.3913043478261,74.1304347826087,47.91304347826087,44.95652173913044,46.73913043478261,57.130434782608695,43.0,51.30434782608695,43.73913043478261,45.21739130434783,52.04347826086956,55.82608695652174,63.52173913043478,64.26086956521739,63.0,62.391304347826086,62.95652173913044,55.73913043478261,61.78260869565217,62.78260869565217,61.73913043478261,45.17391304347826,55.34782608695652,46.130434782608695,52.0,55.43478260869565,45.130434782608695,56.21739130434783,45.52173913043478,47.43478260869565,46.30434782608695,17.782608695652176,17.782608695652176,17.0,17.304347826086957,16.608695652173914
Burkina Faso,2021,19,23.73684210526316,180.26315789473685,73.42105263157895,52.526315789473685,47.26315789473684,56.42105263157895,60.42105263157895,43.47368421052632,60.21052631578947,45.63157894736842,41.526315789473685,54.526315789473685,62.526315789473685,72.6842105263158,72.63157894736842,70.52631578947368,60.8421052631579,66.78947368421052,59.89473684210526,71.36842105263158,63.68421052631579,66.10526315789474,46.26315789473684,59.42105263157895,43.89473684210526,49.68421052631579,52.73684210526316,51.526315789473685,59.63157894736842,44.31578947368421,45.0,43.05263157894737,13.052631578947368,13.105263157894736,13.36842105263158,14.842105263157896,14.210526315789474
Burundi,2021,7,23.0,177.14285714285714,74.42857142857143,52.85714285714285,56.285714285714285,51.142857142857146,58.57142857142857,48.57142857142857,65.85714285714286,49.85714285714285,44.0,55.57142857142857,64.71428571428571,74.14285714285714,77.85714285714286,66.57142857142857,57.285714285714285,67.85714285714286,60.0,58.71428571428572,59.0,60.285714285714285,50.57142857142857,46.0,34.857142857142854,54.71428571428572,56.142857142857146,53.85714285714285,57.285714285714285,35.285714285714285,41.0,40.57142857142857,9.0,10.571428571428571,11.571428571428571,9.0,12.857142857142858
Cameroon,2021,23,25.65217391304348,183.91304347826087,80.04347826086956,50.47826086956522,49.73913043478261,59.56521739130435,62.78260869565217,45.869565217391305,61.26086956521739,50.30434782608695,41.391304347826086,56.47826086956522,64.04347826086956,70.3913043478261,73.0,68.17391304347827,68.26086956521739,61.43478260869565,66.30434782608695,72.8695652173913,68.82608695652173,76.69565217391305,50.43478260869565,61.43478260869565,47.78260869565217,55.91304347826087,56.34782608695652,49.69565217391305,63.869565217391305,47.17391304347826,47.60869565217392,43.78260869565217,18.565217391304348,18.17391304347826,17.565217391304348,18.26086956521739,18.73913043478261
Canada,2021,23,26.782608695652176,181.8695652173913,78.65217391304348,50.34782608695652,48.26086956521739,56.21739130434783,63.60869565217392,44.82608695652174,59.60869565217392,51.08695652173913,39.869565217391305,56.78260869565217,61.69565217391305,67.52173913043478,67.91304347826087,66.3913043478261,65.73913043478261,65.69565217391305,62.56521739130435,69.56521739130434,69.56521739130434,72.34782608695652,48.08695652173913,62.43478260869565,49.43478260869565,52.17391304347826,59.0,50.26086956521739,63.91304347826087,49.73913043478261,51.30434782608695,46.95652173913044,18.565217391304348,17.73913043478261,16.652173913043477,17.782608695652176,18.65217391304348
Cape Verde,2021,23,27.347826086956523,180.17391304347825,75.21739130434783,54.47826086956522,53.91304347826087,61.08695652173913,63.21739130434783,50.78260869565217,63.47826086956522,53.82608695652174,46.52173913043478,55.91304347826087,65.3913043478261,70.21739130434783,68.56521739130434,68.91304347826087,65.52173913043478,66.73913043478261,62.17391304347826,70.6086956521739,71.69565217391305,71.26086956521739,54.08695652173913,65.1304347826087,48.78260869565217,57.78260869565217,59.26086956521739,53.65217391304348,61.91304347826087,49.65217391304348,49.60869565217392,47.78260869565217,10.347826086956522,10.391304347826088,11.434782608695652,10.782608695652174,9.173913043478262
Central African Republic,2021,4,28.75,188.0,79.75,40.25,38.25,67.5,63.75,39.75,54.25,38.25,37.25,54.0,58.5,58.5,57.0,50.75,68.0,59.0,57.5,73.0,72.0,83.75,44.0,77.25,69.0,52.0,54.75,42.5,65.0,71.25,72.0,68.5,12.5,12.0,12.0,10.5,11.75
Chad,2021,1,27.0,186.0,81.0,69.0,70.0,63.0,68.0,71.0,72.0,65.0,53.0,58.0,69.0,89.0,91.0,66.0,70.0,57.0,79.0,79.0,86.0,76.0,72.0,69.0,24.0,70.0,64.0,70.0,67.0,21.0,25.0,23.0,6.0,11.0,9.0,15.0,9.0
Chile,2021,23,28.82608695652174,177.08695652173913,73.17391304347827,57.78260869565217,53.130434782608695,58.30434782608695,67.65217391304348,50.08695652173913,63.82608695652174,55.391304347826086,49.91304347826087,63.69565217391305,66.34782608695652,68.82608695652173,67.78260869565217,70.69565217391305,70.8695652173913,70.21739130434783,69.1304347826087,73.6086956521739,71.17391304347827,70.65217391304348,58.82608695652174,66.82608695652173,54.26086956521739,59.78260869565217,64.17391304347827,56.391304347826086,68.34782608695652,51.95652173913044,53.78260869565217,53.0,19.39130434782609,17.565217391304348,18.43478260869565,20.217391304347824,18.869565217391305
China,2021,23,28.47826086956522,181.5217391304348,74.95652173913044,55.43478260869565,49.95652173913044,55.65217391304348,61.04347826086956,48.82608695652174,58.08695652173913,54.52173913043478,53.08695652173913,59.65217391304348,60.04347826086956,69.43478260869566,69.3913043478261,66.17391304347827,66.43478260869566,68.1304347826087,64.47826086956522,68.6086956521739,69.91304347826087,66.21739130434783,53.130434782608695,59.65217391304348,50.04347826086956,57.73913043478261,63.130434782608695,50.34782608695652,61.21739130434783,50.91304347826087,50.0,47.869565217391305,18.91304347826087,18.17391304347826,17.652173913043477,18.217391304347824,18.565217391304348
Colombia,2021,23,27.65217391304348,181.1304347826087,76.3913043478261,58.34782608695652,55.43478260869565,60.34782608695652,68.26086956521739,49.43478260869565,65.69565217391305,54.47826086956522,47.869565217391305,60.91304347826087,68.30434782608695,69.95652173913044,71.73913043478261,70.69565217391305,74.17391304347827,64.73913043478261,68.52173913043478,73.1304347826087,69.17391304347827,70.1304347826087,54.21739130434783,65.47826086956522,54.130434782608695,59.78260869565217,62.52173913043478,53.60869565217392,71.73913043478261,55.43478260869565,54.26086956521739,51.26086956521739,19.52173913043478,18.695652173913043,18.347826086956523,17.869565217391305,19.39130434782609
Comoros,2021,12,25.666666666666668,177.08333333333334,70.66666666666667,52.66666666666666,44.75,45.583333333333336,58.333333333333336,43.5,59.41666666666666,51.583333333333336,46.75,50.833333333333336,60.333333333333336,73.25,72.16666666666667,75.16666666666667,59.083333333333336,74.16666666666667,56.66666666666666,62.583333333333336,65.0,59.583333333333336,44.75,54.583333333333336,51.0,48.91666666666666,52.25,47.41666666666666,57.583333333333336,49.5,53.0,49.91666666666666,15.333333333333334,14.416666666666666,13.083333333333334,15.583333333333334,15.333333333333334
Congo,2021,16,25.5625,183.875,79.0625,42.25,48.6875,58.5,57.75,44.0,56.8125,41.375,37.3125,49.125,59.0,67.375,69.4375,63.375,60.6875,59.3125,61.5625,70.125,65.0,75.0,48.0625,58.3125,41.8125,50.75,50.75,49.4375,55.4375,41.5625,42.3125,40.75,15.4375,14.5625,15.3125,14.3125,14.1875
Costa Rica,2021,23,28.30434782608696,180.2608695652174,75.30434782608695,52.0,50.30434782608695,55.47826086956522,62.04347826086956,47.130434782608695,60.21739130434783,52.91304347826087,48.391304347826086,57.08695652173913,62.26086956521739,69.04347826086956,69.30434782608695,66.56521739130434,65.43478260869566,66.91304347826087,64.21739130434783,70.30434782608695,64.47826086956522,69.6086956521739,50.34782608695652,67.08695652173913,51.91304347826087,56.95652173913044,56.391304347826086,50.0,63.65217391304348,52.60869565217392,51.69565217391305,48.60869565217392,13.782608695652174,13.695652173913045,12.73913043478261,13.08695652173913,14.608695652173912
Croatia,2021,23,27.217391304347824,183.6086956521739,78.1304347826087,64.08695652173913,62.04347826086956,65.65217391304348,75.34782608695652,61.56521739130435,73.30434782608695,63.65217391304348,56.78260869565217,66.6086956521739,75.95652173913044,69.73913043478261,71.30434782608695,71.34782608695652,76.08695652173913,65.78260869565217,73.3913043478261,67.78260869565217,73.34782608695652,72.69565217391305,62.47826086956522,69.73913043478261,55.73913043478261,66.56521739130434,69.73913043478261,61.0,76.04347826086956,58.391304347826086,58.17391304347826,53.78260869565217,13.478260869565217,13.478260869565217,13.434782608695652,14.043478260869565,13.08695652173913
Cuba,2021,5,26.6,182.0,76.4,44.0,33.2,47.4,55.4,37.2,47.2,43.2,33.0,51.2,49.8,59.2,57.0,61.6,58.6,62.0,58.8,61.6,55.6,68.4,37.0,52.0,45.6,41.4,51.2,39.4,52.6,44.8,49.8,46.2,20.8,21.6,20.0,21.6,20.6
Curaçao,2021,13,24.53846153846154,182.53846153846155,76.53846153846153,54.30769230769231,52.76923076923077,52.84615384615385,57.0,51.07692307692308,62.23076923076923,50.30769230769231,43.69230769230769,48.76923076923077,61.38461538461539,70.61538461538461,73.0,67.3076923076923,58.53846153846154,64.23076923076923,65.6923076923077,62.0,58.53846153846154,70.07692307692308,55.15384615384615,53.69230769230769,39.46153846153846,54.84615384615385,56.15384615384615,54.84615384615385,56.84615384615385,39.92307692307692,41.61538461538461,39.76923076923077,15.153846153846152,16.53846153846154,15.461538461538462,15.461538461538462,15.923076923076923
Cyprus,2021,7,23.857142857142858,183.28571428571428,73.42857142857143,52.57142857142857,49.285714285714285,54.57142857142857,60.71428571428572,45.71428571428572,57.57142857142857,51.0,47.71428571428572,56.0,59.57142857142857,63.142857142857146,63.85714285714285,64.71428571428571,59.85714285714285,61.42857142857143,58.42857142857143,65.85714285714286,69.14285714285714,65.71428571428571,50.42857142857143,58.42857142857143,53.285714285714285,53.71428571428572,55.285714285714285,53.57142857142857,56.42857142857143,53.142857142857146,55.0,53.0,9.857142857142858,10.142857142857142,9.714285714285714,10.857142857142858,12.142857142857142
Czech Republic,2021,23,27.08695652173913,183.91304347826087,78.34782608695652,59.78260869565217,53.869565217391305,61.69565217391305,66.52173913043478,52.95652173913044,64.8695652173913,55.78260869565217,47.47826086956522,61.82608695652174,66.8695652173913,69.04347826086956,70.1304347826087,67.47826086956522,73.34782608695652,66.65217391304348,67.52173913043478,70.52173913043478,70.91304347826087,71.91304347826087,57.391304347826086,65.52173913043478,54.60869565217392,60.69565217391305,63.869565217391305,52.30434782608695,69.91304347826087,55.52173913043478,54.91304347826087,52.391304347826086,19.26086956521739,19.17391304347826,19.0,19.73913043478261,19.608695652173918
DR Congo,2021,23,27.52173913043478,179.08695652173913,75.0,62.56521739130435,60.869565217391305,63.0,67.52173913043478,56.17391304347826,70.91304347826087,60.869565217391305,48.60869565217392,61.0,71.52173913043478,77.08695652173913,77.56521739130434,74.91304347826087,69.52173913043478,71.1304347826087,68.82608695652173,72.82608695652173,70.91304347826087,70.1304347826087,61.91304347826087,65.30434782608695,48.34782608695652,64.1304347826087,64.04347826086956,57.60869565217392,68.6086956521739,46.78260869565217,49.78260869565217,44.130434782608695,10.521739130434783,10.652173913043478,9.652173913043478,10.434782608695652,9.565217391304348
Denmark,2021,23,28.17391304347826,186.0,81.04347826086956,57.391304347826086,54.95652173913044,61.73913043478261,69.78260869565217,53.04347826086956,61.21739130434783,57.130434782608695,54.82608695652174,64.52173913043478,68.47826086956522,65.65217391304348,66.6086956521739,64.17391304347827,74.21739130434783,63.30434782608695,71.34782608695652,69.95652173913044,71.21739130434783,73.21739130434783,56.43478260869565,65.73913043478261,57.56521739130435,57.60869565217392,66.56521739130434,52.869565217391305,69.26086956521739,58.91304347826087,55.78260869565217,50.69565217391305,19.82608695652174,19.695652173913043,19.39130434782609,19.73913043478261,20.08695652173913
Dominican Republic,2021,4,23.75,180.0,74.5,53.25,57.25,58.0,61.25,49.75,66.75,54.75,53.5,50.25,64.75,71.75,76.0,68.0,62.25,67.75,63.25,63.25,59.0,64.25,54.5,51.75,36.5,61.25,54.5,56.75,58.25,40.25,44.0,35.75,9.75,11.0,8.5,11.25,11.0
Ecuador,2021,23,32.26086956521739,180.8695652173913,76.1304347826087,53.08695652173913,48.869565217391305,57.130434782608695,60.30434782608695,46.91304347826087,56.95652173913044,50.391304347826086,47.391304347826086,54.30434782608695,62.869565217391305,64.3913043478261,63.82608695652174,63.08695652173913,69.04347826086956,61.21739130434783,63.21739130434783,69.0,66.91304347826087,67.8695652173913,51.34782608695652,63.56521739130435,47.43478260869565,53.0,52.0,52.52173913043478,59.65217391304348,43.47826086956522,45.30434782608695,43.04347826086956,19.65217391304348,18.608695652173918,18.08695652173913,17.782608695652176,18.91304347826087
Egypt,2021,23,27.956521739130437,179.65217391304347,75.43478260869566,56.0,52.04347826086956,55.869565217391305,63.95652173913044,48.78260869565217,61.91304347826087,56.34782608695652,47.69565217391305,59.82608695652174,63.95652173913044,66.21739130434783,67.21739130434783,65.91304347826087,67.43478260869566,67.47826086956522,65.65217391304348,67.65217391304348,67.91304347826087,70.73913043478261,55.21739130434783,59.04347826086956,53.30434782608695,54.95652173913044,59.08695652173913,56.47826086956522,64.30434782608695,51.47826086956522,52.08695652173913,48.60869565217392,19.30434782608696,18.39130434782609,18.82608695652174,19.130434782608692,18.73913043478261
El Salvador,2021,4,26.5,175.5,72.25,52.25,50.75,50.0,60.75,46.5,60.0,49.5,42.75,55.25,61.25,64.75,64.5,60.75,63.25,73.75,59.25,58.75,67.0,61.75,49.75,53.5,51.25,52.0,55.0,53.75,61.5,56.0,56.25,55.0,10.0,11.75,8.75,9.25,7.75
England,2021,23,24.65217391304348,183.1304347826087,75.82608695652173,65.43478260869566,55.73913043478261,58.95652173913044,73.82608695652173,51.08695652173913,67.47826086956522,61.82608695652174,54.17391304347826,70.56521739130434,73.08695652173913,68.95652173913044,68.43478260869566,68.04347826086956,80.26086956521739,67.52173913043478,70.91304347826087,69.34782608695652,74.04347826086956,71.56521739130434,58.52173913043478,66.73913043478261,58.08695652173913,61.52173913043478,70.91304347826087,56.26086956521739,76.04347826086956,58.82608695652174,59.52173913043478,55.869565217391305,19.47826086956522,19.82608695652174,19.52173913043478,19.39130434782609,20.47826086956522
Equatorial Guinea,2021,6,23.666666666666668,180.5,73.16666666666667,59.833333333333336,49.66666666666666,59.16666666666666,66.0,49.5,66.0,58.5,51.16666666666666,64.83333333333333,67.83333333333333,69.83333333333333,68.83333333333333,67.16666666666667,62.66666666666666,66.0,68.16666666666667,67.83333333333333,67.33333333333333,64.5,59.16666666666666,65.83333333333333,48.333333333333336,57.5,61.5,53.16666666666666,60.66666666666666,54.16666666666666,52.5,52.66666666666666,7.5,8.333333333333334,11.166666666666666,7.833333333333333,8.333333333333334
Eritrea,2021,2,32.0,179.5,74.5,58.5,62.5,50.0,67.5,55.5,68.0,64.0,61.0,63.0,70.5,62.0,61.0,67.5,69.5,67.0,73.0,63.5,69.5,72.5,59.5,64.5,56.5,74.0,69.0,67.0,72.0,55.5,45.5,37.5,12.0,12.5,14.0,7.5,9.5
Estonia,2021,5,26.4,181.6,74.0,49.6,44.8,62.2,61.2,42.2,56.2,48.4,38.0,57.0,61.0,59.4,54.0,60.6,63.2,66.0,61.4,68.8,59.6,64.8,51.2,65.2,53.8,53.4,53.6,49.0,59.6,52.8,56.0,54.8,10.8,13.4,13.2,11.6,9.4
Ethiopia,2021,2,27.5,181.5,71.0,56.0,40.0,57.0,55.5,45.5,56.5,42.5,41.0,49.0,58.5,66.0,69.0,68.0,54.0,66.0,57.5,74.0,66.0,55.5,46.5,54.0,54.5,44.0,54.0,41.5,50.0,50.5,54.0,53.0,6.5,6.0,10.0,9.5,8.0
Faroe Islands,2021,5,26.8,182.0,77.8,60.0,58.0,53.6,64.6,45.4,63.4,55.2,48.4,59.0,65.2,70.4,70.6,71.0,61.8,72.2,63.8,70.0,76.0,67.0,58.0,63.0,52.2,61.8,60.4,53.6,60.0,48.8,52.4,45.8,12.6,9.2,10.6,11.2,8.4
Finland,2021,23,27.695652173913043,183.95652173913044,78.73913043478261,50.73913043478261,46.47826086956522,51.78260869565217,58.869565217391305,41.56521739130435,55.0,50.17391304347826,44.391304347826086,55.65217391304348,58.08695652173913,62.391304347826086,62.65217391304348,61.43478260869565,65.30434782608695,60.869565217391305,61.26086956521739,64.8695652173913,65.95652173913044,69.08695652173913,48.56521739130435,59.69565217391305,51.73913043478261,49.60869565217392,56.130434782608695,44.130434782608695,62.43478260869565,52.869565217391305,51.73913043478261,48.34782608695652,18.26086956521739,19.130434782608692,17.130434782608695,18.695652173913043,19.17391304347826
France,2021,23,26.30434782608696,182.95652173913044,78.69565217391305,62.52173913043478,56.60869565217392,64.0,75.26086956521739,54.52173913043478,68.26086956521739,61.47826086956522,50.21739130434783,68.08695652173913,74.08695652173913,72.21739130434783,73.0,69.78260869565217,81.91304347826087,67.47826086956522,70.56521739130434,75.78260869565217,72.8695652173913,75.30434782608695,57.30434782608695,69.43478260869566,61.21739130434783,63.69565217391305,69.47826086956522,55.82608695652174,78.08695652173913,58.869565217391305,60.26086956521739,57.47826086956522,19.782608695652176,19.217391304347824,18.52173913043478,19.956521739130437,20.608695652173918
Gabon,2021,16,26.25,180.0,76.0,57.5,54.3125,62.375,65.0,51.6875,65.1875,52.9375,50.125,56.4375,66.4375,70.375,71.0,66.0,66.5625,68.75,63.4375,65.6875,69.9375,66.9375,53.9375,62.375,54.125,59.5,61.0,56.4375,62.625,52.1875,52.0,49.875,10.25,11.125,12.3125,10.0625,10.75
Gambia,2021,23,23.608695652173918,182.7391304347826,74.17391304347827,48.0,54.47826086956522,57.21739130434783,59.130434782608695,45.391304347826086,61.82608695652174,48.08695652173913,42.17391304347826,50.21739130434783,61.95652173913044,72.91304347826087,75.3913043478261,67.65217391304348,60.43478260869565,65.17391304347827,58.65217391304348,65.1304347826087,67.69565217391305,66.3913043478261,52.04347826086956,56.0,39.78260869565217,57.17391304347826,53.73913043478261,54.08695652173913,59.82608695652174,41.26086956521739,42.30434782608695,41.0,9.130434782608695,10.521739130434783,10.521739130434783,10.826086956521738,10.26086956521739
Georgia,2021,22,25.363636363636363,182.54545454545453,75.63636363636364,55.13636363636363,54.5,54.81818181818182,62.95454545454545,43.63636363636363,64.0,54.68181818181818,49.68181818181818,58.09090909090909,65.27272727272727,66.63636363636364,67.5909090909091,67.36363636363636,62.86363636363637,66.31818181818181,62.13636363636363,62.0,66.22727272727273,66.0,53.0,55.13636363636363,43.81818181818182,56.13636363636363,59.36363636363637,51.90909090909091,60.40909090909091,43.45454545454545,45.95454545454545,43.22727272727273,12.545454545454543,12.727272727272728,12.090909090909092,12.909090909090908,12.5
Germany,2021,23,25.52173913043478,185.95652173913044,81.30434782608695,62.08695652173913,56.82608695652174,63.52173913043478,77.26086956521739,56.60869565217392,68.26086956521739,58.82608695652174,50.78260869565217,71.91304347826087,73.56521739130434,69.78260869565217,72.47826086956522,67.78260869565217,82.43478260869566,64.6086956521739,74.52173913043478,69.56521739130434,71.52173913043478,75.56521739130434,61.30434782608695,63.43478260869565,60.04347826086956,61.30434782608695,73.69565217391305,54.73913043478261,77.56521739130434,59.130434782608695,58.95652173913044,55.69565217391305,20.52173913043478,20.47826086956522,19.956521739130437,20.130434782608692,21.217391304347824
Ghana,2021,23,26.347826086956523,178.34782608695653,74.34782608695652,62.95652173913044,58.30434782608695,65.43478260869566,72.52173913043478,55.21739130434783,71.56521739130434,60.95652173913044,47.60869565217392,64.04347826086956,72.30434782608695,77.6086956521739,77.0,76.3913043478261,71.82608695652173,73.43478260869566,71.21739130434783,78.30434782608695,73.56521739130434,71.6086956521739,62.82608695652174,73.43478260869566,61.91304347826087,65.21739130434783,63.52173913043478,55.78260869565217,68.56521739130434,60.60869565217392,65.26086956521739,60.95652173913044,9.869565217391305,9.043478260869565,9.08695652173913,10.304347826086955,9.043478260869565
Greece,2021,23,25.82608695652174,180.91304347826087,76.08695652173913,57.30434782608695,49.869565217391305,53.91304347826087,63.95652173913044,48.52173913043478,61.21739130434783,54.47826086956522,49.69565217391305,61.0,63.82608695652174,69.17391304347827,69.08695652173913,68.21739130434783,69.08695652173913,66.47826086956522,68.08695652173913,68.17391304347827,70.26086956521739,67.8695652173913,56.82608695652174,61.91304347826087,49.130434782608695,53.56521739130435,58.65217391304348,50.65217391304348,64.47826086956522,53.0,50.391304347826086,49.21739130434783,18.26086956521739,18.52173913043478,17.82608695652174,18.82608695652174,19.91304347826087
Grenada,2021,4,26.0,184.0,78.75,50.25,40.75,60.75,61.25,35.0,56.25,43.25,37.25,57.0,61.5,67.5,67.75,65.25,60.75,64.25,51.25,71.0,75.25,76.75,47.0,63.75,57.75,41.25,51.75,46.5,59.0,60.0,63.0,60.5,12.25,10.25,12.5,11.25,13.0
Guam,2021,1,32.0,175.0,68.0,59.0,49.0,60.0,67.0,48.0,57.0,61.0,55.0,58.0,63.0,69.0,69.0,72.0,68.0,78.0,53.0,79.0,70.0,66.0,36.0,71.0,66.0,55.0,56.0,52.0,64.0,64.0,62.0,63.0,13.0,9.0,16.0,12.0,11.0
Guinea,2021,23,27.17391304347826,182.8695652173913,77.91304347826087,53.26086956521739,49.130434782608695,59.91304347826087,63.26086956521739,47.26086956521739,61.391304347826086,51.21739130434783,44.17391304347826,55.82608695652174,63.56521739130435,64.21739130434783,66.08695652173913,66.21739130434783,65.56521739130434,63.52173913043478,65.95652173913044,69.69565217391305,67.30434782608695,72.69565217391305,53.04347826086956,64.52173913043478,52.43478260869565,53.391304347826086,56.26086956521739,49.73913043478261,65.0,52.34782608695652,50.82608695652174,49.43478260869565,12.956521739130435,13.304347826086955,14.173913043478262,12.173913043478262,12.043478260869565
Guinea-Bissau,2021,15,24.066666666666663,177.33333333333334,72.33333333333333,53.66666666666666,52.266666666666666,55.266666666666666,61.86666666666667,48.93333333333333,64.46666666666667,51.86666666666667,45.73333333333333,58.13333333333333,65.26666666666667,72.53333333333333,74.53333333333333,74.26666666666667,63.86666666666667,72.73333333333333,65.06666666666666,63.86666666666667,68.46666666666667,60.53333333333333,51.66666666666666,63.53333333333333,47.8,56.6,55.0,52.46666666666667,57.46666666666667,52.53333333333333,51.4,49.53333333333333,9.6,10.266666666666667,11.0,10.0,9.2
Guyana,2021,10,23.7,182.6,75.7,47.2,40.5,48.3,52.9,33.9,53.0,45.7,34.7,48.0,52.9,72.4,71.1,63.9,54.1,65.1,49.3,64.6,58.0,63.3,38.2,52.7,45.2,45.3,47.7,42.0,51.1,44.1,44.5,43.8,14.3,15.3,14.6,13.7,15.2
Haiti,2021,10,25.2,179.3,76.0,52.0,45.3,55.7,61.0,44.6,59.8,48.7,38.8,51.9,62.8,68.2,68.8,65.2,57.6,68.3,56.5,64.7,63.3,65.1,49.3,57.3,45.8,48.1,50.2,49.2,54.5,48.1,46.9,45.6,8.3,9.2,10.1,11.8,9.7
Honduras,2021,16,27.4375,179.4375,74.5,59.0625,58.9375,61.875,65.0,52.125,65.625,57.5,49.3125,55.4375,66.375,71.0,72.75,69.625,65.375,66.125,68.875,70.8125,68.5625,70.625,58.25,65.1875,43.4375,63.375,62.125,59.75,63.6875,42.0,46.5625,44.0,10.5,9.8125,10.125,10.9375,10.3125
Hong Kong,2021,2,22.0,174.5,71.5,49.5,40.0,48.0,59.5,38.5,49.0,35.5,32.5,57.0,50.0,66.5,66.0,66.5,53.0,76.0,53.0,57.0,63.5,52.5,45.0,45.5,44.0,39.0,52.5,41.0,39.5,40.5,43.5,49.5,9.0,7.5,7.5,9.5,9.5
Hungary,2021,23,26.695652173913043,183.56521739130437,77.52173913043478,52.0,49.08695652173913,53.47826086956522,60.65217391304348,45.30434782608695,54.52173913043478,45.69565217391305,45.52173913043478,54.21739130434783,58.869565217391305,63.82608695652174,62.65217391304348,63.26086956521739,65.6086956521739,61.30434782608695,58.43478260869565,62.04347826086956,61.82608695652174,63.04347826086956,49.65217391304348,56.0,45.34782608695652,53.21739130434783,53.78260869565217,51.65217391304348,61.82608695652174,45.65217391304348,44.82608695652174,42.04347826086956,19.65217391304348,17.73913043478261,18.869565217391305,19.17391304347826,19.782608695652176
Iceland,2021,23,29.82608695652174,185.56521739130437,80.43478260869566,51.04347826086956,51.21739130434783,55.65217391304348,62.78260869565217,50.17391304347826,56.82608695652174,53.869565217391305,50.30434782608695,59.30434782608695,60.95652173913044,57.95652173913044,61.391304347826086,58.60869565217392,68.34782608695652,63.69565217391305,66.08695652173913,67.0,62.869565217391305,72.52173913043478,56.52173913043478,62.56521739130435,51.95652173913044,52.43478260869565,60.95652173913044,56.69565217391305,66.69565217391305,50.65217391304348,51.91304347826087,49.08695652173913,16.82608695652174,16.73913043478261,16.869565217391305,17.304347826086957,17.91304347826087
India,2021,23,32.34782608695652,179.7826086956522,74.21739130434783,47.43478260869565,40.73913043478261,49.04347826086956,52.08695652173913,40.56521739130435,48.34782608695652,47.21739130434783,44.34782608695652,49.52173913043478,52.0,61.52173913043478,61.130434782608695,60.65217391304348,54.60869565217392,61.65217391304348,53.65217391304348,66.47826086956522,61.47826086956522,63.130434782608695,42.78260869565217,56.73913043478261,46.08695652173913,44.95652173913044,48.65217391304348,45.34782608695652,54.95652173913044,41.60869565217392,44.391304347826086,42.34782608695652,18.565217391304348,18.130434782608692,17.304347826086957,16.782608695652176,17.434782608695652
Indonesia,2021,1,19.0,168.0,65.0,40.0,44.0,40.0,62.0,42.0,60.0,50.0,44.0,61.0,58.0,55.0,66.0,65.0,47.0,67.0,47.0,52.0,34.0,30.0,38.0,38.0,21.0,47.0,60.0,47.0,58.0,19.0,47.0,52.0,10.0,13.0,8.0,15.0,9.0
Iran,2021,15,26.4,183.4,76.53333333333333,48.93333333333333,49.06666666666667,52.86666666666667,56.53333333333333,46.333333333333336,57.86666666666667,47.2,42.06666666666667,48.8,59.53333333333333,64.66666666666667,65.0,62.93333333333333,67.86666666666666,65.13333333333334,62.2,65.93333333333334,61.13333333333333,66.73333333333333,49.6,52.333333333333336,38.93333333333333,52.4,57.13333333333333,51.13333333333333,61.93333333333333,42.46666666666667,39.53333333333333,37.13333333333333,22.8,22.2,22.2,22.466666666666665,23.33333333333333
Iraq,2021,4,28.5,183.25,72.5,66.75,61.25,51.0,68.75,61.0,73.75,71.5,63.75,61.25,71.75,74.0,73.5,74.5,71.25,67.25,75.75,61.5,76.25,68.0,69.25,69.5,58.0,66.0,65.25,67.25,73.0,60.75,55.25,47.75,12.0,10.5,9.75,10.25,9.5
Israel,2021,19,26.31578947368421,179.68421052631578,73.57894736842105,52.26315789473684,56.94736842105263,53.05263157894737,62.68421052631579,54.26315789473684,64.05263157894737,55.31578947368421,47.47368421052632,55.8421052631579,65.21052631578948,69.6842105263158,68.84210526315789,69.52631578947368,64.52631578947368,67.6842105263158,64.63157894736842,63.78947368421053,63.05263157894737,63.21052631578947,55.94736842105263,47.05263157894737,37.21052631578947,60.89473684210526,61.1578947368421,55.526315789473685,63.31578947368421,38.89473684210526,38.89473684210526,37.26315789473684,17.31578947368421,15.63157894736842,14.68421052631579,17.0,14.789473684210526
Italy,2021,23,27.26086956521739,182.4782608695652,76.0,59.17391304347826,54.43478260869565,61.0,71.56521739130434,56.69565217391305,69.30434782608695,60.52173913043478,53.43478260869565,66.6086956521739,71.34782608695652,68.65217391304348,67.82608695652173,69.43478260869566,79.21739130434783,66.1304347826087,72.30434782608695,68.73913043478261,71.08695652173913,67.78260869565217,61.78260869565217,68.6086956521739,63.26086956521739,58.869565217391305,68.56521739130434,61.0,76.78260869565217,65.47826086956522,61.17391304347826,59.82608695652174,19.17391304347826,17.52173913043478,18.695652173913043,19.782608695652176,19.17391304347826
Ivory Coast,2021,23,27.0,182.7391304347826,76.65217391304348,55.26086956521739,50.47826086956522,58.04347826086956,63.56521739130435,47.0,62.56521739130435,49.52173913043478,45.65217391304348,56.69565217391305,63.43478260869565,69.04347826086956,69.6086956521739,66.08695652173913,69.3913043478261,66.17391304347827,64.82608695652173,69.8695652173913,71.47826086956522,74.73913043478261,52.78260869565217,64.91304347826087,54.26086956521739,54.73913043478261,59.21739130434783,53.26086956521739,63.91304347826087,52.69565217391305,55.82608695652174,52.43478260869565,18.217391304347824,17.434782608695652,17.26086956521739,17.782608695652176,17.608695652173914
Jamaica,2021,23,28.26086956521739,181.2173913043478,76.69565217391305,48.95652173913044,55.43478260869565,56.82608695652174,58.82608695652174,49.08695652173913,62.56521739130435,51.04347826086956,43.82608695652174,49.21739130434783,63.130434782608695,71.0,72.3913043478261,69.73913043478261,64.1304347826087,65.52173913043478,63.130434782608695,68.82608695652173,62.95652173913044,69.65217391304348,53.73913043478261,60.04347826086956,38.52173913043478,60.30434782608695,54.82608695652174,54.43478260869565,61.30434782608695,40.82608695652174,41.69565217391305,38.17391304347826,13.869565217391305,13.521739130434783,14.173913043478262,13.391304347826088,13.08695652173913
Japan,2021,23,28.347826086956523,176.95652173913044,70.91304347826087,64.95652173913044,62.08695652173913,60.391304347826086,72.65217391304348,60.30434782608695,72.56521739130434,63.73913043478261,57.65217391304348,65.43478260869566,74.04347826086956,76.21739130434783,72.08695652173913,77.52173913043478,71.21739130434783,75.43478260869566,67.17391304347827,67.17391304347827,72.65217391304348,60.0,64.21739130434783,58.130434782608695,53.04347826086956,67.17391304347827,68.47826086956522,59.0,73.6086956521739,52.391304347826086,52.91304347826087,49.869565217391305,9.26086956521739,10.173913043478262,10.043478260869565,10.695652173913045,10.869565217391305
Jordan,2021,2,27.0,176.0,75.0,50.5,48.5,55.5,54.0,55.5,59.5,55.5,40.0,45.5,62.0,61.0,69.0,65.5,54.5,69.0,62.0,74.5,70.5,66.0,53.0,49.5,37.5,50.5,47.5,48.5,53.0,40.5,35.5,36.0,8.5,8.5,9.5,14.0,7.5
Kazakhstan,2021,6,26.0,178.5,73.5,65.66666666666667,48.5,57.66666666666666,68.33333333333333,49.16666666666666,64.5,56.833333333333336,55.833333333333336,64.66666666666667,67.0,72.33333333333333,69.5,72.5,65.66666666666667,73.33333333333333,59.16666666666666,68.66666666666667,71.33333333333333,61.66666666666666,55.16666666666666,59.66666666666666,56.833333333333336,58.66666666666666,62.5,49.0,61.833333333333336,56.5,57.16666666666666,58.16666666666666,9.666666666666666,11.0,10.833333333333334,9.833333333333334,12.0
Kenya,2021,10,24.6,181.6,75.1,47.1,46.8,57.6,61.1,45.9,57.1,42.9,39.8,55.4,62.5,67.8,70.3,60.8,61.3,62.0,60.3,66.1,64.3,68.8,47.9,61.3,50.6,51.2,50.8,49.4,57.6,52.3,53.1,48.9,9.2,11.4,10.7,11.6,9.9
Kosovo,2021,23,25.782608695652176,181.7391304347826,75.47826086956522,56.869565217391305,55.04347826086956,51.52173913043478,64.91304347826087,53.391304347826086,64.95652173913044,58.0,50.95652173913044,57.73913043478261,67.0,70.30434782608695,68.30434782608695,71.8695652173913,66.69565217391305,68.6086956521739,67.21739130434783,66.8695652173913,67.34782608695652,64.82608695652173,58.130434782608695,61.391304347826086,45.56521739130435,59.47826086956522,62.26086956521739,54.391304347826086,66.08695652173913,47.60869565217392,45.47826086956522,42.130434782608695,16.217391304347824,15.695652173913045,16.82608695652174,14.695652173913045,15.304347826086955
Latvia,2021,7,24.0,184.42857142857144,78.28571428571429,37.71428571428572,39.85714285714285,50.285714285714285,52.71428571428572,36.285714285714285,47.0,31.571428571428573,30.0,41.285714285714285,50.42857142857143,58.71428571428572,56.142857142857146,52.57142857142857,55.85714285714285,50.85714285714285,47.0,67.85714285714286,62.285714285714285,66.57142857142857,36.0,53.71428571428572,39.71428571428572,41.42857142857143,45.142857142857146,42.57142857142857,55.71428571428572,40.71428571428572,38.285714285714285,37.285714285714285,17.714285714285715,19.285714285714285,18.714285714285715,17.428571428571427,19.428571428571427
Lebanon,2021,3,27.0,187.66666666666663,81.0,45.0,49.66666666666666,59.0,61.333333333333336,44.0,58.0,50.0,38.66666666666666,55.0,62.0,63.66666666666666,66.33333333333333,62.333333333333336,57.0,52.66666666666666,58.0,62.0,65.66666666666667,77.33333333333333,50.66666666666666,56.333333333333336,49.333333333333336,48.0,49.333333333333336,42.333333333333336,57.333333333333336,54.333333333333336,52.333333333333336,51.0,10.0,11.333333333333334,10.666666666666666,11.666666666666666,9.666666666666666
Liberia,2021,4,22.5,180.0,73.75,49.25,60.0,56.25,66.0,52.0,66.25,49.75,44.5,55.75,62.5,77.75,80.5,68.75,62.5,68.0,61.75,70.5,68.75,62.75,54.5,67.25,47.75,62.5,58.75,55.75,60.25,42.75,43.0,44.0,11.0,11.25,10.5,11.5,9.75
Libya,2021,4,26.5,177.25,73.5,61.75,49.5,47.0,69.25,46.25,72.25,55.0,51.5,63.5,71.75,77.75,72.25,74.5,66.25,68.5,59.25,61.0,69.25,67.25,53.75,57.25,55.25,60.5,64.5,53.25,66.75,48.5,55.5,55.75,11.25,8.75,7.75,9.25,12.25
Liechtenstein,2021,5,23.4,184.0,78.4,37.6,29.6,33.2,40.0,24.4,38.6,33.2,31.4,38.4,41.6,56.6,55.8,54.4,51.2,55.0,46.8,59.0,45.0,62.6,28.2,44.0,30.4,34.8,48.2,34.6,46.8,31.6,32.6,32.8,31.0,31.4,30.0,30.0,32.2
Lithuania,2021,10,25.9,188.4,81.8,38.4,37.0,46.7,47.7,38.1,42.7,36.6,34.8,41.1,46.9,57.1,56.6,57.6,58.0,53.7,51.6,64.5,50.8,68.2,37.0,46.6,35.9,37.7,44.9,41.9,51.1,41.1,34.0,31.9,21.5,20.2,21.7,20.9,21.7
Luxembourg,2021,11,24.545454545454547,184.54545454545453,78.0909090909091,55.45454545454545,46.27272727272727,58.90909090909091,64.63636363636364,45.72727272727273,59.81818181818182,50.54545454545455,48.72727272727273,59.72727272727273,62.27272727272727,63.0,64.81818181818181,60.09090909090909,62.0,60.63636363636363,60.18181818181818,60.18181818181818,69.0,69.0,50.45454545454545,65.36363636363636,52.09090909090909,51.81818181818182,53.81818181818182,48.72727272727273,60.27272727272727,54.90909090909091,57.45454545454545,52.72727272727273,11.272727272727272,9.545454545454543,9.181818181818182,11.363636363636363,11.363636363636363
Macau,2021,1,25.0,183.0,78.0,35.0,26.0,61.0,39.0,26.0,37.0,31.0,28.0,35.0,46.0,58.0,54.0,43.0,48.0,67.0,46.0,69.0,58.0,65.0,25.0,48.0,57.0,31.0,39.0,44.0,44.0,60.0,70.0,68.0,13.0,6.0,11.0,11.0,8.0
Madagascar,2021,9,30.444444444444443,179.66666666666666,73.55555555555556,62.11111111111112,42.888888888888886,61.0,65.66666666666667,43.22222222222222,58.77777777777778,53.888888888888886,49.44444444444444,59.11111111111112,66.11111111111111,71.55555555555556,70.11111111111111,64.88888888888889,66.22222222222223,70.0,60.11111111111112,74.0,75.0,71.77777777777777,48.44444444444444,65.33333333333333,60.11111111111112,56.66666666666666,56.22222222222222,48.77777777777778,63.888888888888886,54.0,56.44444444444444,57.44444444444444,9.77777777777778,11.333333333333334,11.333333333333334,9.88888888888889,10.444444444444445
Malawi,2021,1,27.0,162.0,76.0,42.0,78.0,56.0,51.0,68.0,70.0,31.0,27.0,38.0,68.0,79.0,75.0,75.0,63.0,74.0,73.0,68.0,66.0,71.0,63.0,29.0,18.0,74.0,58.0,64.0,71.0,21.0,14.0,11.0,7.0,11.0,12.0,8.0,15.0
Malaysia,2021,1,18.0,170.0,65.0,54.0,59.0,50.0,56.0,57.0,65.0,62.0,60.0,49.0,62.0,75.0,69.0,80.0,37.0,85.0,56.0,67.0,52.0,47.0,61.0,32.0,13.0,47.0,51.0,59.0,62.0,12.0,16.0,17.0,12.0,11.0,7.0,7.0,11.0
Mali,2021,23,26.30434782608696,180.34782608695653,74.21739130434783,61.91304347826087,53.95652173913044,60.65217391304348,66.3913043478261,48.73913043478261,68.43478260869566,55.08695652173913,44.34782608695652,59.130434782608695,68.47826086956522,74.21739130434783,74.8695652173913,70.6086956521739,70.26086956521739,68.08695652173913,66.3913043478261,72.30434782608695,74.30434782608695,70.1304347826087,56.17391304347826,65.95652173913044,50.56521739130435,62.26086956521739,59.69565217391305,54.0,66.65217391304348,51.34782608695652,51.869565217391305,50.04347826086956,12.91304347826087,13.478260869565217,12.434782608695652,13.0,12.826086956521738
Malta,2021,1,27.0,168.0,70.0,58.0,57.0,38.0,57.0,37.0,67.0,48.0,59.0,56.0,66.0,69.0,68.0,82.0,55.0,90.0,45.0,58.0,66.0,32.0,56.0,34.0,31.0,57.0,62.0,50.0,64.0,36.0,38.0,34.0,7.0,14.0,11.0,10.0,15.0
Mauritania,2021,7,23.428571428571427,183.14285714285717,77.85714285714286,45.285714285714285,42.85714285714285,57.0,60.285714285714285,33.714285714285715,56.0,37.0,35.57142857142857,49.142857142857146,59.85714285714285,60.42857142857143,62.42857142857143,57.142857142857146,58.71428571428572,58.142857142857146,49.285714285714285,64.42857142857143,64.57142857142857,73.71428571428571,45.57142857142857,56.142857142857146,57.0,51.57142857142857,46.42857142857143,46.142857142857146,53.42857142857143,53.71428571428572,60.71428571428572,54.57142857142857,9.571428571428571,10.857142857142858,10.285714285714286,10.428571428571429,10.285714285714286
Mexico,2021,23,26.65217391304348,179.6086956521739,73.78260869565217,56.30434782608695,53.21739130434783,58.73913043478261,70.91304347826087,50.04347826086956,65.30434782608695,56.65217391304348,48.56521739130435,65.43478260869566,68.56521739130434,69.91304347826087,70.78260869565217,71.1304347826087,73.26086956521739,67.91304347826087,67.73913043478261,69.43478260869566,74.43478260869566,68.30434782608695,54.17391304347826,62.26086956521739,59.78260869565217,58.30434782608695,66.78260869565217,57.30434782608695,70.82608695652173,59.69565217391305,58.21739130434783,56.60869565217392,18.217391304347824,18.47826086956522,19.130434782608692,18.47826086956522,18.82608695652174
Moldova,2021,12,26.666666666666668,185.58333333333331,77.16666666666667,44.41666666666666,42.66666666666666,53.0,55.0,41.083333333333336,48.583333333333336,44.5,42.66666666666666,47.75,52.5,54.91666666666666,55.0,52.66666666666666,62.0,55.333333333333336,54.5,57.75,58.833333333333336,70.25,42.833333333333336,55.25,44.25,45.41666666666666,51.75,43.083333333333336,58.083333333333336,44.083333333333336,47.083333333333336,44.833333333333336,19.5,18.83333333333333,19.0,17.416666666666668,19.83333333333333
Montenegro,2021,23,27.608695652173918,183.43478260869568,78.1304347826087,55.17391304347826,53.869565217391305,59.47826086956522,64.69565217391305,50.47826086956522,62.60869565217392,53.43478260869565,49.43478260869565,56.95652173913044,65.6086956521739,65.56521739130434,65.47826086956522,63.869565217391305,66.78260869565217,61.34782608695652,61.43478260869565,67.82608695652173,65.17391304347827,70.8695652173913,54.30434782608695,60.56521739130435,49.0,59.30434782608695,60.08695652173913,53.17391304347826,66.1304347826087,48.82608695652174,47.91304347826087,46.21739130434783,12.652173913043478,14.130434782608695,12.91304347826087,13.782608695652174,13.347826086956522
Montserrat,2021,3,26.666666666666668,184.33333333333331,80.66666666666667,49.333333333333336,46.0,59.333333333333336,58.66666666666666,46.0,57.333333333333336,47.333333333333336,48.66666666666666,48.0,60.0,69.33333333333333,75.33333333333333,62.0,63.66666666666666,55.333333333333336,57.0,60.66666666666666,67.66666666666667,76.0,41.0,57.66666666666666,52.66666666666666,53.333333333333336,52.66666666666666,54.0,61.66666666666666,56.0,55.333333333333336,53.66666666666666,11.333333333333334,14.0,12.666666666666666,13.666666666666666,11.333333333333334
Morocco,2021,23,28.26086956521739,182.08695652173915,75.17391304347827,64.69565217391305,63.47826086956522,57.26086956521739,74.30434782608695,62.43478260869565,75.78260869565217,69.47826086956522,59.30434782608695,69.17391304347827,75.82608695652173,71.52173913043478,69.78260869565217,72.95652173913044,74.56521739130434,66.8695652173913,72.91304347826087,61.78260869565217,72.52173913043478,68.43478260869566,64.65217391304348,66.17391304347827,52.26086956521739,66.78260869565217,70.21739130434783,60.82608695652174,73.95652173913044,49.91304347826087,53.73913043478261,49.65217391304348,13.478260869565217,14.608695652173912,13.173913043478262,13.652173913043478,13.217391304347826
Mozambique,2021,5,28.6,179.8,73.6,55.4,44.2,62.4,68.4,46.2,63.6,56.2,43.4,54.2,67.6,68.6,73.2,69.0,70.8,68.8,58.2,73.0,73.6,67.4,55.6,73.0,69.4,50.4,52.2,46.0,67.2,69.8,71.4,70.2,9.6,10.4,12.4,13.0,11.4
Namibia,2021,3,26.666666666666668,175.66666666666666,72.0,67.66666666666667,55.66666666666666,57.333333333333336,66.0,52.0,70.33333333333333,57.0,57.0,58.66666666666666,66.66666666666667,79.0,78.66666666666667,72.66666666666667,62.333333333333336,75.66666666666667,60.333333333333336,74.0,76.0,68.66666666666667,57.66666666666666,51.333333333333336,41.333333333333336,60.0,55.333333333333336,52.333333333333336,60.66666666666666,41.66666666666666,41.66666666666666,40.333333333333336,12.333333333333334,12.333333333333334,10.0,8.666666666666666,9.666666666666666
Netherlands,2021,23,26.565217391304348,183.65217391304347,77.69565217391305,62.82608695652174,56.78260869565217,65.6086956521739,73.43478260869566,53.91304347826087,67.3913043478261,59.869565217391305,51.391304347826086,67.95652173913044,72.95652173913044,69.47826086956522,70.26086956521739,68.1304347826087,80.04347826086956,67.1304347826087,72.30434782608695,75.30434782608695,74.47826086956522,75.17391304347827,59.78260869565217,67.91304347826087,60.21739130434783,60.69565217391305,70.56521739130434,55.56521739130435,76.6086956521739,61.82608695652174,60.869565217391305,56.52173913043478,19.608695652173918,19.17391304347826,16.869565217391305,19.869565217391305,19.91304347826087
New Caledonia,2021,1,32.0,182.0,87.0,54.0,29.0,65.0,69.0,16.0,45.0,38.0,33.0,69.0,63.0,45.0,41.0,62.0,72.0,52.0,61.0,80.0,69.0,84.0,39.0,74.0,75.0,39.0,50.0,49.0,52.0,68.0,71.0,70.0,12.0,14.0,6.0,10.0,7.0
New Zealand,2021,23,24.91304347826087,182.34782608695653,76.82608695652173,50.08695652173913,48.21739130434783,50.73913043478261,59.130434782608695,44.0,55.21739130434783,49.60869565217392,46.08695652173913,55.56521739130435,57.60869565217392,64.95652173913044,64.30434782608695,63.17391304347826,63.60869565217392,61.60869565217392,57.869565217391305,64.3913043478261,64.08695652173913,67.04347826086956,47.0,58.65217391304348,50.08695652173913,53.21739130434783,56.52173913043478,47.82608695652174,61.0,48.30434782608695,48.52173913043478,45.30434782608695,18.217391304347824,17.608695652173914,16.52173913043478,16.782608695652176,18.47826086956522
Nicaragua,2021,1,25.0,183.0,82.0,49.0,55.0,57.0,54.0,48.0,58.0,48.0,26.0,46.0,58.0,71.0,70.0,65.0,54.0,63.0,56.0,75.0,56.0,74.0,54.0,55.0,26.0,55.0,52.0,55.0,54.0,32.0,31.0,18.0,13.0,13.0,8.0,7.0,11.0
Niger,2021,4,22.25,180.5,74.5,48.75,43.25,54.0,55.5,39.5,57.25,43.75,38.25,49.0,57.75,69.25,67.0,62.75,54.5,66.0,49.0,66.5,64.75,60.5,41.0,61.75,44.75,47.0,49.5,50.5,50.75,43.25,48.25,49.75,10.0,7.75,10.75,9.25,7.75
Nigeria,2021,23,25.30434782608696,180.08695652173913,75.08695652173913,59.869565217391305,61.17391304347826,60.21739130434783,68.43478260869566,56.73913043478261,71.95652173913044,58.73913043478261,47.130434782608695,60.56521739130435,72.04347826086956,78.34782608695652,78.1304347826087,76.21739130434783,72.56521739130434,72.78260869565217,70.47826086956522,75.34782608695652,73.8695652173913,68.34782608695652,61.47826086956522,64.08695652173913,44.56521739130435,64.08695652173913,62.73913043478261,55.95652173913044,68.82608695652173,48.0,51.08695652173913,45.52173913043478,13.521739130434783,12.434782608695652,12.130434782608695,13.695652173913045,13.826086956521738
North Korea,2021,1,38.0,173.0,72.0,66.0,59.0,46.0,68.0,45.0,64.0,62.0,69.0,62.0,66.0,31.0,32.0,62.0,60.0,71.0,56.0,30.0,49.0,68.0,64.0,45.0,42.0,62.0,68.0,49.0,58.0,28.0,41.0,36.0,15.0,6.0,16.0,15.0,11.0
North Macedonia,2021,23,26.695652173913043,183.17391304347825,75.8695652173913,51.47826086956522,56.04347826086956,53.30434782608695,60.95652173913044,50.21739130434783,62.0,55.69565217391305,49.56521739130435,55.82608695652174,61.869565217391305,63.08695652173913,63.391304347826086,63.47826086956522,65.17391304347827,63.21739130434783,65.8695652173913,61.52173913043478,61.60869565217392,67.1304347826087,55.34782608695652,57.391304347826086,42.21739130434783,56.78260869565217,58.21739130434783,53.30434782608695,63.391304347826086,45.04347826086956,44.0,41.78260869565217,18.65217391304348,18.30434782608696,17.869565217391305,18.26086956521739,18.52173913043478
Northern Ireland,2021,23,28.565217391304348,182.43478260869568,75.30434782608695,54.34782608695652,48.43478260869565,55.869565217391305,59.04347826086956,43.91304347826087,57.130434782608695,48.78260869565217,44.91304347826087,55.0,60.17391304347826,64.43478260869566,63.73913043478261,65.73913043478261,66.1304347826087,65.6086956521739,58.78260869565217,67.73913043478261,67.65217391304348,66.04347826086956,48.91304347826087,61.26086956521739,51.65217391304348,51.869565217391305,59.391304347826086,49.65217391304348,62.21739130434783,51.91304347826087,50.69565217391305,49.52173913043478,18.695652173913043,17.304347826086957,16.82608695652174,18.08695652173913,18.869565217391305
Norway,2021,23,26.26086956521739,185.30434782608697,80.34782608695652,58.08695652173913,51.52173913043478,59.47826086956522,66.21739130434783,49.04347826086956,62.130434782608695,57.21739130434783,51.43478260869565,62.69565217391305,66.21739130434783,66.26086956521739,69.65217391304348,63.69565217391305,71.95652173913044,65.17391304347827,67.17391304347827,69.73913043478261,74.30434782608695,73.56521739130434,57.17391304347826,66.91304347826087,57.82608695652174,59.43478260869565,64.21739130434783,48.73913043478261,68.8695652173913,57.52173913043478,57.04347826086956,53.869565217391305,19.347826086956523,18.52173913043478,18.347826086956523,18.695652173913043,18.17391304347826
Palestine,2021,2,30.5,182.0,74.5,57.0,62.5,57.5,62.0,59.5,66.0,60.5,55.5,55.0,67.5,68.0,68.0,69.5,60.0,73.0,63.5,71.5,58.0,63.5,61.5,48.0,34.5,64.5,62.5,56.0,62.0,36.0,30.5,27.5,10.0,13.0,8.5,10.5,12.5
Panama,2021,11,27.181818181818183,182.3636363636364,78.45454545454545,49.81818181818182,48.72727272727273,53.81818181818182,59.18181818181818,42.81818181818182,55.09090909090909,49.90909090909091,44.63636363636363,60.45454545454545,58.0,65.45454545454545,67.18181818181819,63.72727272727273,63.45454545454545,60.72727272727273,61.72727272727273,68.27272727272727,65.45454545454545,73.45454545454545,55.54545454545455,61.09090909090909,49.90909090909091,53.45454545454545,54.0,48.18181818181818,56.81818181818182,45.81818181818182,47.27272727272727,46.63636363636363,15.363636363636363,15.727272727272728,15.545454545454543,16.0,16.0
Papua New Guinea,2021,1,24.0,175.0,67.0,53.0,62.0,45.0,60.0,40.0,74.0,42.0,31.0,48.0,66.0,76.0,69.0,75.0,58.0,71.0,60.0,55.0,63.0,53.0,55.0,40.0,15.0,56.0,58.0,63.0,60.0,37.0,17.0,14.0,12.0,9.0,12.0,8.0,14.0
Paraguay,2021,23,26.43478260869565,178.0,75.0,57.30434782608695,52.08695652173913,54.0,65.21739130434783,43.82608695652174,63.08695652173913,53.95652173913044,46.04347826086956,60.73913043478261,65.56521739130434,70.47826086956522,71.3913043478261,69.95652173913044,70.8695652173913,68.91304347826087,66.56521739130434,71.43478260869566,71.65217391304348,65.04347826086956,54.391304347826086,59.52173913043478,51.391304347826086,58.43478260869565,61.65217391304348,53.69565217391305,64.30434782608695,51.60869565217392,52.60869565217392,50.30434782608695,17.347826086956523,18.608695652173918,18.26086956521739,19.82608695652174,18.782608695652176
Peru,2021,23,27.17391304347826,178.2608695652174,73.34782608695652,55.30434782608695,48.95652173913044,53.65217391304348,63.43478260869565,46.34782608695652,60.91304347826087,52.34782608695652,48.82608695652174,59.43478260869565,62.130434782608695,66.17391304347827,64.8695652173913,67.04347826086956,65.95652173913044,68.6086956521739,65.95652173913044,66.34782608695652,66.21739130434783,63.73913043478261,52.73913043478261,57.52173913043478,50.869565217391305,55.08695652173913,60.78260869565217,49.69565217391305,61.56521739130435,50.73913043478261,52.65217391304348,50.47826086956522,18.43478260869565,17.652173913043477,18.17391304347826,18.217391304347824,17.91304347826087
Philippines,2021,3,25.0,183.33333333333331,76.66666666666667,43.0,30.33333333333333,37.0,47.0,27.33333333333333,45.0,33.0,29.0,43.333333333333336,49.0,68.66666666666667,69.66666666666667,67.0,63.0,65.0,54.66666666666666,64.66666666666667,52.0,68.66666666666667,33.666666666666664,49.333333333333336,46.333333333333336,42.0,51.66666666666666,42.0,54.0,42.333333333333336,42.333333333333336,41.66666666666666,32.0,30.666666666666668,28.0,30.33333333333333,31.0
Poland,2021,23,26.65217391304348,183.5217391304348,77.26086956521739,52.869565217391305,48.56521739130435,55.60869565217392,63.95652173913044,45.30434782608695,58.82608695652174,51.43478260869565,44.69565217391305,60.08695652173913,63.73913043478261,67.21739130434783,67.04347826086956,65.26086956521739,69.8695652173913,64.65217391304348,61.56521739130435,67.73913043478261,67.69565217391305,69.69565217391305,51.04347826086956,62.869565217391305,55.34782608695652,53.78260869565217,58.91304347826087,48.869565217391305,68.1304347826087,54.91304347826087,55.391304347826086,51.73913043478261,20.217391304347824,20.30434782608696,18.30434782608696,20.130434782608692,19.52173913043478
Portugal,2021,23,27.565217391304348,181.0,75.1304347826087,63.73913043478261,59.17391304347826,58.0,73.08695652173913,58.47826086956522,70.82608695652173,64.52173913043478,55.65217391304348,68.43478260869566,72.91304347826087,70.47826086956522,68.91304347826087,72.1304347826087,80.78260869565217,70.3913043478261,73.6086956521739,72.3913043478261,75.47826086956522,68.26086956521739,62.43478260869565,68.1304347826087,61.43478260869565,64.56521739130434,71.91304347826087,59.130434782608695,79.52173913043478,57.17391304347826,58.52173913043478,53.52173913043478,19.782608695652176,19.52173913043478,20.043478260869566,19.91304347826087,20.82608695652174
Puerto Rico,2021,1,28.0,183.0,77.0,65.0,40.0,61.0,68.0,44.0,67.0,55.0,30.0,70.0,68.0,70.0,71.0,63.0,62.0,66.0,57.0,72.0,76.0,74.0,47.0,70.0,67.0,55.0,61.0,38.0,68.0,72.0,71.0,70.0,10.0,14.0,14.0,10.0,9.0
Republic of Ireland,2021,23,27.26086956521739,181.7826086956522,75.65217391304348,55.47826086956522,52.26086956521739,58.391304347826086,65.34782608695652,49.43478260869565,60.30434782608695,52.130434782608695,48.04347826086956,60.391304347826086,64.21739130434783,63.43478260869565,63.0,64.34782608695652,71.6086956521739,65.78260869565217,64.3913043478261,69.0,66.95652173913044,67.08695652173913,54.43478260869565,65.65217391304348,55.56521739130435,56.391304347826086,59.391304347826086,54.26086956521739,64.3913043478261,56.47826086956522,56.21739130434783,53.56521739130435,18.47826086956522,17.695652173913043,18.217391304347824,17.91304347826087,18.43478260869565
Romania,2021,23,27.65217391304348,183.2173913043478,77.17391304347827,52.82608695652174,52.869565217391305,54.130434782608695,63.0,49.82608695652174,58.17391304347826,54.17391304347826,51.65217391304348,59.08695652173913,60.391304347826086,66.04347826086956,64.73913043478261,67.0,68.6086956521739,66.08695652173913,65.6086956521739,64.69565217391305,68.8695652173913,69.04347826086956,54.60869565217392,61.60869565217392,49.73913043478261,54.391304347826086,59.56521739130435,55.0,64.91304347826087,47.47826086956522,50.30434782608695,48.0,17.956521739130434,17.52173913043478,19.130434782608692,18.217391304347824,19.26086956521739
Russia,2021,23,28.43478260869565,184.08695652173915,78.91304347826087,61.34782608695652,56.60869565217392,54.34782608695652,69.0,52.0,65.26086956521739,56.47826086956522,53.82608695652174,63.60869565217392,67.21739130434783,70.82608695652173,71.69565217391305,68.17391304347827,73.65217391304348,64.73913043478261,69.21739130434783,64.56521739130434,70.08695652173913,69.43478260869566,59.82608695652174,61.82608695652174,53.69565217391305,61.391304347826086,65.26086956521739,54.56521739130435,68.6086956521739,52.43478260869565,52.60869565217392,52.08695652173913,20.0,18.043478260869566,20.347826086956523,19.608695652173918,19.52173913043478
Rwanda,2021,1,23.0,180.0,77.0,63.0,58.0,61.0,68.0,68.0,61.0,60.0,64.0,69.0,65.0,67.0,56.0,73.0,60.0,68.0,74.0,76.0,66.0,67.0,66.0,74.0,64.0,61.0,62.0,58.0,65.0,64.0,64.0,63.0,6.0,12.0,8.0,7.0,8.0
Saint Kitts and Nevis,2021,2,29.5,189.0,77.5,53.0,39.0,58.0,66.5,42.5,62.5,46.0,37.0,56.5,66.0,60.0,61.5,61.5,63.5,70.0,46.0,52.5,70.5,71.0,43.0,61.5,59.0,44.5,52.5,44.5,65.0,63.5,62.5,56.5,11.0,9.0,8.5,13.5,9.0
Saint Lucia,2021,1,26.0,183.0,75.0,55.0,24.0,62.0,56.0,36.0,52.0,24.0,24.0,44.0,55.0,77.0,78.0,62.0,60.0,61.0,50.0,73.0,67.0,75.0,35.0,70.0,61.0,45.0,45.0,46.0,59.0,61.0,63.0,62.0,13.0,12.0,6.0,16.0,14.0
Saudi Arabia,2021,23,29.08695652173913,176.04347826086956,68.65217391304348,54.91304347826087,47.60869565217392,50.78260869565217,61.17391304347826,43.69565217391305,59.0,52.56521739130435,47.08695652173913,56.69565217391305,60.869565217391305,69.6086956521739,68.34782608695652,70.65217391304348,63.95652173913044,68.69565217391305,60.26086956521739,66.6086956521739,66.56521739130434,66.91304347826087,50.60869565217392,58.69565217391305,50.869565217391305,54.91304347826087,59.73913043478261,49.17391304347826,63.60869565217392,51.65217391304348,50.73913043478261,49.91304347826087,18.47826086956522,19.43478260869565,18.043478260869566,19.043478260869566,18.043478260869566
Scotland,2021,23,26.52173913043478,182.34782608695653,75.34782608695652,54.04347826086956,53.04347826086956,55.60869565217392,65.17391304347827,46.869565217391305,60.91304347826087,54.391304347826086,46.60869565217392,60.869565217391305,64.47826086956522,69.1304347826087,69.0,67.0,70.17391304347827,68.1304347826087,66.95652173913044,70.73913043478261,73.91304347826087,72.91304347826087,54.78260869565217,69.73913043478261,56.69565217391305,55.78260869565217,61.65217391304348,52.0,68.1304347826087,55.21739130434783,56.869565217391305,53.60869565217392,18.695652173913043,17.782608695652176,17.782608695652176,17.652173913043477,18.39130434782609
Senegal,2021,23,26.73913043478261,184.8695652173913,77.8695652173913,56.47826086956522,55.52173913043478,64.91304347826087,66.73913043478261,50.21739130434783,66.82608695652173,53.52173913043478,47.391304347826086,59.43478260869565,68.65217391304348,71.21739130434783,73.34782608695652,67.91304347826087,73.78260869565217,62.26086956521739,71.0,71.69565217391305,70.0,77.04347826086956,56.21739130434783,63.34782608695652,49.391304347826086,62.69565217391305,60.91304347826087,53.34782608695652,71.3913043478261,49.95652173913044,50.43478260869565,47.91304347826087,16.08695652173913,15.565217391304348,15.043478260869565,16.652173913043477,17.0
Serbia,2021,23,27.43478260869565,187.2173913043478,81.04347826086956,63.91304347826087,58.82608695652174,65.26086956521739,72.47826086956522,56.34782608695652,66.3913043478261,62.52173913043478,58.65217391304348,68.69565217391305,71.6086956521739,62.391304347826086,63.0,61.30434782608695,76.65217391304348,60.43478260869565,73.34782608695652,66.1304347826087,72.30434782608695,75.95652173913044,63.78260869565217,69.08695652173913,59.21739130434783,61.30434782608695,68.08695652173913,58.52173913043478,75.1304347826087,61.04347826086956,61.26086956521739,57.26086956521739,16.695652173913043,17.565217391304348,16.043478260869566,17.217391304347824,17.608695652173914
Sierra Leone,2021,9,25.55555555555556,181.22222222222223,74.44444444444444,50.333333333333336,57.44444444444444,61.888888888888886,59.0,52.77777777777778,64.11111111111111,48.66666666666666,39.888888888888886,45.888888888888886,61.77777777777778,79.22222222222223,79.44444444444444,73.0,61.77777777777778,71.11111111111111,62.22222222222222,74.22222222222223,70.0,67.88888888888889,54.22222222222222,66.22222222222223,35.55555555555556,61.888888888888886,54.44444444444444,55.44444444444444,57.77777777777778,44.44444444444444,36.55555555555556,36.22222222222222,10.333333333333334,8.555555555555555,10.444444444444445,8.777777777777779,10.88888888888889
Slovakia,2021,23,27.608695652173918,184.6086956521739,78.04347826086956,51.30434782608695,46.69565217391305,54.34782608695652,65.04347826086956,46.34782608695652,59.26086956521739,50.82608695652174,46.60869565217392,61.69565217391305,63.60869565217392,61.130434782608695,59.21739130434783,63.95652173913044,71.17391304347827,64.78260869565217,65.52173913043478,68.73913043478261,68.47826086956522,70.65217391304348,51.78260869565217,62.21739130434783,56.08695652173913,51.08695652173913,60.30434782608695,49.73913043478261,68.21739130434783,58.130434782608695,59.73913043478261,56.52173913043478,21.956521739130437,20.608695652173918,21.695652173913043,20.869565217391305,22.43478260869565
Slovenia,2021,23,26.91304347826087,182.69565217391303,78.26086956521739,52.60869565217392,46.391304347826086,52.56521739130435,60.30434782608695,43.69565217391305,54.869565217391305,50.130434782608695,45.69565217391305,57.78260869565217,59.47826086956522,66.69565217391305,66.82608695652173,63.17391304347826,65.21739130434783,60.82608695652174,62.60869565217392,66.04347826086956,66.6086956521739,69.78260869565217,48.95652173913044,58.26086956521739,50.04347826086956,51.130434782608695,55.82608695652174,50.73913043478261,61.21739130434783,50.65217391304348,50.17391304347826,48.95652173913044,18.695652173913043,18.17391304347826,18.08695652173913,18.26086956521739,18.52173913043478
South Africa,2021,23,28.52173913043478,178.04347826086956,72.47826086956522,54.82608695652174,46.43478260869565,51.30434782608695,63.08695652173913,44.52173913043478,60.21739130434783,46.0,45.34782608695652,59.17391304347826,62.60869565217392,68.3913043478261,67.52173913043478,61.73913043478261,65.34782608695652,67.69565217391305,58.34782608695652,67.82608695652173,65.82608695652173,61.78260869565217,45.08695652173913,54.17391304347826,50.91304347826087,52.17391304347826,57.78260869565217,50.391304347826086,63.21739130434783,56.08695652173913,55.17391304347826,50.391304347826086,18.347826086956523,18.65217391304348,19.043478260869566,18.43478260869565,19.08695652173913
South Korea,2021,23,28.52173913043478,181.91304347826087,74.82608695652173,57.17391304347826,56.26086956521739,59.65217391304348,66.91304347826087,51.95652173913044,64.17391304347827,57.30434782608695,54.08695652173913,61.47826086956522,66.3913043478261,73.73913043478261,73.26086956521739,73.52173913043478,71.1304347826087,71.0,63.08695652173913,69.82608695652173,72.0,66.82608695652173,58.26086956521739,61.91304347826087,51.08695652173913,61.130434782608695,68.56521739130434,54.34782608695652,66.73913043478261,49.26086956521739,50.73913043478261,46.869565217391305,16.26086956521739,16.391304347826086,15.043478260869565,15.304347826086955,17.043478260869566
South Sudan,2021,2,20.5,181.0,77.5,26.0,38.0,53.5,47.0,25.0,48.0,31.5,27.0,31.0,47.5,66.5,62.0,48.0,54.5,61.5,42.0,73.0,59.5,69.5,32.5,33.5,36.5,39.5,31.0,33.5,51.0,34.0,37.0,33.0,10.0,14.0,9.5,12.5,13.5
Spain,2021,23,25.869565217391305,182.17391304347825,75.52173913043478,67.1304347826087,61.869565217391305,63.0,76.52173913043478,58.52173913043478,71.30434782608695,66.47826086956522,53.69565217391305,71.73913043478261,76.04347826086956,72.0,70.17391304347827,73.52173913043478,80.69565217391305,69.21739130434783,70.95652173913044,69.8695652173913,74.34782608695652,65.82608695652173,61.78260869565217,62.130434782608695,60.69565217391305,68.30434782608695,74.26086956521739,58.34782608695652,77.30434782608695,59.17391304347826,59.30434782608695,57.43478260869565,20.130434782608692,20.043478260869566,18.869565217391305,19.82608695652174,20.39130434782609
Sudan,2021,4,23.5,177.5,71.0,49.0,59.75,47.75,53.5,51.0,60.25,50.0,44.5,40.25,59.25,80.0,80.25,78.75,54.0,71.75,60.0,64.5,63.25,61.75,55.75,36.0,22.0,60.0,50.75,51.5,57.5,30.25,23.5,25.25,8.5,9.5,8.75,10.25,9.0
Sweden,2021,23,28.347826086956523,185.1304347826087,77.26086956521739,57.26086956521739,54.43478260869565,53.60869565217392,68.78260869565217,52.60869565217392,63.30434782608695,59.60869565217392,51.82608695652174,62.04347826086956,67.47826086956522,61.52173913043478,62.130434782608695,65.04347826086956,73.52173913043478,62.0,69.73913043478261,63.43478260869565,69.0,70.6086956521739,57.78260869565217,63.869565217391305,51.69565217391305,58.130434782608695,66.1304347826087,54.26086956521739,70.26086956521739,49.82608695652174,50.391304347826086,47.60869565217392,18.65217391304348,17.434782608695652,18.695652173913043,19.695652173913043,18.08695652173913
Switzerland,2021,23,25.956521739130437,184.2173913043478,80.26086956521739,61.04347826086956,53.34782608695652,59.78260869565217,69.43478260869566,51.73913043478261,64.69565217391305,57.08695652173913,53.869565217391305,63.869565217391305,68.91304347826087,68.91304347826087,71.17391304347827,67.43478260869566,74.3913043478261,65.65217391304348,71.73913043478261,71.91304347826087,71.47826086956522,75.1304347826087,58.26086956521739,64.78260869565217,57.21739130434783,59.56521739130435,66.69565217391305,52.60869565217392,69.47826086956522,56.21739130434783,57.65217391304348,55.78260869565217,19.608695652173918,19.39130434782609,18.73913043478261,18.91304347826087,20.0
Syria,2021,4,29.0,181.25,75.0,61.75,63.0,57.25,68.0,59.5,68.25,63.0,62.5,60.5,70.25,69.5,66.0,72.0,65.25,67.0,68.25,61.5,63.25,68.5,64.25,63.25,44.0,68.0,67.75,63.25,65.5,48.25,37.75,37.5,9.0,8.75,9.5,10.0,10.25
São Tomé and Príncipe,2021,1,33.0,176.0,70.0,64.0,68.0,67.0,62.0,69.0,65.0,62.0,81.0,57.0,65.0,69.0,69.0,69.0,72.0,74.0,81.0,62.0,68.0,74.0,79.0,72.0,34.0,69.0,61.0,66.0,66.0,30.0,30.0,27.0,8.0,9.0,12.0,13.0,11.0
Taiwan,2021,2,28.5,182.0,72.5,61.0,39.5,65.5,52.5,40.0,58.5,42.0,51.5,53.5,59.0,66.0,67.5,69.0,64.5,65.0,63.0,72.5,71.5,71.5,48.5,67.0,68.0,47.0,44.5,53.0,58.5,62.5,68.5,64.0,9.0,9.5,8.5,9.5,12.5
Tanzania,2021,1,27.0,183.0,80.0,69.0,79.0,79.0,75.0,76.0,71.0,65.0,57.0,45.0,72.0,78.0,79.0,75.0,73.0,69.0,78.0,88.0,77.0,72.0,67.0,66.0,18.0,79.0,63.0,70.0,78.0,32.0,28.0,23.0,12.0,14.0,9.0,7.0,9.0
Thailand,2021,4,29.5,173.25,66.75,47.0,49.75,36.5,52.25,46.5,57.0,55.25,50.0,47.5,61.5,67.25,62.0,67.0,63.5,67.75,61.25,47.25,62.75,40.0,53.0,45.0,34.0,54.75,54.75,53.25,51.25,39.25,28.5,28.0,24.75,26.25,23.25,24.5,23.5
Togo,2021,14,26.357142857142858,183.64285714285717,78.21428571428571,52.21428571428572,51.5,59.85714285714285,61.21428571428572,49.785714285714285,58.785714285714285,51.35714285714285,46.785714285714285,54.0,62.57142857142857,66.42857142857143,69.5,66.64285714285714,63.0,61.35714285714285,64.42857142857143,66.5,60.5,72.85714285714286,52.5,56.92857142857143,39.07142857142857,53.71428571428572,53.85714285714285,55.642857142857146,59.85714285714285,39.57142857142857,42.0,38.07142857142857,14.214285714285714,13.214285714285714,13.214285714285714,14.785714285714286,14.0
Trinidad and Tobago,2021,6,26.83333333333333,182.5,77.0,52.5,42.5,43.5,54.0,35.833333333333336,56.333333333333336,46.333333333333336,39.833333333333336,49.66666666666666,55.833333333333336,65.0,61.5,64.16666666666667,59.333333333333336,62.0,58.5,63.5,58.66666666666666,64.33333333333333,45.0,54.0,42.333333333333336,47.5,52.5,38.833333333333336,57.333333333333336,46.0,47.5,45.333333333333336,15.666666666666666,17.0,18.33333333333333,16.5,16.0
Tunisia,2021,23,27.0,181.30434782608697,74.43478260869566,60.91304347826087,54.26086956521739,56.56521739130435,67.17391304347827,52.08695652173913,66.43478260869566,57.65217391304348,53.130434782608695,61.82608695652174,68.30434782608695,70.34782608695652,70.8695652173913,70.78260869565217,65.21739130434783,67.3913043478261,66.0,64.34782608695652,69.65217391304348,66.65217391304348,59.08695652173913,61.82608695652174,53.08695652173913,58.52173913043478,60.69565217391305,56.82608695652174,64.3913043478261,51.60869565217392,53.869565217391305,51.47826086956522,10.565217391304348,9.652173913043478,10.869565217391305,9.608695652173912,11.521739130434783
Turkey,2021,23,25.43478260869565,183.3913043478261,77.26086956521739,58.04347826086956,49.60869565217392,57.95652173913044,68.1304347826087,49.78260869565217,64.8695652173913,59.21739130434783,48.73913043478261,62.869565217391305,67.26086956521739,69.73913043478261,69.52173913043478,68.78260869565217,72.17391304347827,65.82608695652173,70.04347826086956,67.91304347826087,69.82608695652173,70.1304347826087,57.26086956521739,64.95652173913044,54.26086956521739,57.60869565217392,62.78260869565217,50.60869565217392,68.65217391304348,54.47826086956522,54.78260869565217,51.60869565217392,18.130434782608692,19.91304347826087,18.82608695652174,19.17391304347826,19.217391304347824
Uganda,2021,9,25.0,181.55555555555557,74.77777777777777,52.22222222222222,44.888888888888886,52.77777777777778,59.11111111111112,44.66666666666666,59.77777777777778,49.11111111111112,39.66666666666666,54.333333333333336,61.66666666666666,67.11111111111111,66.88888888888889,66.44444444444444,59.77777777777778,68.0,62.44444444444444,68.55555555555556,70.33333333333333,72.44444444444444,48.888888888888886,60.333333333333336,51.22222222222222,53.11111111111112,54.55555555555556,47.888888888888886,57.66666666666666,51.11111111111112,51.888888888888886,47.77777777777778,10.444444444444445,10.77777777777778,9.333333333333334,11.88888888888889,8.444444444444445
Ukraine,2021,23,27.130434782608692,182.8695652173913,77.30434782608695,55.17391304347826,55.08695652173913,52.869565217391305,69.04347826086956,46.56521739130435,60.91304347826087,51.26086956521739,50.08695652173913,61.95652173913044,65.1304347826087,68.0,68.21739130434783,66.34782608695652,75.21739130434783,64.0,67.08695652173913,64.0,68.6086956521739,66.47826086956522,60.47826086956522,61.17391304347826,57.65217391304348,56.52173913043478,65.52173913043478,50.78260869565217,69.47826086956522,55.08695652173913,55.391304347826086,51.30434782608695,18.869565217391305,18.30434782608696,19.565217391304348,19.30434782608696,19.782608695652176
United Arab Emirates,2021,22,26.681818181818183,176.45454545454547,69.5909090909091,47.27272727272727,39.27272727272727,49.81818181818182,54.86363636363637,40.18181818181818,52.18181818181818,47.13636363636363,37.63636363636363,50.45454545454545,55.13636363636363,64.31818181818181,65.4090909090909,62.36363636363637,60.63636363636363,68.13636363636364,51.59090909090909,62.72727272727273,61.63636363636363,59.04545454545455,38.68181818181818,55.36363636363637,44.95454545454545,46.13636363636363,53.81818181818182,39.36363636363637,57.27272727272727,44.63636363636363,47.13636363636363,45.27272727272727,17.5,18.5,16.227272727272727,17.272727272727273,18.227272727272727
United States,2021,23,25.26086956521739,181.82608695652172,78.04347826086956,51.869565217391305,51.47826086956522,56.82608695652174,67.47826086956522,49.56521739130435,63.130434782608695,52.869565217391305,42.73913043478261,60.17391304347826,65.26086956521739,71.82608695652173,73.04347826086956,70.26086956521739,70.91304347826087,68.3913043478261,65.30434782608695,70.52173913043478,71.78260869565217,68.91304347826087,49.04347826086956,64.43478260869566,50.56521739130435,58.52173913043478,62.78260869565217,52.130434782608695,67.21739130434783,50.04347826086956,51.56521739130435,48.391304347826086,17.695652173913043,18.26086956521739,19.08695652173913,18.82608695652174,19.17391304347826
Uruguay,2021,23,31.30434782608696,180.30434782608697,76.17391304347827,57.34782608695652,53.65217391304348,59.82608695652174,66.47826086956522,53.69565217391305,63.65217391304348,58.04347826086956,55.04347826086956,61.52173913043478,66.30434782608695,72.69565217391305,72.47826086956522,68.43478260869566,78.91304347826087,65.73913043478261,65.1304347826087,66.21739130434783,70.08695652173913,69.43478260869566,57.34782608695652,64.17391304347827,55.60869565217392,56.69565217391305,66.21739130434783,59.69565217391305,71.82608695652173,54.30434782608695,53.56521739130435,52.43478260869565,19.956521739130437,20.565217391304348,20.43478260869565,20.0,19.956521739130437
Uzbekistan,2021,7,24.142857142857142,178.14285714285714,71.57142857142857,49.71428571428572,48.71428571428572,56.42857142857143,66.57142857142857,42.85714285714285,57.142857142857146,51.285714285714285,50.285714285714285,60.85714285714285,58.85714285714285,65.14285714285714,66.85714285714286,58.0,56.71428571428572,72.0,61.285714285714285,62.71428571428572,68.28571428571429,64.14285714285714,54.285714285714285,56.42857142857143,52.142857142857146,54.285714285714285,57.0,49.142857142857146,59.142857142857146,52.285714285714285,53.285714285714285,52.85714285714285,10.714285714285714,10.0,10.857142857142858,11.142857142857142,10.571428571428571
Venezuela,2021,23,26.347826086956523,181.08695652173915,77.04347826086956,51.869565217391305,46.91304347826087,56.21739130434783,61.130434782608695,45.130434782608695,56.65217391304348,51.21739130434783,45.869565217391305,55.65217391304348,60.65217391304348,63.34782608695652,64.52173913043478,64.26086956521739,66.0,64.82608695652173,63.0,73.04347826086956,65.73913043478261,69.21739130434783,51.34782608695652,61.73913043478261,49.43478260869565,52.60869565217392,57.0,51.08695652173913,63.82608695652174,49.52173913043478,50.30434782608695,47.69565217391305,17.043478260869566,17.695652173913043,17.130434782608695,18.217391304347824,17.73913043478261
Wales,2021,23,26.08695652173913,181.34782608695653,75.0,56.56521739130435,48.65217391304348,53.65217391304348,65.0,43.91304347826087,60.65217391304348,51.17391304347826,44.52173913043478,61.43478260869565,64.08695652173913,65.69565217391305,65.08695652173913,65.69565217391305,70.43478260869566,68.08695652173913,62.78260869565217,63.69565217391305,67.26086956521739,65.56521739130434,49.869565217391305,62.21739130434783,52.47826086956522,52.52173913043478,61.91304347826087,51.65217391304348,66.78260869565217,52.69565217391305,54.56521739130435,50.82608695652174,18.26086956521739,18.869565217391305,18.52173913043478,18.43478260869565,18.130434782608692
Zambia,2021,11,23.90909090909091,179.8181818181818,73.63636363636364,53.72727272727273,63.0,56.18181818181818,60.0,59.45454545454545,65.81818181818181,51.63636363636363,46.72727272727273,49.0,65.27272727272727,77.18181818181819,76.18181818181819,72.54545454545455,61.36363636363637,72.54545454545455,65.27272727272727,74.0,69.63636363636364,62.27272727272727,62.0,49.36363636363637,36.72727272727273,60.90909090909091,57.63636363636363,58.27272727272727,59.72727272727273,38.45454545454545,38.0,35.45454545454545,11.727272727272728,8.727272727272727,9.181818181818182,9.727272727272728,11.090909090909092
Zimbabwe,2021,11,27.09090909090909,180.3636363636364,74.72727272727273,52.0,56.45454545454545,60.36363636363637,61.72727272727273,53.63636363636363,65.18181818181819,53.0,43.63636363636363,55.81818181818182,64.36363636363636,76.0909090909091,74.81818181818181,69.45454545454545,64.0909090909091,70.63636363636364,66.27272727272727,70.27272727272727,70.27272727272727,72.0909090909091,54.63636363636363,65.63636363636364,47.0,59.81818181818182,58.27272727272727,57.63636363636363,62.81818181818182,45.72727272727273,50.0,48.09090909090909,11.363636363636363,9.090909090909092,9.272727272727272,11.272727272727272,10.181818181818182
Afghanistan,2022,1,23.0,172.0,61.0,58.0,64.0,35.0,58.0,62.0,68.0,51.0,47.0,43.0,63.0,83.0,82.0,90.0,49.0,80.0,64.0,48.0,59.0,39.0,43.0,32.0,20.0,62.0,58.0,62.0,52.0,35.0,33.0,35.0,13.0,6.0,10.0,10.0,7.0
Albania,2022,23,27.217391304347824,183.56521739130437,76.56521739130434,51.17391304347826,47.56521739130435,59.73913043478261,62.0,42.73913043478261,56.91304347826087,48.08695652173913,43.47826086956522,54.69565217391305,62.08695652173913,63.47826086956522,64.95652173913044,63.130434782608695,68.1304347826087,63.52173913043478,61.60869565217392,68.73913043478261,68.3913043478261,70.8695652173913,48.34782608695652,69.3913043478261,53.65217391304348,52.391304347826086,55.65217391304348,51.56521739130435,65.8695652173913,56.30434782608695,54.60869565217392,50.65217391304348,16.17391304347826,15.304347826086955,16.08695652173913,17.0,16.782608695652176
Algeria,2022,23,28.39130434782609,180.34782608695653,73.8695652173913,68.56521739130434,61.391304347826086,58.30434782608695,72.47826086956522,58.04347826086956,72.43478260869566,66.95652173913044,60.69565217391305,67.52173913043478,72.30434782608695,71.08695652173913,70.30434782608695,74.08695652173913,72.3913043478261,70.69565217391305,70.69565217391305,67.8695652173913,68.82608695652173,67.17391304347827,62.130434782608695,65.30434782608695,46.73913043478261,66.78260869565217,71.08695652173913,61.91304347826087,72.69565217391305,45.69565217391305,47.04347826086956,42.0,15.956521739130435,15.956521739130435,15.73913043478261,16.304347826086957,17.17391304347826
Andorra,2022,1,31.0,184.0,79.0,53.0,28.0,68.0,56.0,41.0,52.0,37.0,29.0,57.0,56.0,53.0,65.0,46.0,60.0,53.0,58.0,75.0,63.0,80.0,32.0,72.0,58.0,39.0,48.0,45.0,56.0,56.0,62.0,64.0,9.0,7.0,12.0,8.0,6.0
Angola,2022,17,24.58823529411765,176.52941176470588,71.29411764705883,55.70588235294117,52.23529411764706,55.64705882352941,63.47058823529412,52.88235294117647,65.23529411764706,54.88235294117647,45.47058823529412,56.588235294117645,65.41176470588235,77.82352941176471,78.29411764705883,75.05882352941177,60.8235294117647,73.76470588235294,61.76470588235294,73.47058823529412,69.0,60.70588235294117,54.05882352941177,56.52941176470589,45.1764705882353,58.52941176470589,55.41176470588236,52.47058823529412,62.41176470588236,46.294117647058826,47.05882352941177,45.0,9.941176470588236,10.411764705882351,10.470588235294118,9.941176470588236,10.647058823529411
Antigua and Barbuda,2022,3,25.33333333333333,176.33333333333334,75.0,59.66666666666666,43.333333333333336,54.333333333333336,58.333333333333336,32.666666666666664,61.66666666666666,52.333333333333336,34.0,53.333333333333336,59.0,76.66666666666667,78.33333333333333,71.0,59.0,67.0,52.66666666666666,72.66666666666667,80.33333333333333,69.33333333333333,45.0,62.66666666666666,60.333333333333336,56.0,56.333333333333336,40.0,56.333333333333336,60.66666666666666,62.0,60.66666666666666,9.0,11.666666666666666,11.0,13.333333333333334,11.0
Argentina,2022,23,27.565217391304348,179.43478260869566,74.1304347826087,64.82608695652173,61.08695652173913,60.95652173913044,74.78260869565217,59.91304347826087,70.04347826086956,66.47826086956522,56.130434782608695,69.34782608695652,75.30434782608695,73.95652173913044,70.34782608695652,74.0,80.34782608695652,73.69565217391305,73.69565217391305,70.1304347826087,73.52173913043478,72.6086956521739,63.82608695652174,69.34782608695652,56.130434782608695,65.47826086956522,73.65217391304348,58.52173913043478,77.6086956521739,55.30434782608695,56.95652173913044,54.73913043478261,18.869565217391305,18.956521739130437,18.043478260869566,19.869565217391305,20.39130434782609
Armenia,2022,7,28.428571428571427,183.28571428571428,77.0,46.42857142857143,51.57142857142857,58.42857142857143,60.285714285714285,45.71428571428572,57.285714285714285,42.71428571428572,33.142857142857146,52.57142857142857,59.85714285714285,63.71428571428572,62.71428571428572,64.71428571428571,64.42857142857143,65.85714285714286,59.285714285714285,69.0,65.85714285714286,69.0,46.85714285714285,56.71428571428572,37.285714285714285,54.285714285714285,55.142857142857146,53.142857142857146,61.85714285714285,42.57142857142857,37.57142857142857,38.42857142857143,16.142857142857142,17.428571428571427,14.857142857142858,13.142857142857142,15.0
Australia,2022,23,27.82608695652174,183.2608695652174,76.43478260869566,54.43478260869565,51.26086956521739,54.56521739130435,63.08695652173913,45.52173913043478,58.08695652173913,53.869565217391305,46.65217391304348,57.91304347826087,60.82608695652174,69.95652173913044,68.3913043478261,69.47826086956522,66.3913043478261,65.21739130434783,63.43478260869565,71.56521739130434,71.78260869565217,70.91304347826087,51.73913043478261,62.60869565217392,54.47826086956522,54.65217391304348,60.0,51.95652173913044,65.65217391304348,52.391304347826086,54.47826086956522,51.65217391304348,20.08695652173913,18.956521739130437,19.0,19.26086956521739,19.43478260869565
Austria,2022,23,27.08695652173913,183.0434782608696,77.91304347826087,57.04347826086956,53.69565217391305,57.65217391304348,67.3913043478261,50.95652173913044,61.60869565217392,54.43478260869565,53.43478260869565,63.47826086956522,65.3913043478261,66.82608695652173,66.95652173913044,65.52173913043478,73.69565217391305,65.95652173913044,66.82608695652173,66.65217391304348,69.56521739130434,69.91304347826087,58.0,64.69565217391305,55.82608695652174,57.73913043478261,63.0,54.0,68.34782608695652,57.04347826086956,57.17391304347826,54.34782608695652,19.130434782608692,17.782608695652176,17.91304347826087,19.17391304347826,19.43478260869565
Azerbaijan,2022,8,24.75,182.375,73.375,53.625,50.5,56.375,57.0,47.75,61.75,53.625,42.5,48.25,58.875,70.5,69.25,71.5,59.125,68.5,59.375,61.25,58.5,60.5,51.125,54.125,41.375,54.0,51.5,56.25,57.125,41.625,46.625,43.375,8.5,11.0,8.375,7.25,11.125
Barbados,2022,1,27.0,179.0,76.0,59.0,61.0,57.0,60.0,50.0,62.0,54.0,60.0,44.0,60.0,72.0,74.0,61.0,60.0,75.0,63.0,48.0,68.0,61.0,57.0,44.0,24.0,63.0,55.0,62.0,58.0,27.0,29.0,25.0,10.0,12.0,7.0,10.0,9.0
Belarus,2022,4,20.5,183.75,75.75,53.0,58.75,59.5,61.75,49.75,67.0,54.0,39.0,55.25,62.75,73.5,67.25,69.5,60.5,62.75,59.5,60.25,65.0,64.5,54.5,47.75,25.5,60.0,54.25,59.0,50.5,25.75,28.5,29.75,7.0,10.75,9.5,9.25,9.25
Belgium,2022,23,29.17391304347826,184.2608695652174,80.08695652173913,64.04347826086956,60.17391304347826,62.17391304347826,72.8695652173913,58.78260869565217,67.3913043478261,63.47826086956522,56.78260869565217,67.52173913043478,71.47826086956522,68.3913043478261,68.95652173913044,67.91304347826087,78.30434782608695,64.43478260869566,74.69565217391305,71.95652173913044,67.73913043478261,73.26086956521739,62.82608695652174,63.04347826086956,54.30434782608695,63.47826086956522,69.04347826086956,60.43478260869565,77.6086956521739,53.47826086956522,54.43478260869565,51.0,18.91304347826087,18.565217391304348,19.217391304347824,19.782608695652176,19.30434782608696
Belize,2022,1,27.0,175.0,75.0,53.0,52.0,56.0,62.0,51.0,64.0,50.0,55.0,58.0,64.0,61.0,65.0,64.0,60.0,68.0,68.0,69.0,73.0,67.0,60.0,76.0,64.0,64.0,65.0,63.0,62.0,58.0,64.0,56.0,6.0,11.0,14.0,15.0,7.0
Benin,2022,10,26.0,184.4,76.6,50.9,55.0,56.5,58.1,47.5,60.2,50.6,42.6,49.5,62.5,67.1,66.5,67.3,63.4,56.6,63.4,67.0,63.2,68.9,51.6,57.8,39.1,56.0,57.1,50.7,62.3,39.1,43.8,40.5,15.6,17.4,15.7,16.5,17.0
Bermuda,2022,1,31.0,170.0,69.0,60.0,72.0,68.0,64.0,68.0,67.0,67.0,67.0,53.0,70.0,75.0,73.0,78.0,71.0,78.0,69.0,64.0,69.0,55.0,65.0,68.0,49.0,74.0,69.0,68.0,68.0,35.0,43.0,35.0,10.0,6.0,13.0,11.0,7.0
Bhutan,2022,1,25.0,173.0,73.0,57.0,62.0,54.0,52.0,54.0,65.0,60.0,46.0,50.0,57.0,80.0,86.0,82.0,44.0,77.0,60.0,71.0,78.0,55.0,54.0,36.0,27.0,62.0,62.0,61.0,67.0,40.0,31.0,34.0,10.0,11.0,13.0,7.0,14.0
Bolivia,2022,23,28.608695652173918,175.7826086956522,71.34782608695652,53.47826086956522,44.130434782608695,48.26086956521739,59.78260869565217,34.73913043478261,54.869565217391305,43.04347826086956,46.65217391304348,53.69565217391305,60.08695652173913,64.65217391304348,65.3913043478261,63.0,62.21739130434783,65.65217391304348,52.17391304347826,59.73913043478261,70.17391304347827,54.21739130434783,45.34782608695652,48.34782608695652,47.95652173913044,49.69565217391305,54.17391304347826,48.60869565217392,52.73913043478261,47.56521739130435,52.95652173913044,48.91304347826087,18.043478260869566,17.391304347826086,16.652173913043477,18.608695652173918,16.869565217391305
Bosnia and Herzegovina,2022,23,28.65217391304348,183.7826086956522,78.08695652173913,61.56521739130435,54.0,60.69565217391305,69.3913043478261,55.08695652173913,64.43478260869566,60.95652173913044,56.52173913043478,66.21739130434783,69.0,65.73913043478261,67.17391304347827,66.1304347826087,70.78260869565217,63.91304347826087,71.95652173913044,65.43478260869566,73.6086956521739,74.08695652173913,62.08695652173913,69.73913043478261,57.73913043478261,60.21739130434783,64.1304347826087,59.08695652173913,69.69565217391305,56.43478260869565,56.91304347826087,52.52173913043478,14.0,13.043478260869565,12.956521739130435,13.608695652173912,13.869565217391305
Brazil,2022,23,25.869565217391305,178.47826086956522,74.30434782608695,59.26086956521739,55.43478260869565,57.391304347826086,69.17391304347827,53.69565217391305,65.52173913043478,55.52173913043478,56.04347826086956,63.91304347826087,68.43478260869566,75.34782608695652,73.91304347826087,71.47826086956522,78.78260869565217,67.3913043478261,66.0,68.34782608695652,70.17391304347827,66.8695652173913,58.26086956521739,60.0,52.869565217391305,58.91304347826087,65.91304347826087,56.17391304347826,69.95652173913044,50.0,51.08695652173913,50.04347826086956,19.956521739130437,20.52173913043478,19.565217391304348,19.65217391304348,19.695652173913043
Bulgaria,2022,23,24.608695652173918,184.56521739130437,76.0,44.34782608695652,40.95652173913044,51.21739130434783,53.78260869565217,39.52173913043478,49.69565217391305,41.60869565217392,40.82608695652174,49.30434782608695,53.69565217391305,63.65217391304348,63.47826086956522,60.82608695652174,60.08695652173913,58.869565217391305,55.26086956521739,62.69565217391305,61.17391304347826,65.78260869565217,43.391304347826086,54.04347826086956,45.43478260869565,46.69565217391305,49.30434782608695,45.391304347826086,53.34782608695652,44.391304347826086,46.30434782608695,45.43478260869565,18.130434782608692,17.869565217391305,16.956521739130434,17.52173913043478,16.956521739130434
Burkina Faso,2022,16,22.0625,181.875,74.8125,48.375,45.3125,54.0,59.75,40.125,57.75,42.125,40.0,53.3125,62.5,71.6875,71.6875,66.8125,60.6875,64.125,56.875,70.4375,60.8125,64.6875,42.6875,56.5625,45.75,45.9375,52.0,48.5,58.25,45.5625,47.25,46.3125,13.875,12.875,14.125,14.4375,15.3125
Burundi,2022,9,23.22222222222222,175.11111111111111,73.44444444444444,50.44444444444444,48.0,52.888888888888886,57.66666666666666,46.22222222222222,60.77777777777778,48.77777777777778,44.0,52.888888888888886,59.888888888888886,73.22222222222223,74.77777777777777,67.55555555555556,55.22222222222222,68.44444444444444,60.11111111111112,65.66666666666667,62.333333333333336,61.22222222222222,45.22222222222222,51.22222222222222,44.0,49.55555555555556,50.55555555555556,51.66666666666666,57.11111111111112,41.888888888888886,48.66666666666666,48.55555555555556,9.555555555555555,10.444444444444445,10.444444444444445,9.88888888888889,12.333333333333334
Cameroon,2022,23,27.565217391304348,184.1304347826087,79.34782608695652,55.95652173913044,60.869565217391305,68.78260869565217,70.82608695652173,55.56521739130435,70.04347826086956,59.34782608695652,44.52173913043478,62.56521739130435,72.95652173913044,72.52173913043478,75.65217391304348,69.17391304347827,71.47826086956522,64.6086956521739,71.65217391304348,74.91304347826087,75.52173913043478,79.34782608695652,60.78260869565217,68.56521739130434,52.47826086956522,68.0,63.69565217391305,59.78260869565217,71.52173913043478,53.0,50.43478260869565,47.34782608695652,10.652173913043478,11.173913043478262,9.652173913043478,10.043478260869565,10.782608695652174
Canada,2022,23,27.17391304347826,182.43478260869568,78.78260869565217,50.95652173913044,48.95652173913044,56.56521739130435,64.73913043478261,43.95652173913044,59.82608695652174,50.65217391304348,40.26086956521739,57.52173913043478,62.34782608695652,67.73913043478261,67.52173913043478,66.26086956521739,67.47826086956522,63.47826086956522,63.56521739130435,70.56521739130434,70.52173913043478,74.04347826086956,47.95652173913044,61.65217391304348,50.91304347826087,54.34782608695652,59.21739130434783,49.47826086956522,66.26086956521739,51.30434782608695,52.52173913043478,48.69565217391305,18.39130434782609,17.608695652173914,17.08695652173913,17.73913043478261,18.347826086956523
Cape Verde,2022,21,27.38095238095238,182.14285714285717,75.52380952380952,51.76190476190476,53.61904761904762,59.38095238095238,62.285714285714285,48.85714285714285,61.71428571428572,52.0,46.42857142857143,54.04761904761905,65.04761904761905,68.95238095238095,69.38095238095238,66.47619047619048,65.76190476190476,65.0952380952381,63.76190476190476,69.04761904761905,68.95238095238095,70.52380952380952,54.42857142857143,62.142857142857146,45.23809523809524,55.80952380952381,57.66666666666666,55.71428571428572,63.76190476190476,44.095238095238095,44.095238095238095,42.285714285714285,13.238095238095235,12.047619047619047,13.666666666666666,12.476190476190476,11.952380952380953
Central African Republic,2022,2,27.5,189.5,78.0,53.0,52.5,68.5,72.5,47.5,68.0,49.5,49.0,70.0,70.0,58.5,61.0,60.0,71.0,62.0,77.0,71.5,76.5,89.5,67.5,82.0,70.5,63.0,70.0,49.5,71.5,70.0,72.0,70.5,14.5,12.0,12.0,9.5,11.5
Chad,2022,2,25.5,188.0,83.0,52.0,65.0,63.0,60.0,63.0,67.0,56.0,43.5,46.0,63.5,79.5,80.0,69.0,62.5,60.0,74.5,76.0,67.0,72.0,62.5,56.5,20.0,67.0,60.0,66.0,59.0,18.0,20.5,22.5,9.5,12.5,7.0,13.0,11.0
Chile,2022,23,30.82608695652174,177.2608695652174,73.08695652173913,59.30434782608695,54.30434782608695,59.65217391304348,71.34782608695652,52.04347826086956,66.04347826086956,58.04347826086956,52.52173913043478,67.91304347826087,69.82608695652173,67.34782608695652,65.78260869565217,71.69565217391305,72.17391304347827,70.17391304347827,69.43478260869566,72.43478260869566,70.65217391304348,69.78260869565217,59.0,68.0,59.130434782608695,60.91304347826087,66.78260869565217,58.30434782608695,69.69565217391305,57.69565217391305,58.0,55.30434782608695,16.217391304347824,14.782608695652174,16.043478260869566,16.869565217391305,16.652173913043477
China,2022,23,29.347826086956523,182.0434782608696,74.6086956521739,54.08695652173913,49.52173913043478,56.47826086956522,61.26086956521739,47.391304347826086,57.69565217391305,53.47826086956522,50.43478260869565,60.0,61.04347826086956,71.26086956521739,70.52173913043478,68.17391304347827,65.82608695652173,68.56521739130434,63.34782608695652,71.52173913043478,71.26086956521739,69.65217391304348,52.130434782608695,59.95652173913044,52.391304347826086,55.91304347826087,61.73913043478261,50.65217391304348,63.17391304347826,52.52173913043478,51.30434782608695,49.30434782608695,18.82608695652174,18.65217391304348,17.217391304347824,18.39130434782609,19.043478260869566
Colombia,2022,23,29.47826086956522,181.6086956521739,77.69565217391305,61.52173913043478,62.34782608695652,65.04347826086956,70.8695652173913,57.34782608695652,69.43478260869566,60.52173913043478,53.17391304347826,63.78260869565217,71.56521739130434,70.34782608695652,71.6086956521739,72.43478260869566,76.21739130434783,67.56521739130434,73.21739130434783,72.0,69.34782608695652,72.47826086956522,60.391304347826086,68.91304347826087,50.91304347826087,65.21739130434783,66.73913043478261,60.82608695652174,73.34782608695652,51.04347826086956,50.30434782608695,45.91304347826087,16.47826086956522,16.52173913043478,16.565217391304348,15.652173913043478,17.347826086956523
Comoros,2022,8,26.125,176.25,69.625,60.25,53.25,51.75,65.0,52.625,67.125,62.125,58.375,56.625,66.375,78.375,78.5,77.5,61.625,75.375,63.5,61.625,71.875,61.0,54.0,50.125,54.125,57.375,62.25,57.125,59.875,51.75,54.5,50.375,8.875,9.625,9.625,10.875,10.625
Congo,2022,16,24.625,181.8125,77.5625,47.1875,56.0625,57.625,58.8125,50.9375,59.375,45.3125,40.25,48.5,61.0,67.125,69.25,64.4375,61.25,59.8125,65.5,66.875,65.5,72.875,54.6875,55.0,37.625,57.9375,55.625,54.3125,59.125,36.75,38.625,36.5,14.625,13.375,14.8125,15.0625,14.125
Costa Rica,2022,23,28.043478260869566,178.04347826086956,72.91304347826087,56.04347826086956,53.34782608695652,52.869565217391305,63.26086956521739,49.43478260869565,64.26086956521739,56.0,51.391304347826086,56.391304347826086,63.69565217391305,72.6086956521739,71.78260869565217,70.52173913043478,64.82608695652173,69.91304347826087,65.73913043478261,66.69565217391305,66.56521739130434,66.17391304347827,53.82608695652174,62.78260869565217,47.26086956521739,59.65217391304348,60.21739130434783,52.0,62.30434782608695,48.60869565217392,47.17391304347826,44.0,13.652173913043478,14.391304347826088,12.608695652173912,13.26086956521739,14.565217391304348
Croatia,2022,23,27.91304347826087,183.2608695652174,77.47826086956522,68.21739130434783,64.8695652173913,64.04347826086956,76.47826086956522,64.91304347826087,75.52173913043478,68.0,62.17391304347826,68.21739130434783,77.43478260869566,72.1304347826087,70.8695652173913,73.95652173913044,76.21739130434783,67.08695652173913,75.78260869565217,67.73913043478261,73.8695652173913,70.8695652173913,65.65217391304348,66.43478260869566,53.78260869565217,68.8695652173913,71.73913043478261,64.30434782608695,75.78260869565217,56.43478260869565,56.08695652173913,49.65217391304348,13.434782608695652,13.391304347826088,12.956521739130435,13.521739130434783,13.652173913043478
Cuba,2022,3,31.0,176.66666666666666,75.0,60.66666666666666,57.66666666666666,49.0,68.66666666666667,55.66666666666666,68.66666666666667,54.66666666666666,46.66666666666666,60.66666666666666,70.66666666666667,71.0,64.33333333333333,70.33333333333333,64.0,74.0,70.33333333333333,51.0,62.333333333333336,70.33333333333333,56.0,59.66666666666666,46.333333333333336,66.33333333333333,65.33333333333333,55.66666666666666,61.66666666666666,53.66666666666666,58.0,49.333333333333336,9.666666666666666,11.666666666666666,11.333333333333334,10.666666666666666,10.333333333333334
Curaçao,2022,11,27.727272727272727,183.0909090909091,77.54545454545455,52.81818181818182,53.36363636363637,53.09090909090909,60.72727272727273,50.27272727272727,60.54545454545455,49.18181818181818,50.18181818181818,53.72727272727273,61.90909090909091,66.72727272727273,68.72727272727273,64.63636363636364,63.36363636363637,63.36363636363637,69.63636363636364,67.36363636363636,63.18181818181818,75.0909090909091,55.27272727272727,59.45454545454545,43.18181818181818,55.45454545454545,59.45454545454545,55.45454545454545,60.63636363636363,42.18181818181818,44.45454545454545,40.72727272727273,17.272727272727273,18.181818181818183,14.818181818181818,16.727272727272727,17.727272727272727
Cyprus,2022,19,22.63157894736842,179.47368421052633,73.42105263157895,42.8421052631579,41.31578947368421,47.526315789473685,57.89473684210526,37.526315789473685,54.42105263157895,39.42105263157895,37.31578947368421,45.89473684210526,58.1578947368421,63.47368421052632,63.526315789473685,59.578947368421055,59.8421052631579,66.36842105263158,49.05263157894737,58.94736842105263,57.578947368421055,58.36842105263158,42.526315789473685,49.31578947368421,41.26315789473684,49.21052631578947,49.31578947368421,44.21052631578947,52.31578947368421,42.73684210526316,42.68421052631579,41.73684210526316,12.421052631578949,12.894736842105264,14.052631578947368,12.842105263157896,13.157894736842104
Czech Republic,2022,23,27.130434782608692,185.2608695652174,80.56521739130434,58.60869565217392,53.91304347826087,63.82608695652174,65.47826086956522,52.82608695652174,63.21739130434783,55.130434782608695,45.0,61.69565217391305,66.30434782608695,67.1304347826087,67.21739130434783,64.8695652173913,73.47826086956522,64.95652173913044,68.47826086956522,71.04347826086956,71.65217391304348,76.56521739130434,56.95652173913044,66.3913043478261,54.52173913043478,60.73913043478261,64.69565217391305,52.26086956521739,69.43478260869566,55.56521739130435,54.91304347826087,53.869565217391305,18.26086956521739,19.30434782608696,17.869565217391305,19.73913043478261,19.565217391304348
DR Congo,2022,23,27.30434782608696,178.47826086956522,74.82608695652173,62.78260869565217,59.82608695652174,61.130434782608695,68.26086956521739,56.30434782608695,71.65217391304348,60.26086956521739,49.73913043478261,62.95652173913044,71.47826086956522,77.52173913043478,77.95652173913044,75.56521739130434,69.3913043478261,73.69565217391305,68.3913043478261,73.73913043478261,73.91304347826087,68.6086956521739,61.43478260869565,64.56521739130434,49.73913043478261,63.52173913043478,64.1304347826087,58.30434782608695,69.17391304347827,46.82608695652174,49.78260869565217,43.78260869565217,10.304347826086955,11.043478260869565,9.826086956521738,10.73913043478261,10.304347826086955
Denmark,2022,23,27.17391304347826,186.7826086956522,81.08695652173913,56.391304347826086,54.91304347826087,62.21739130434783,69.95652173913044,51.130434782608695,62.26086956521739,57.17391304347826,53.95652173913044,67.52173913043478,68.26086956521739,64.82608695652173,67.26086956521739,63.21739130434783,74.56521739130434,62.34782608695652,70.17391304347827,71.56521739130434,69.95652173913044,73.56521739130434,56.0,64.3913043478261,54.69565217391305,58.78260869565217,67.21739130434783,52.869565217391305,70.69565217391305,56.73913043478261,54.869565217391305,48.73913043478261,18.65217391304348,18.73913043478261,19.0,18.869565217391305,19.39130434782609
Dominican Republic,2022,4,22.25,179.5,71.0,53.0,62.0,53.75,59.75,50.75,68.0,56.75,54.75,48.75,65.5,71.75,73.75,73.5,59.0,70.25,66.25,59.25,58.5,60.5,58.25,47.5,26.75,60.0,58.75,64.0,59.75,31.5,32.0,23.75,10.25,11.75,9.75,11.25,11.75
Ecuador,2022,23,28.130434782608692,176.47826086956522,72.65217391304348,58.869565217391305,53.08695652173913,59.391304347826086,68.56521739130434,49.52173913043478,64.65217391304348,58.08695652173913,52.73913043478261,61.04347826086956,69.3913043478261,73.26086956521739,72.78260869565217,71.34782608695652,69.04347826086956,72.30434782608695,64.30434782608695,66.8695652173913,72.30434782608695,69.65217391304348,54.82608695652174,61.26086956521739,52.08695652173913,62.391304347826086,63.78260869565217,56.26086956521739,64.52173913043478,52.95652173913044,52.56521739130435,49.78260869565217,13.0,13.434782608695652,13.521739130434783,13.0,12.391304347826088
Egypt,2022,12,25.58333333333333,180.75,74.33333333333333,53.0,60.25,60.41666666666666,69.41666666666667,52.583333333333336,70.33333333333333,60.833333333333336,52.583333333333336,63.083333333333336,71.75,68.33333333333333,69.75,72.16666666666667,68.0,68.58333333333333,66.83333333333333,68.83333333333333,72.41666666666667,70.5,61.833333333333336,60.66666666666666,49.333333333333336,65.08333333333333,63.5,59.16666666666666,69.66666666666667,47.75,47.083333333333336,42.75,11.416666666666666,12.0,10.916666666666666,11.416666666666666,9.25
El Salvador,2022,4,25.75,181.25,76.5,37.25,40.25,42.5,57.25,36.75,46.5,37.75,35.75,57.0,52.0,49.0,49.25,48.25,59.25,63.0,62.0,57.5,60.0,68.0,44.25,57.0,51.5,44.25,52.25,42.5,53.25,50.0,52.5,50.0,23.0,21.5,25.75,23.75,22.75
England,2022,23,24.73913043478261,182.82608695652172,76.30434782608695,66.78260869565217,59.34782608695652,59.26086956521739,76.17391304347827,55.73913043478261,71.21739130434783,64.8695652173913,57.130434782608695,72.17391304347827,75.82608695652173,72.08695652173913,73.30434782608695,71.6086956521739,81.65217391304348,69.8695652173913,73.73913043478261,69.95652173913044,76.30434782608695,70.52173913043478,60.65217391304348,69.1304347826087,59.17391304347826,66.47826086956522,74.52173913043478,57.869565217391305,77.47826086956522,59.82608695652174,60.08695652173913,55.30434782608695,19.130434782608692,19.65217391304348,19.82608695652174,18.217391304347824,20.08695652173913
Equatorial Guinea,2022,5,25.2,180.2,71.2,62.8,51.0,58.8,65.8,51.0,68.8,62.4,51.6,63.4,70.2,69.6,70.2,69.6,63.4,65.2,69.2,70.6,65.4,63.8,58.4,65.6,48.4,58.0,62.2,53.2,63.0,54.6,51.4,52.6,7.2,8.2,10.6,7.6,8.2
Eritrea,2022,1,36.0,189.0,85.0,55.0,67.0,66.0,66.0,73.0,67.0,63.0,58.0,61.0,69.0,45.0,48.0,51.0,69.0,39.0,70.0,48.0,53.0,82.0,59.0,63.0,49.0,75.0,71.0,65.0,73.0,35.0,34.0,20.0,16.0,10.0,14.0,6.0,11.0
Estonia,2022,1,18.0,182.0,76.0,59.0,37.0,50.0,51.0,28.0,61.0,40.0,39.0,47.0,52.0,64.0,69.0,56.0,56.0,61.0,37.0,61.0,57.0,58.0,29.0,63.0,55.0,50.0,45.0,46.0,40.0,58.0,61.0,62.0,15.0,6.0,13.0,12.0,14.0
Ethiopia,2022,1,35.0,176.0,62.0,64.0,55.0,62.0,63.0,63.0,66.0,58.0,61.0,55.0,67.0,68.0,70.0,91.0,68.0,80.0,73.0,72.0,67.0,37.0,66.0,60.0,56.0,63.0,58.0,44.0,61.0,56.0,56.0,55.0,6.0,6.0,13.0,12.0,9.0
Faroe Islands,2022,3,27.666666666666668,187.33333333333331,83.0,49.66666666666666,46.0,60.66666666666666,59.0,38.66666666666666,52.333333333333336,42.333333333333336,27.666666666666668,54.333333333333336,58.66666666666666,59.66666666666666,65.66666666666667,56.333333333333336,58.0,55.333333333333336,57.333333333333336,67.0,65.66666666666667,72.66666666666667,43.0,54.0,58.333333333333336,45.333333333333336,44.333333333333336,45.333333333333336,57.0,58.66666666666666,60.333333333333336,57.333333333333336,11.333333333333334,9.333333333333334,10.666666666666666,10.666666666666666,11.333333333333334
Fiji,2022,1,33.0,169.0,70.0,63.0,74.0,60.0,66.0,66.0,71.0,70.0,63.0,65.0,70.0,91.0,89.0,84.0,69.0,84.0,70.0,83.0,90.0,72.0,68.0,80.0,42.0,73.0,68.0,74.0,75.0,41.0,50.0,43.0,13.0,13.0,6.0,11.0,9.0
Finland,2022,23,27.217391304347824,185.4782608695652,78.8695652173913,49.30434782608695,46.95652173913044,52.78260869565217,59.52173913043478,43.08695652173913,54.69565217391305,49.78260869565217,42.26086956521739,55.869565217391305,58.56521739130435,61.73913043478261,61.869565217391305,59.43478260869565,66.0,57.78260869565217,64.04347826086956,63.0,66.08695652173913,69.78260869565217,49.869565217391305,59.391304347826086,50.82608695652174,50.08695652173913,57.04347826086956,46.869565217391305,62.95652173913044,49.95652173913044,51.34782608695652,49.04347826086956,18.17391304347826,18.91304347826087,17.17391304347826,18.39130434782609,17.956521739130434
France,2022,23,26.695652173913043,182.7826086956522,77.30434782608695,62.391304347826086,57.78260869565217,63.04347826086956,76.73913043478261,56.34782608695652,69.04347826086956,61.65217391304348,52.30434782608695,70.73913043478261,75.3913043478261,75.73913043478261,76.43478260869566,72.30434782608695,83.1304347826087,69.30434782608695,71.91304347826087,78.1304347826087,73.6086956521739,73.30434782608695,58.65217391304348,67.08695652173913,62.0,63.60869565217392,71.73913043478261,56.91304347826087,78.82608695652173,59.30434782608695,59.869565217391305,58.34782608695652,19.695652173913043,18.73913043478261,17.565217391304348,18.82608695652174,20.39130434782609
Gabon,2022,12,28.33333333333333,180.0,76.25,62.5,53.083333333333336,62.083333333333336,65.33333333333333,51.66666666666666,65.33333333333333,55.25,48.25,59.5,66.83333333333333,68.25,70.66666666666667,64.66666666666667,67.58333333333333,67.08333333333333,65.66666666666667,68.91666666666667,74.16666666666667,70.08333333333333,54.333333333333336,67.33333333333333,59.083333333333336,57.583333333333336,60.16666666666666,55.083333333333336,65.08333333333333,58.333333333333336,57.75,56.333333333333336,10.833333333333334,11.0,12.0,11.583333333333334,11.75
Gambia,2022,23,24.26086956521739,180.69565217391303,73.43478260869566,53.0,53.65217391304348,55.17391304347826,62.47826086956522,45.30434782608695,64.78260869565217,49.0,44.08695652173913,54.69565217391305,64.3913043478261,76.08695652173913,77.04347826086956,71.08695652173913,62.52173913043478,68.08695652173913,60.26086956521739,64.47826086956522,70.17391304347827,64.34782608695652,53.95652173913044,59.130434782608695,44.08695652173913,56.56521739130435,56.08695652173913,52.60869565217392,61.26086956521739,45.56521739130435,45.65217391304348,43.56521739130435,9.130434782608695,10.0,10.173913043478262,10.652173913043478,9.869565217391305
Georgia,2022,23,26.043478260869566,183.2608695652174,76.21739130434783,51.869565217391305,50.52173913043478,50.73913043478261,61.34782608695652,41.04347826086956,59.08695652173913,53.47826086956522,48.52173913043478,55.869565217391305,62.17391304347826,66.21739130434783,66.30434782608695,65.8695652173913,62.91304347826087,65.43478260869566,61.91304347826087,61.73913043478261,63.95652173913044,66.17391304347827,51.52173913043478,56.34782608695652,43.43478260869565,54.43478260869565,57.21739130434783,48.34782608695652,57.869565217391305,45.08695652173913,46.391304347826086,43.34782608695652,15.782608695652174,14.608695652173912,15.0,15.73913043478261,16.217391304347824
Germany,2022,23,25.08695652173913,183.8695652173913,79.26086956521739,61.60869565217392,57.69565217391305,57.73913043478261,73.8695652173913,54.47826086956522,68.73913043478261,59.21739130434783,47.56521739130435,68.26086956521739,72.82608695652173,73.43478260869566,74.52173913043478,71.21739130434783,79.6086956521739,67.82608695652173,71.73913043478261,69.69565217391305,73.1304347826087,70.82608695652173,59.95652173913044,62.26086956521739,57.78260869565217,61.130434782608695,69.56521739130434,51.47826086956522,74.6086956521739,56.30434782608695,54.82608695652174,53.30434782608695,19.73913043478261,19.91304347826087,19.695652173913043,20.217391304347824,20.47826086956522
Ghana,2022,23,26.65217391304348,181.30434782608697,75.78260869565217,57.52173913043478,54.95652173913044,64.34782608695652,69.91304347826087,51.17391304347826,67.78260869565217,58.04347826086956,44.0,61.34782608695652,69.8695652173913,73.43478260869566,76.65217391304348,71.69565217391305,70.26086956521739,68.52173913043478,68.73913043478261,77.08695652173913,72.17391304347827,75.6086956521739,56.60869565217392,71.78260869565217,57.21739130434783,58.78260869565217,59.78260869565217,53.60869565217392,68.30434782608695,56.26086956521739,59.34782608695652,54.95652173913044,12.869565217391305,12.782608695652174,12.304347826086955,13.565217391304348,12.0
Gibraltar,2022,1,21.0,175.0,74.0,61.0,56.0,51.0,63.0,51.0,67.0,56.0,32.0,46.0,60.0,84.0,83.0,74.0,66.0,76.0,59.0,63.0,71.0,59.0,54.0,63.0,23.0,64.0,59.0,63.0,54.0,27.0,29.0,28.0,15.0,6.0,9.0,13.0,15.0
Greece,2022,23,26.043478260869566,182.30434782608697,75.6086956521739,58.34782608695652,53.0,57.08695652173913,63.391304347826086,50.47826086956522,59.869565217391305,57.17391304347826,51.56521739130435,59.95652173913044,63.34782608695652,70.95652173913044,71.3913043478261,70.3913043478261,69.26086956521739,68.43478260869566,67.21739130434783,70.78260869565217,69.52173913043478,68.30434782608695,56.08695652173913,63.78260869565217,51.60869565217392,56.17391304347826,58.21739130434783,53.60869565217392,65.73913043478261,53.95652173913044,52.0,49.65217391304348,20.08695652173913,18.91304347826087,17.91304347826087,18.956521739130437,19.82608695652174
Grenada,2022,6,25.666666666666668,182.33333333333331,77.16666666666667,49.833333333333336,45.5,55.16666666666666,58.16666666666666,38.833333333333336,58.0,43.16666666666666,38.833333333333336,53.0,60.5,70.0,70.0,66.5,59.333333333333336,66.5,54.0,69.5,70.33333333333333,74.66666666666667,47.333333333333336,64.66666666666667,55.66666666666666,47.333333333333336,52.0,49.66666666666666,57.16666666666666,55.16666666666666,57.16666666666666,55.0,11.5,9.666666666666666,11.166666666666666,11.166666666666666,11.333333333333334
Guam,2022,1,33.0,175.0,68.0,59.0,49.0,58.0,66.0,48.0,57.0,61.0,55.0,58.0,63.0,66.0,62.0,72.0,62.0,79.0,53.0,73.0,64.0,69.0,36.0,71.0,64.0,55.0,56.0,52.0,64.0,64.0,62.0,63.0,13.0,9.0,16.0,12.0,11.0
Guatemala,2022,2,25.0,179.5,74.0,53.5,37.5,61.0,62.5,42.0,55.0,40.0,40.5,58.5,62.5,63.5,60.0,56.0,49.5,63.0,50.5,52.0,60.0,52.5,33.5,50.0,59.0,38.5,50.5,54.0,55.0,58.0,62.5,59.0,10.0,5.5,8.0,11.5,10.5
Guinea,2022,23,26.47826086956522,183.7826086956522,78.0,51.21739130434783,47.56521739130435,61.08695652173913,63.47826086956522,45.17391304347826,59.65217391304348,50.78260869565217,41.30434782608695,56.95652173913044,62.47826086956522,64.95652173913044,66.21739130434783,63.69565217391305,64.26086956521739,60.60869565217392,63.26086956521739,70.56521739130434,64.95652173913044,73.8695652173913,49.60869565217392,64.52173913043478,55.47826086956522,50.869565217391305,55.73913043478261,48.130434782608695,63.60869565217392,53.34782608695652,54.60869565217392,53.391304347826086,13.391304347826088,13.434782608695652,13.652173913043478,12.26086956521739,12.782608695652174
Guinea-Bissau,2022,22,24.818181818181817,179.72727272727272,73.36363636363636,53.90909090909091,49.77272727272727,55.31818181818182,62.0,48.5,62.54545454545455,53.54545454545455,43.86363636363637,55.81818181818182,63.59090909090909,71.04545454545455,73.86363636363636,70.5,61.95454545454545,67.36363636363636,65.27272727272727,69.68181818181819,68.54545454545455,67.22727272727273,52.36363636363637,64.81818181818181,49.72727272727273,55.95454545454545,53.40909090909091,52.5,60.13636363636363,49.68181818181818,52.5,48.72727272727273,9.863636363636363,10.590909090909092,10.272727272727272,11.0,9.545454545454543
Guyana,2022,7,22.142857142857142,181.7142857142857,75.28571428571429,44.42857142857143,38.57142857142857,45.71428571428572,51.71428571428572,35.42857142857143,53.0,43.71428571428572,33.57142857142857,46.285714285714285,51.42857142857143,70.0,68.85714285714286,63.71428571428572,53.285714285714285,66.71428571428571,48.71428571428572,62.42857142857143,58.85714285714285,56.42857142857143,36.0,49.142857142857146,42.0,43.85714285714285,45.285714285714285,41.0,47.85714285714285,40.142857142857146,41.71428571428572,43.42857142857143,15.285714285714286,16.428571428571427,15.571428571428571,14.285714285714286,16.285714285714285
Haiti,2022,10,25.1,179.1,77.4,46.8,43.6,48.2,55.5,42.5,52.6,43.9,32.4,45.4,56.3,68.7,69.3,62.3,58.0,63.4,55.5,64.8,61.9,69.3,42.0,53.6,45.1,47.2,49.7,45.2,57.2,44.8,45.5,41.1,13.9,14.6,14.5,17.3,15.5
Honduras,2022,11,28.363636363636363,178.45454545454547,72.9090909090909,60.81818181818182,59.36363636363637,62.54545454545455,66.63636363636364,54.54545454545455,66.72727272727273,60.0,55.27272727272727,59.81818181818182,67.27272727272727,70.45454545454545,70.45454545454545,69.54545454545455,65.45454545454545,68.27272727272727,71.0,70.36363636363636,66.54545454545455,72.0,62.72727272727273,69.72727272727273,49.27272727272727,63.90909090909091,63.72727272727273,62.18181818181818,64.72727272727273,47.45454545454545,49.63636363636363,46.81818181818182,10.545454545454543,9.272727272727272,9.909090909090908,10.727272727272728,10.454545454545457
Hong Kong,2022,2,23.0,175.5,70.5,49.5,42.5,48.0,59.5,38.5,49.0,35.5,32.5,57.0,50.0,66.5,66.5,68.0,54.5,77.0,53.0,57.0,66.0,53.0,45.0,48.0,44.0,39.0,54.5,41.0,39.5,41.0,47.0,49.5,9.0,7.5,7.5,9.5,9.5
Hungary,2022,23,27.956521739130437,182.95652173913044,77.34782608695652,55.30434782608695,49.95652173913044,54.73913043478261,61.56521739130435,45.73913043478261,56.17391304347826,48.43478260869565,43.95652173913044,52.130434782608695,61.08695652173913,66.1304347826087,65.43478260869566,62.21739130434783,68.26086956521739,62.04347826086956,60.91304347826087,63.47826086956522,64.26086956521739,67.73913043478261,50.47826086956522,58.30434782608695,47.82608695652174,54.26086956521739,54.47826086956522,53.47826086956522,64.82608695652173,47.869565217391305,47.65217391304348,45.26086956521739,19.130434782608692,18.217391304347824,17.565217391304348,18.565217391304348,18.91304347826087
Iceland,2022,23,30.08695652173913,184.69565217391303,79.78260869565217,51.95652173913044,50.43478260869565,54.73913043478261,62.04347826086956,49.17391304347826,56.43478260869565,53.65217391304348,48.95652173913044,57.73913043478261,61.34782608695652,58.65217391304348,60.91304347826087,59.130434782608695,68.43478260869566,63.34782608695652,64.56521739130434,67.21739130434783,64.8695652173913,71.04347826086956,54.69565217391305,61.391304347826086,50.91304347826087,51.30434782608695,59.52173913043478,53.08695652173913,64.34782608695652,52.04347826086956,52.30434782608695,49.26086956521739,17.869565217391305,16.956521739130434,18.0,18.217391304347824,17.782608695652176
India,2022,23,27.608695652173918,177.43478260869566,71.56521739130434,45.21739130434783,36.08695652173913,42.52173913043478,50.78260869565217,38.30434782608695,47.21739130434783,42.95652173913044,39.56521739130435,45.26086956521739,49.95652173913044,65.69565217391305,65.82608695652173,63.30434782608695,55.21739130434783,67.78260869565217,50.43478260869565,62.52173913043478,69.56521739130434,62.52173913043478,37.52173913043478,53.65217391304348,42.21739130434783,43.69565217391305,48.73913043478261,38.08695652173913,49.91304347826087,42.0,43.56521739130435,43.130434782608695,18.782608695652176,18.43478260869565,18.17391304347826,19.0,19.347826086956523
Indonesia,2022,1,19.0,170.0,67.0,55.0,41.0,33.0,42.0,39.0,55.0,48.0,34.0,44.0,55.0,61.0,64.0,50.0,38.0,83.0,50.0,42.0,51.0,42.0,39.0,34.0,21.0,41.0,53.0,54.0,51.0,27.0,29.0,42.0,13.0,9.0,14.0,13.0,15.0
Iran,2022,21,27.571428571428573,184.6190476190476,78.57142857142857,49.90476190476191,47.80952380952381,52.71428571428572,57.523809523809526,46.57142857142857,55.42857142857143,48.80952380952381,44.71428571428572,52.523809523809526,59.38095238095238,62.57142857142857,62.80952380952381,61.142857142857146,66.76190476190476,60.95238095238095,63.04761904761905,65.28571428571429,62.71428571428572,68.76190476190476,49.47619047619048,53.142857142857146,43.76190476190476,51.19047619047619,57.57142857142857,48.38095238095238,60.47619047619048,43.76190476190476,45.095238095238095,42.0,21.80952380952381,21.09523809523809,20.61904761904762,22.38095238095238,21.952380952380956
Iraq,2022,4,29.75,181.0,73.75,61.75,61.0,43.75,64.0,57.0,65.0,66.0,56.5,56.75,66.25,73.25,71.25,76.75,65.5,73.0,68.5,66.5,72.75,66.75,62.75,65.25,53.25,63.0,59.5,58.75,66.75,56.25,48.5,45.75,11.5,12.5,8.75,10.0,8.5
Israel,2022,22,25.727272727272727,180.27272727272728,73.95454545454545,53.81818181818182,56.77272727272727,53.36363636363637,62.5,52.31818181818182,63.18181818181818,55.45454545454545,48.90909090909091,55.95454545454545,63.68181818181818,66.63636363636364,67.5909090909091,66.9090909090909,62.59090909090909,65.72727272727273,64.81818181818181,65.18181818181819,64.9090909090909,65.13636363636364,55.5,50.22727272727273,37.27272727272727,58.13636363636363,61.09090909090909,55.0,63.31818181818182,37.72727272727273,40.68181818181818,36.68181818181818,15.954545454545457,15.363636363636363,13.136363636363637,15.318181818181818,15.090909090909092
Italy,2022,23,27.0,182.82608695652172,76.73913043478261,58.391304347826086,55.26086956521739,60.17391304347826,73.08695652173913,55.60869565217392,69.56521739130434,59.69565217391305,55.69565217391305,67.8695652173913,72.52173913043478,70.04347826086956,69.04347826086956,70.26086956521739,80.08695652173913,68.8695652173913,72.0,68.6086956521739,72.34782608695652,70.52173913043478,61.65217391304348,67.04347826086956,60.08695652173913,59.65217391304348,68.91304347826087,61.47826086956522,77.30434782608695,61.26086956521739,59.47826086956522,57.43478260869565,18.73913043478261,17.608695652173914,17.91304347826087,19.43478260869565,18.347826086956523
Ivory Coast,2022,23,27.347826086956523,181.43478260869568,76.04347826086956,63.26086956521739,59.82608695652174,65.21739130434783,73.43478260869566,55.65217391304348,73.21739130434783,62.0,54.08695652173913,67.6086956521739,75.21739130434783,74.82608695652173,75.65217391304348,74.08695652173913,73.6086956521739,69.69565217391305,71.17391304347827,71.6086956521739,76.3913043478261,75.43478260869566,63.82608695652174,69.73913043478261,61.43478260869565,66.43478260869566,68.65217391304348,60.56521739130435,74.65217391304348,59.52173913043478,61.91304347826087,57.47826086956522,10.217391304347826,10.173913043478262,10.782608695652174,10.304347826086955,10.130434782608695
Jamaica,2022,23,28.0,182.6086956521739,76.6086956521739,56.21739130434783,55.47826086956522,61.391304347826086,63.04347826086956,50.82608695652174,64.30434782608695,54.26086956521739,48.30434782608695,56.04347826086956,66.04347826086956,72.26086956521739,75.52173913043478,68.95652173913044,66.82608695652173,62.69565217391305,66.1304347826087,71.69565217391305,67.65217391304348,72.6086956521739,55.56521739130435,62.47826086956522,46.78260869565217,59.95652173913044,58.34782608695652,54.73913043478261,65.30434782608695,48.73913043478261,49.869565217391305,46.73913043478261,13.391304347826088,14.130434782608695,13.043478260869565,14.391304347826088,13.869565217391305
Japan,2022,23,28.43478260869565,177.52173913043478,71.69565217391305,62.130434782608695,57.869565217391305,54.130434782608695,71.6086956521739,54.47826086956522,71.30434782608695,62.47826086956522,55.17391304347826,66.04347826086956,73.34782608695652,73.69565217391305,69.56521739130434,77.69565217391305,71.47826086956522,75.91304347826087,63.21739130434783,67.3913043478261,72.21739130434783,57.869565217391305,59.95652173913044,56.21739130434783,55.26086956521739,63.26086956521739,67.08695652173913,56.69565217391305,71.6086956521739,53.60869565217392,54.21739130434783,50.69565217391305,12.304347826086955,13.043478260869565,12.608695652173912,13.347826086956522,13.043478260869565
Jordan,2022,3,26.666666666666668,177.33333333333334,72.0,53.333333333333336,52.0,50.0,58.333333333333336,58.66666666666666,65.0,59.333333333333336,46.0,46.333333333333336,65.0,69.66666666666667,71.66666666666667,74.0,58.333333333333336,75.33333333333333,61.0,78.0,67.33333333333333,60.66666666666666,56.66666666666666,53.66666666666666,43.0,55.66666666666666,53.333333333333336,53.0,58.0,34.666666666666664,37.333333333333336,35.333333333333336,9.333333333333334,7.666666666666667,10.333333333333334,11.666666666666666,7.333333333333333
Kazakhstan,2022,3,26.0,178.66666666666666,74.33333333333333,67.33333333333333,60.333333333333336,54.333333333333336,69.0,57.66666666666666,68.33333333333333,64.66666666666667,63.333333333333336,65.66666666666667,68.66666666666667,73.66666666666667,69.66666666666667,73.33333333333333,67.33333333333333,73.33333333333333,67.0,69.66666666666667,76.0,65.0,64.0,61.333333333333336,60.66666666666666,60.333333333333336,66.66666666666667,50.333333333333336,59.66666666666666,56.333333333333336,60.333333333333336,60.0,10.666666666666666,11.0,10.666666666666666,11.666666666666666,12.0
Kenya,2022,8,25.5,182.25,74.375,53.625,50.0,58.125,61.375,46.875,58.375,44.625,39.625,54.625,63.625,69.875,73.875,63.875,60.75,64.125,60.375,69.625,68.25,71.75,48.5,59.625,47.125,52.875,51.625,50.0,59.375,51.5,52.75,47.25,8.875,11.25,10.875,11.25,9.375
Kosovo,2022,23,25.217391304347824,181.6086956521739,74.47826086956522,58.130434782608695,57.17391304347826,51.95652173913044,65.30434782608695,54.60869565217392,68.43478260869566,61.65217391304348,52.08695652173913,59.17391304347826,68.82608695652173,71.73913043478261,70.73913043478261,73.26086956521739,66.17391304347827,68.95652173913044,69.6086956521739,65.08695652173913,71.52173913043478,64.95652173913044,62.47826086956522,61.52173913043478,41.869565217391305,60.47826086956522,62.82608695652174,55.73913043478261,65.91304347826087,44.52173913043478,43.30434782608695,39.73913043478261,13.304347826086955,13.391304347826088,13.956521739130435,11.73913043478261,11.869565217391305
Kyrgyzstan,2022,1,31.0,183.0,77.0,65.0,63.0,61.0,57.0,57.0,65.0,57.0,46.0,51.0,62.0,76.0,78.0,79.0,66.0,80.0,65.0,55.0,75.0,72.0,62.0,49.0,38.0,59.0,51.0,56.0,59.0,31.0,24.0,21.0,8.0,6.0,10.0,11.0,12.0
Latvia,2022,7,24.285714285714285,188.14285714285717,79.14285714285714,42.0,40.85714285714285,49.57142857142857,54.285714285714285,39.57142857142857,50.42857142857143,37.285714285714285,35.57142857142857,46.71428571428572,51.85714285714285,58.57142857142857,57.42857142857143,56.42857142857143,56.42857142857143,56.0,50.57142857142857,68.85714285714286,61.42857142857143,67.85714285714286,40.142857142857146,52.142857142857146,36.42857142857143,44.71428571428572,49.285714285714285,44.142857142857146,55.285714285714285,36.85714285714285,34.285714285714285,33.285714285714285,18.285714285714285,18.285714285714285,18.0,18.428571428571427,17.428571428571427
Lebanon,2022,2,29.5,186.0,79.5,34.0,49.5,63.0,59.5,38.0,49.5,38.5,33.0,51.0,57.0,57.5,67.5,50.0,58.0,49.0,59.0,73.5,65.5,84.0,45.5,67.0,43.0,45.0,44.0,49.5,53.0,48.0,47.5,42.5,11.0,8.5,6.5,10.0,10.0
Liberia,2022,5,22.4,182.4,75.6,54.4,57.2,57.0,61.2,48.6,68.4,52.2,42.2,52.0,66.0,77.4,79.4,73.4,58.8,69.4,59.6,68.0,70.8,69.4,49.8,58.6,38.2,60.8,59.0,57.2,57.8,36.6,38.0,36.4,11.0,10.6,10.6,11.2,8.8
Libya,2022,3,27.0,177.33333333333334,71.0,61.333333333333336,58.333333333333336,48.66666666666666,72.0,54.0,73.0,57.333333333333336,57.333333333333336,69.0,74.33333333333333,75.66666666666667,70.33333333333333,79.0,70.66666666666667,73.66666666666667,70.33333333333333,63.333333333333336,75.0,69.33333333333333,64.0,53.333333333333336,53.333333333333336,65.0,68.0,58.0,70.66666666666667,46.0,52.0,53.333333333333336,12.666666666666666,8.666666666666666,8.0,8.666666666666666,11.666666666666666
Lithuania,2022,9,26.444444444444443,185.88888888888889,79.88888888888889,43.77777777777778,39.11111111111112,44.55555555555556,51.0,36.22222222222222,45.11111111111112,40.66666666666666,34.333333333333336,46.66666666666666,50.0,59.11111111111112,58.66666666666666,59.22222222222222,57.77777777777778,58.333333333333336,53.22222222222222,63.888888888888886,60.66666666666666,67.55555555555556,39.22222222222222,47.11111111111112,35.111111111111114,43.333333333333336,48.44444444444444,44.333333333333336,53.66666666666666,42.888888888888886,37.77777777777778,37.0,22.11111111111111,22.11111111111111,20.77777777777778,20.33333333333333,21.77777777777778
Luxembourg,2022,15,25.266666666666666,183.33333333333331,76.8,53.13333333333333,41.333333333333336,50.0,60.8,40.06666666666667,55.266666666666666,45.53333333333333,41.46666666666667,57.13333333333333,58.13333333333333,60.46666666666667,61.53333333333333,60.4,61.2,61.2,59.2,63.6,64.4,66.2,43.333333333333336,59.06666666666667,49.93333333333333,47.93333333333333,54.2,46.266666666666666,56.6,49.53333333333333,53.13333333333333,50.2,17.733333333333334,16.933333333333334,16.2,17.6,17.533333333333335
Madagascar,2022,8,29.25,179.5,73.0,60.125,40.125,63.875,67.625,38.5,57.375,50.75,41.125,62.0,65.125,69.125,68.25,65.875,66.125,69.625,58.375,78.25,75.5,72.0,43.625,67.75,64.625,53.875,58.125,49.25,65.25,64.625,66.375,65.25,10.875,11.75,10.625,11.125,10.375
Malawi,2022,2,23.0,172.5,73.5,46.5,54.5,51.5,50.5,49.0,61.5,36.5,43.5,37.0,58.5,73.5,73.0,68.0,57.5,68.5,55.5,62.5,59.5,68.0,48.0,44.0,35.0,60.0,49.0,49.5,58.5,37.0,34.0,32.0,8.5,9.5,11.0,9.5,10.5
Malaysia,2022,2,24.0,181.0,77.5,51.0,52.0,53.0,56.5,50.0,65.5,53.5,63.0,50.5,65.5,72.0,69.0,76.5,54.5,75.5,55.0,67.5,46.5,61.0,63.5,51.5,40.5,53.0,52.5,58.0,61.0,22.5,25.5,24.5,10.5,12.0,8.5,10.0,11.0
Mali,2022,23,25.608695652173918,178.69565217391303,72.91304347826087,62.65217391304348,52.30434782608695,63.04347826086956,69.6086956521739,48.26086956521739,71.04347826086956,58.21739130434783,46.52173913043478,63.34782608695652,71.69565217391305,75.56521739130434,75.0,74.26086956521739,69.3913043478261,71.0,65.78260869565217,77.04347826086956,78.0,71.69565217391305,56.78260869565217,69.08695652173913,59.869565217391305,62.78260869565217,61.78260869565217,53.47826086956522,68.04347826086956,59.869565217391305,60.82608695652174,58.08695652173913,9.652173913043478,10.347826086956522,10.08695652173913,10.391304347826088,10.130434782608695
Malta,2022,2,25.0,182.0,80.0,48.0,64.0,56.5,60.0,57.0,58.0,57.5,49.5,52.5,62.5,59.5,64.0,67.0,59.0,59.5,65.5,65.0,65.5,68.0,59.5,68.5,41.0,64.5,56.0,62.5,60.0,38.5,41.5,39.5,7.0,10.0,9.5,6.0,11.5
Mauritania,2022,3,21.666666666666668,175.0,72.33333333333333,49.333333333333336,51.333333333333336,54.66666666666666,62.333333333333336,38.66666666666666,63.0,43.0,39.333333333333336,55.66666666666666,65.0,68.66666666666667,63.66666666666666,60.0,58.66666666666666,75.0,50.333333333333336,65.66666666666667,73.0,66.0,48.333333333333336,52.0,53.0,50.0,54.66666666666666,54.66666666666666,53.333333333333336,47.66666666666666,56.333333333333336,56.333333333333336,10.666666666666666,11.666666666666666,8.0,11.333333333333334,7.0
Mauritius,2022,1,29.0,184.0,79.0,57.0,38.0,66.0,61.0,31.0,57.0,41.0,36.0,56.0,58.0,67.0,63.0,54.0,59.0,60.0,55.0,71.0,73.0,80.0,39.0,73.0,64.0,35.0,43.0,36.0,63.0,65.0,66.0,67.0,9.0,9.0,5.0,8.0,9.0
Mexico,2022,23,27.565217391304348,179.47826086956522,74.34782608695652,57.56521739130435,56.26086956521739,58.08695652173913,70.17391304347827,51.21739130434783,66.08695652173913,57.21739130434783,50.95652173913044,65.73913043478261,68.3913043478261,73.73913043478261,74.30434782608695,74.91304347826087,73.52173913043478,70.47826086956522,68.73913043478261,73.78260869565217,75.91304347826087,70.21739130434783,55.73913043478261,63.21739130434783,56.43478260869565,60.73913043478261,67.78260869565217,56.82608695652174,71.34782608695652,56.47826086956522,53.08695652173913,51.0,17.73913043478261,18.565217391304348,19.39130434782609,18.565217391304348,19.30434782608696
Moldova,2022,8,28.875,183.0,76.25,49.625,48.875,58.625,58.875,46.625,52.625,51.375,48.25,54.625,58.375,55.625,55.875,57.75,66.625,58.5,62.5,62.625,63.75,70.0,49.75,61.5,48.625,51.25,54.875,46.25,63.875,49.5,50.625,49.5,16.625,18.0,17.125,17.0,16.375
Montenegro,2022,23,26.65217391304348,185.2173913043478,78.82608695652173,52.17391304347826,52.30434782608695,58.60869565217392,61.30434782608695,48.130434782608695,58.82608695652174,52.91304347826087,48.869565217391305,54.43478260869565,61.91304347826087,65.56521739130434,66.78260869565217,62.0,66.08695652173913,59.60869565217392,61.95652173913044,67.56521739130434,66.17391304347827,72.30434782608695,53.30434782608695,59.43478260869565,47.17391304347826,56.60869565217392,56.65217391304348,52.78260869565217,63.391304347826086,48.21739130434783,47.43478260869565,45.17391304347826,15.434782608695652,15.478260869565217,15.782608695652174,16.17391304347826,14.869565217391305
Montserrat,2022,5,26.2,182.4,77.6,49.0,48.8,52.4,56.4,46.4,59.2,47.4,42.4,47.0,58.4,68.2,72.2,64.8,56.8,62.8,55.4,56.6,64.0,72.2,45.0,52.2,42.8,54.2,53.6,52.8,59.8,49.0,49.6,47.2,11.2,12.4,13.0,12.6,12.0
Morocco,2022,23,28.47826086956522,182.34782608695653,75.69565217391305,61.73913043478261,62.43478260869565,62.30434782608695,74.08695652173913,59.869565217391305,72.82608695652173,66.04347826086956,55.78260869565217,69.6086956521739,74.34782608695652,68.82608695652173,68.6086956521739,70.65217391304348,75.73913043478261,65.52173913043478,72.08695652173913,63.91304347826087,74.17391304347827,70.65217391304348,62.869565217391305,68.8695652173913,56.08695652173913,63.91304347826087,68.34782608695652,58.04347826086956,73.6086956521739,56.78260869565217,57.60869565217392,53.78260869565217,13.826086956521738,14.130434782608695,12.869565217391305,14.173913043478262,13.391304347826088
Mozambique,2022,4,29.5,181.75,73.5,59.0,43.5,72.75,67.75,45.25,65.75,64.0,44.5,56.75,69.25,63.75,67.5,69.0,70.5,70.0,60.0,79.0,73.0,70.75,54.75,74.5,69.5,54.75,54.25,44.25,65.5,69.25,71.75,69.75,10.75,12.5,10.25,13.5,11.0
Namibia,2022,3,27.666666666666668,175.66666666666666,72.0,69.66666666666667,57.333333333333336,57.333333333333336,68.0,52.0,70.33333333333333,60.0,60.333333333333336,62.0,66.66666666666667,79.33333333333333,79.33333333333333,74.33333333333333,62.333333333333336,76.0,60.333333333333336,73.66666666666667,76.66666666666667,70.0,58.0,51.333333333333336,41.66666666666666,62.0,56.0,52.333333333333336,62.333333333333336,42.0,41.66666666666666,41.66666666666666,12.333333333333334,12.333333333333334,10.0,8.666666666666666,9.666666666666666
Netherlands,2022,23,25.39130434782609,184.1304347826087,77.91304347826087,60.91304347826087,59.130434782608695,64.69565217391305,73.34782608695652,56.34782608695652,68.26086956521739,58.04347826086956,50.91304347826087,67.26086956521739,72.69565217391305,70.6086956521739,72.56521739130434,70.78260869565217,79.0,68.04347826086956,73.43478260869566,75.73913043478261,75.73913043478261,75.95652173913044,62.52173913043478,66.30434782608695,58.56521739130435,61.69565217391305,69.73913043478261,58.391304347826086,76.8695652173913,58.26086956521739,59.56521739130435,53.869565217391305,19.565217391304348,18.17391304347826,18.43478260869565,20.08695652173913,19.82608695652174
New Zealand,2022,23,25.52173913043478,182.8695652173913,77.56521739130434,51.17391304347826,49.34782608695652,51.04347826086956,58.60869565217392,45.34782608695652,55.73913043478261,51.26086956521739,46.95652173913044,55.21739130434783,58.130434782608695,65.52173913043478,65.52173913043478,63.95652173913044,63.47826086956522,63.47826086956522,60.47826086956522,66.1304347826087,67.56521739130434,70.26086956521739,48.78260869565217,60.869565217391305,50.95652173913044,52.91304347826087,57.47826086956522,48.34782608695652,60.43478260869565,49.43478260869565,49.69565217391305,48.08695652173913,18.52173913043478,17.82608695652174,16.130434782608695,16.782608695652176,18.608695652173918
Niger,2022,3,25.33333333333333,176.0,73.0,51.66666666666666,56.0,48.66666666666666,56.0,44.0,59.0,52.66666666666666,38.66666666666666,50.0,60.333333333333336,78.33333333333333,73.0,70.66666666666667,53.333333333333336,74.66666666666667,59.333333333333336,65.33333333333333,69.66666666666667,62.0,50.0,57.0,42.66666666666666,57.66666666666666,49.66666666666666,48.66666666666666,53.66666666666666,40.0,37.66666666666666,39.333333333333336,10.666666666666666,8.333333333333334,9.666666666666666,12.0,10.666666666666666
Nigeria,2022,23,26.217391304347824,184.3913043478261,78.73913043478261,59.43478260869565,61.869565217391305,65.04347826086956,67.82608695652173,57.47826086956522,70.3913043478261,57.73913043478261,45.08695652173913,59.30434782608695,70.47826086956522,75.3913043478261,77.82608695652173,70.82608695652173,72.6086956521739,65.17391304347827,71.47826086956522,72.65217391304348,71.21739130434783,74.0,59.56521739130435,64.56521739130434,45.65217391304348,66.30434782608695,60.0,58.65217391304348,69.0,47.95652173913044,49.73913043478261,44.78260869565217,13.608695652173912,13.0,12.304347826086955,13.304347826086955,13.217391304347826
North Korea,2022,1,39.0,173.0,72.0,66.0,59.0,46.0,68.0,45.0,66.0,62.0,69.0,64.0,66.0,32.0,32.0,62.0,64.0,71.0,59.0,30.0,60.0,64.0,64.0,55.0,42.0,65.0,68.0,49.0,58.0,47.0,51.0,46.0,15.0,6.0,16.0,15.0,11.0
North Macedonia,2022,23,26.782608695652176,181.95652173913044,75.1304347826087,50.65217391304348,54.21739130434783,50.91304347826087,60.391304347826086,49.21739130434783,60.78260869565217,54.52173913043478,47.69565217391305,53.47826086956522,60.78260869565217,65.04347826086956,65.04347826086956,62.56521739130435,65.0,63.26086956521739,64.95652173913044,60.34782608695652,61.21739130434783,64.04347826086956,54.30434782608695,56.78260869565217,40.34782608695652,55.73913043478261,58.04347826086956,51.65217391304348,61.30434782608695,41.08695652173913,41.82608695652174,39.65217391304348,20.565217391304348,20.695652173913043,19.782608695652176,19.82608695652174,20.73913043478261
Northern Ireland,2022,23,29.08695652173913,182.6086956521739,75.69565217391305,52.73913043478261,48.52173913043478,56.52173913043478,59.82608695652174,44.52173913043478,56.30434782608695,48.60869565217392,44.73913043478261,56.04347826086956,60.65217391304348,61.34782608695652,60.73913043478261,64.69565217391305,66.3913043478261,64.91304347826087,59.52173913043478,67.30434782608695,66.56521739130434,67.08695652173913,49.34782608695652,62.04347826086956,51.82608695652174,51.69565217391305,59.56521739130435,48.43478260869565,62.130434782608695,52.08695652173913,51.47826086956522,49.78260869565217,18.608695652173918,17.347826086956523,16.47826086956522,18.26086956521739,18.65217391304348
Norway,2022,23,25.565217391304348,184.8695652173913,80.56521739130434,56.73913043478261,53.82608695652174,56.56521739130435,66.26086956521739,49.08695652173913,63.82608695652174,56.69565217391305,47.60869565217392,61.26086956521739,66.04347826086956,69.65217391304348,72.91304347826087,66.78260869565217,70.52173913043478,66.82608695652173,66.30434782608695,69.6086956521739,74.3913043478261,76.04347826086956,53.91304347826087,65.52173913043478,56.869565217391305,59.21739130434783,63.130434782608695,50.0,69.47826086956522,56.56521739130435,55.60869565217392,51.43478260869565,19.30434782608696,18.130434782608692,19.39130434782609,18.695652173913043,18.65217391304348
Palestine,2022,2,25.5,182.0,76.0,55.0,64.5,60.5,60.5,57.0,64.5,55.5,48.0,51.0,67.5,66.0,68.5,65.0,51.0,67.0,64.0,60.0,60.0,65.5,52.0,32.0,21.5,60.0,59.0,56.0,60.0,26.5,25.0,20.0,13.5,12.5,8.5,6.5,10.0
Panama,2022,17,26.352941176470587,179.41176470588235,74.05882352941177,47.94117647058823,50.94117647058823,49.588235294117645,58.41176470588236,41.0,58.70588235294117,43.88235294117647,41.1764705882353,52.64705882352941,58.47058823529412,68.11764705882354,66.0,67.41176470588235,63.1764705882353,65.47058823529412,60.52941176470589,68.3529411764706,64.88235294117646,65.76470588235294,50.64705882352941,53.88235294117647,39.88235294117647,52.76470588235294,52.588235294117645,47.23529411764706,56.8235294117647,39.47058823529412,40.294117647058826,39.52941176470589,16.470588235294116,16.58823529411765,16.235294117647058,16.41176470588235,16.88235294117647
Papua New Guinea,2022,1,25.0,175.0,67.0,63.0,55.0,45.0,58.0,40.0,69.0,55.0,53.0,50.0,66.0,88.0,85.0,75.0,58.0,71.0,58.0,55.0,63.0,48.0,55.0,40.0,15.0,61.0,57.0,63.0,60.0,37.0,17.0,14.0,12.0,9.0,12.0,8.0,14.0
Paraguay,2022,23,28.130434782608692,178.08695652173913,74.8695652173913,61.43478260869565,59.21739130434783,62.869565217391305,71.43478260869566,54.869565217391305,68.65217391304348,60.82608695652174,54.17391304347826,66.6086956521739,71.52173913043478,72.8695652173913,73.8695652173913,72.8695652173913,71.26086956521739,69.08695652173913,72.21739130434783,71.69565217391305,73.73913043478261,70.08695652173913,62.65217391304348,70.17391304347827,57.869565217391305,65.65217391304348,65.30434782608695,60.04347826086956,70.8695652173913,60.43478260869565,60.17391304347826,54.869565217391305,10.608695652173912,11.826086956521738,11.08695652173913,12.217391304347826,10.130434782608695
Peru,2022,23,28.39130434782609,179.04347826086956,73.52173913043478,57.30434782608695,53.0,55.56521739130435,67.65217391304348,49.04347826086956,63.56521739130435,56.17391304347826,52.95652173913044,62.17391304347826,66.78260869565217,67.65217391304348,66.08695652173913,69.78260869565217,69.52173913043478,67.21739130434783,67.65217391304348,66.78260869565217,71.47826086956522,66.91304347826087,54.91304347826087,60.56521739130435,54.47826086956522,58.52173913043478,62.130434782608695,56.34782608695652,66.3913043478261,55.130434782608695,54.17391304347826,51.26086956521739,16.26086956521739,16.17391304347826,15.521739130434783,15.826086956521738,16.347826086956523
Philippines,2022,6,26.666666666666668,183.16666666666663,75.83333333333333,50.5,43.333333333333336,43.833333333333336,55.66666666666666,35.5,57.0,45.66666666666666,30.666666666666668,49.333333333333336,57.66666666666666,73.16666666666667,72.33333333333333,70.83333333333333,60.333333333333336,70.0,55.333333333333336,57.833333333333336,60.16666666666666,63.16666666666666,42.66666666666666,48.333333333333336,52.833333333333336,48.0,53.66666666666666,46.16666666666666,57.16666666666666,50.333333333333336,51.833333333333336,50.5,20.83333333333333,17.5,18.0,21.33333333333333,20.166666666666668
Poland,2022,23,26.043478260869566,183.43478260869568,76.78260869565217,53.82608695652174,54.91304347826087,55.78260869565217,65.1304347826087,48.95652173913044,61.78260869565217,53.04347826086956,45.56521739130435,58.26086956521739,64.78260869565217,68.52173913043478,68.43478260869566,66.34782608695652,71.69565217391305,66.08695652173913,65.34782608695652,70.08695652173913,68.78260869565217,68.69565217391305,54.26086956521739,62.52173913043478,51.82608695652174,57.95652173913044,60.47826086956522,51.56521739130435,68.69565217391305,52.47826086956522,52.0,48.26086956521739,20.82608695652174,19.43478260869565,17.869565217391305,18.956521739130437,19.565217391304348
Portugal,2022,23,27.39130434782609,181.17391304347825,75.56521739130434,64.95652173913044,59.08695652173913,61.17391304347826,74.08695652173913,57.43478260869565,70.6086956521739,63.47826086956522,54.95652173913044,68.30434782608695,73.52173913043478,71.3913043478261,70.17391304347827,72.95652173913044,81.34782608695652,69.78260869565217,74.34782608695652,71.65217391304348,75.8695652173913,69.43478260869566,62.0,69.17391304347827,62.52173913043478,64.65217391304348,70.82608695652173,57.47826086956522,79.43478260869566,59.34782608695652,61.52173913043478,55.65217391304348,19.695652173913043,19.782608695652176,19.52173913043478,20.130434782608692,20.869565217391305
Puerto Rico,2022,2,23.0,175.0,72.0,56.5,42.5,50.0,55.5,41.5,60.5,49.0,33.0,55.5,57.5,72.0,73.5,67.5,56.0,76.0,51.5,60.5,59.0,61.0,38.5,49.0,41.5,53.0,57.5,40.0,52.5,45.0,48.0,45.5,8.0,14.5,13.0,7.5,7.5
Republic of Ireland,2022,23,27.30434782608696,182.08695652173915,75.78260869565217,54.26086956521739,51.82608695652174,57.34782608695652,63.52173913043478,47.34782608695652,59.78260869565217,51.95652173913044,45.43478260869565,58.391304347826086,63.391304347826086,64.30434782608695,64.26086956521739,65.73913043478261,69.73913043478261,64.17391304347827,65.43478260869566,70.3913043478261,66.43478260869566,67.91304347826087,52.56521739130435,63.04347826086956,51.52173913043478,56.69565217391305,57.82608695652174,52.17391304347826,63.30434782608695,53.56521739130435,52.91304347826087,50.391304347826086,18.43478260869565,18.65217391304348,18.043478260869566,18.0,18.043478260869566
Romania,2022,23,25.26086956521739,181.65217391304347,76.21739130434783,55.47826086956522,52.91304347826087,54.73913043478261,62.69565217391305,48.78260869565217,59.69565217391305,56.52173913043478,52.130434782608695,60.08695652173913,61.0,67.95652173913044,68.0,68.30434782608695,66.17391304347827,67.6086956521739,65.82608695652173,65.08695652173913,68.30434782608695,66.52173913043478,56.73913043478261,62.0,50.08695652173913,53.43478260869565,60.08695652173913,51.130434782608695,63.17391304347826,49.60869565217392,51.391304347826086,49.65217391304348,17.82608695652174,17.782608695652176,18.30434782608696,17.52173913043478,18.91304347826087
Russia,2022,23,27.608695652173918,184.7391304347826,78.78260869565217,56.04347826086956,54.130434782608695,54.391304347826086,67.08695652173913,48.43478260869565,63.130434782608695,52.56521739130435,52.04347826086956,61.69565217391305,64.8695652173913,66.30434782608695,67.73913043478261,63.52173913043478,69.47826086956522,62.04347826086956,66.8695652173913,64.04347826086956,68.26086956521739,68.95652173913044,55.869565217391305,60.73913043478261,52.869565217391305,57.52173913043478,63.47826086956522,53.56521739130435,67.26086956521739,51.869565217391305,52.26086956521739,50.34782608695652,19.52173913043478,19.30434782608696,19.130434782608692,19.0,19.608695652173918
Saint Kitts and Nevis,2022,5,25.8,183.8,73.8,47.0,41.0,56.4,58.0,40.6,56.0,42.4,37.2,47.0,59.0,66.6,69.2,67.2,57.6,62.8,48.6,63.2,62.8,69.0,42.8,61.6,48.6,49.2,51.4,43.8,57.2,51.8,51.8,47.6,9.8,11.2,10.6,10.4,8.8
Saint Lucia,2022,1,27.0,183.0,75.0,55.0,24.0,62.0,56.0,36.0,52.0,24.0,24.0,44.0,55.0,77.0,78.0,62.0,60.0,61.0,50.0,78.0,67.0,75.0,35.0,70.0,61.0,45.0,45.0,46.0,59.0,61.0,63.0,62.0,13.0,12.0,6.0,16.0,14.0
Saudi Arabia,2022,23,27.956521739130437,176.47826086956522,68.91304347826087,57.91304347826087,48.08695652173913,53.52173913043478,62.95652173913044,45.60869565217392,60.60869565217392,54.04347826086956,46.52173913043478,60.04347826086956,62.869565217391305,69.65217391304348,70.52173913043478,70.73913043478261,64.34782608695652,67.8695652173913,58.91304347826087,70.26086956521739,69.6086956521739,66.43478260869566,49.82608695652174,61.34782608695652,53.21739130434783,57.04347826086956,62.04347826086956,53.30434782608695,62.08695652173913,54.26086956521739,52.60869565217392,50.65217391304348,15.173913043478262,16.82608695652174,15.043478260869565,15.91304347826087,15.91304347826087
Scotland,2022,23,26.565217391304348,182.69565217391303,76.21739130434783,55.43478260869565,52.34782608695652,54.73913043478261,65.04347826086956,45.391304347826086,60.56521739130435,55.52173913043478,48.34782608695652,60.26086956521739,64.8695652173913,67.56521739130434,67.91304347826087,69.47826086956522,68.73913043478261,68.52173913043478,67.56521739130434,70.21739130434783,71.52173913043478,71.26086956521739,54.73913043478261,68.73913043478261,57.78260869565217,57.0,60.60869565217392,50.391304347826086,67.21739130434783,56.82608695652174,58.26086956521739,55.65217391304348,18.043478260869566,17.695652173913043,18.217391304347824,18.0,18.43478260869565
Senegal,2022,23,27.347826086956523,184.56521739130437,78.8695652173913,53.78260869565217,53.60869565217392,66.21739130434783,66.8695652173913,48.130434782608695,65.30434782608695,52.52173913043478,45.34782608695652,60.47826086956522,68.91304347826087,71.3913043478261,72.78260869565217,67.04347826086956,73.95652173913044,61.73913043478261,69.6086956521739,74.04347826086956,69.47826086956522,77.91304347826087,53.26086956521739,65.6086956521739,50.65217391304348,58.60869565217392,60.08695652173913,52.869565217391305,71.34782608695652,51.17391304347826,51.30434782608695,50.21739130434783,16.391304347826086,15.91304347826087,15.695652173913045,16.73913043478261,17.304347826086957
Serbia,2022,23,27.73913043478261,186.34782608695653,79.78260869565217,63.0,60.391304347826086,63.17391304347826,72.73913043478261,58.82608695652174,67.30434782608695,62.56521739130435,58.47826086956522,67.8695652173913,71.82608695652173,61.52173913043478,62.65217391304348,61.60869565217392,75.82608695652173,61.91304347826087,74.91304347826087,66.1304347826087,70.78260869565217,75.47826086956522,65.6086956521739,68.1304347826087,57.95652173913044,61.78260869565217,68.08695652173913,62.26086956521739,73.82608695652173,58.04347826086956,58.91304347826087,54.08695652173913,16.08695652173913,17.130434782608695,15.826086956521738,16.82608695652174,16.82608695652174
Sierra Leone,2022,10,23.7,180.1,73.5,52.3,57.3,57.4,59.1,51.4,67.1,50.7,43.9,43.6,64.3,78.5,78.9,73.0,60.8,70.1,60.0,66.9,67.7,65.1,54.2,56.0,34.1,60.5,55.4,54.4,57.5,38.8,39.4,37.6,9.9,8.0,9.2,9.5,10.5
Slovakia,2022,23,27.39130434782609,184.30434782608697,77.47826086956522,52.08695652173913,48.65217391304348,53.43478260869565,66.21739130434783,47.43478260869565,60.43478260869565,52.60869565217392,48.47826086956522,61.21739130434783,64.3913043478261,62.69565217391305,61.34782608695652,64.73913043478261,70.95652173913044,65.30434782608695,67.34782608695652,68.6086956521739,68.95652173913044,70.52173913043478,53.69565217391305,60.95652173913044,54.04347826086956,53.391304347826086,61.52173913043478,51.91304347826087,67.69565217391305,56.04347826086956,57.73913043478261,54.65217391304348,21.869565217391305,21.52173913043478,22.347826086956523,21.043478260869566,22.130434782608692
Slovenia,2022,23,27.956521739130437,184.7391304347826,78.73913043478261,55.43478260869565,48.04347826086956,54.65217391304348,66.78260869565217,49.82608695652174,59.56521739130435,54.43478260869565,50.0,63.78260869565217,64.47826086956522,64.91304347826087,63.65217391304348,65.26086956521739,71.1304347826087,60.56521739130435,64.65217391304348,66.52173913043478,68.3913043478261,73.08695652173913,52.73913043478261,60.95652173913044,55.30434782608695,55.69565217391305,62.08695652173913,50.34782608695652,67.73913043478261,55.08695652173913,53.43478260869565,51.34782608695652,20.52173913043478,19.39130434782609,18.347826086956523,19.82608695652174,19.30434782608696
South Africa,2022,23,28.695652173913043,179.7391304347826,74.1304347826087,50.04347826086956,48.65217391304348,54.04347826086956,60.04347826086956,44.47826086956522,57.69565217391305,45.30434782608695,46.391304347826086,54.391304347826086,60.26086956521739,64.73913043478261,64.65217391304348,58.82608695652174,63.91304347826087,62.65217391304348,62.08695652173913,66.04347826086956,60.43478260869565,62.04347826086956,45.869565217391305,54.82608695652174,43.21739130434783,51.56521739130435,55.82608695652174,53.21739130434783,64.04347826086956,48.60869565217392,46.21739130434783,42.78260869565217,22.43478260869565,22.608695652173918,21.130434782608692,20.82608695652174,22.565217391304348
South Korea,2022,23,27.782608695652176,180.65217391304347,74.1304347826087,56.65217391304348,56.65217391304348,57.17391304347826,67.34782608695652,52.26086956521739,64.8695652173913,56.95652173913044,53.0,61.73913043478261,65.47826086956522,73.8695652173913,73.30434782608695,73.91304347826087,69.95652173913044,71.1304347826087,64.21739130434783,66.08695652173913,72.26086956521739,65.21739130434783,56.47826086956522,59.91304347826087,51.34782608695652,61.869565217391305,68.34782608695652,55.391304347826086,66.6086956521739,50.391304347826086,51.869565217391305,48.56521739130435,16.391304347826086,16.17391304347826,15.73913043478261,15.608695652173912,16.304347826086957
South Sudan,2022,5,21.2,183.4,73.8,30.8,47.4,48.4,39.8,36.6,48.6,36.0,27.8,32.0,49.8,76.0,73.6,63.6,51.4,59.8,47.0,63.8,57.2,60.2,43.2,35.2,25.0,45.6,42.4,49.2,44.0,25.6,23.6,23.2,9.6,10.2,8.8,8.8,11.2
Spain,2022,23,26.39130434782609,183.30434782608697,76.47826086956522,64.3913043478261,59.91304347826087,62.0,77.43478260869566,54.30434782608695,70.47826086956522,64.56521739130434,52.95652173913044,72.95652173913044,75.91304347826087,70.65217391304348,69.21739130434783,71.73913043478261,81.73913043478261,68.30434782608695,70.43478260869566,71.21739130434783,75.65217391304348,70.65217391304348,60.21739130434783,66.17391304347827,62.21739130434783,65.6086956521739,74.52173913043478,57.47826086956522,77.65217391304348,61.43478260869565,60.130434782608695,57.91304347826087,20.47826086956522,18.47826086956522,17.565217391304348,19.565217391304348,19.43478260869565
Sudan,2022,3,24.33333333333333,183.66666666666663,74.66666666666667,56.66666666666666,59.0,50.0,53.333333333333336,51.66666666666666,65.33333333333333,54.0,46.66666666666666,42.66666666666666,60.66666666666666,79.0,82.0,77.0,56.333333333333336,64.0,59.0,68.33333333333333,68.33333333333333,66.33333333333333,58.0,40.0,22.0,58.333333333333336,51.333333333333336,52.66666666666666,58.66666666666666,27.0,21.0,22.666666666666668,7.666666666666667,11.0,7.666666666666667,11.666666666666666,10.666666666666666
Suriname,2022,11,29.181818181818183,180.54545454545453,74.9090909090909,60.18181818181818,54.72727272727273,54.27272727272727,65.45454545454545,50.36363636363637,63.45454545454545,59.54545454545455,45.81818181818182,59.45454545454545,64.72727272727273,69.81818181818181,70.54545454545455,65.63636363636364,66.45454545454545,66.72727272727273,69.0909090909091,71.0909090909091,67.72727272727273,71.45454545454545,58.09090909090909,60.0,51.90909090909091,60.09090909090909,60.36363636363637,52.45454545454545,64.27272727272727,47.18181818181818,47.72727272727273,46.36363636363637,17.818181818181817,15.0,15.545454545454543,14.363636363636363,18.545454545454547
Sweden,2022,23,27.47826086956522,184.91304347826087,78.21739130434783,57.52173913043478,53.95652173913044,54.0,69.21739130434783,52.04347826086956,64.26086956521739,59.34782608695652,52.56521739130435,64.0,68.3913043478261,65.82608695652173,66.1304347826087,68.30434782608695,73.91304347826087,63.56521739130435,67.47826086956522,65.52173913043478,68.82608695652173,71.04347826086956,56.34782608695652,62.91304347826087,52.82608695652174,57.56521739130435,66.6086956521739,52.869565217391305,71.17391304347827,52.391304347826086,51.56521739130435,49.08695652173913,18.73913043478261,17.695652173913043,18.73913043478261,18.47826086956522,18.39130434782609
Switzerland,2022,23,27.65217391304348,185.2608695652174,81.56521739130434,52.26086956521739,45.0,51.869565217391305,63.52173913043478,43.60869565217392,56.26086956521739,50.52173913043478,46.43478260869565,58.60869565217392,60.30434782608695,62.869565217391305,65.0,62.52173913043478,75.69565217391305,61.60869565217392,68.30434782608695,70.08695652173913,65.26086956521739,76.0,48.91304347826087,60.73913043478261,53.869565217391305,49.78260869565217,63.78260869565217,46.17391304347826,68.04347826086956,51.69565217391305,54.0,51.26086956521739,31.65217391304348,30.65217391304348,29.52173913043478,30.47826086956522,32.47826086956522
Syria,2022,2,29.5,186.5,80.5,65.5,67.0,59.5,70.5,66.5,70.0,67.0,73.0,68.0,72.5,65.0,59.0,65.0,70.5,61.0,79.0,56.0,76.5,76.5,73.0,63.5,48.5,68.0,70.0,64.0,69.5,45.5,44.0,32.5,12.0,8.0,14.0,10.5,13.0
Taiwan,2022,2,29.5,180.0,71.0,61.0,57.0,48.5,65.5,55.0,66.5,61.5,60.0,64.0,70.0,72.5,76.5,72.5,63.0,69.5,69.5,63.5,69.5,65.0,65.5,60.5,45.5,64.5,63.0,63.0,61.5,62.0,44.0,42.0,9.0,10.0,11.0,13.0,11.5
Tanzania,2022,1,28.0,183.0,80.0,69.0,69.0,75.0,76.0,76.0,71.0,65.0,57.0,45.0,70.0,81.0,80.0,75.0,72.0,69.0,77.0,88.0,75.0,74.0,67.0,65.0,18.0,76.0,63.0,69.0,75.0,32.0,28.0,23.0,12.0,14.0,9.0,7.0,9.0
Thailand,2022,6,24.83333333333333,173.5,64.33333333333333,49.16666666666666,42.66666666666666,36.833333333333336,54.16666666666666,39.66666666666666,51.5,49.833333333333336,47.333333333333336,50.5,58.0,68.16666666666667,61.333333333333336,67.5,58.5,71.66666666666667,55.833333333333336,52.5,61.333333333333336,41.833333333333336,45.0,49.0,40.5,46.5,52.0,47.5,51.0,43.833333333333336,41.333333333333336,40.833333333333336,21.666666666666668,20.666666666666668,19.33333333333333,19.33333333333333,17.833333333333332
Togo,2022,11,25.454545454545453,182.8181818181818,76.9090909090909,54.45454545454545,53.27272727272727,58.81818181818182,60.63636363636363,49.54545454545455,60.36363636363637,51.54545454545455,45.72727272727273,51.45454545454545,62.90909090909091,70.81818181818181,71.0909090909091,66.0909090909091,66.63636363636364,63.63636363636363,66.63636363636364,69.9090909090909,62.81818181818182,71.0909090909091,50.72727272727273,51.72727272727273,36.72727272727273,56.72727272727273,53.27272727272727,53.18181818181818,58.18181818181818,39.81818181818182,35.72727272727273,35.09090909090909,15.181818181818182,14.636363636363637,14.818181818181818,15.454545454545457,15.0
Trinidad and Tobago,2022,8,25.625,181.75,76.375,48.125,40.0,45.25,54.125,34.125,53.5,45.625,43.75,50.0,53.375,67.125,66.625,64.375,57.625,62.375,55.625,64.375,61.875,71.125,41.625,56.5,45.625,43.125,49.75,36.625,54.375,48.5,50.0,47.375,14.0,15.875,15.5,16.0,17.0
Tunisia,2022,23,27.26086956521739,180.7826086956522,75.0,61.52173913043478,57.47826086956522,55.30434782608695,66.6086956521739,54.0,68.82608695652173,59.69565217391305,52.21739130434783,59.43478260869565,67.56521739130434,72.1304347826087,70.52173913043478,70.95652173913044,64.43478260869566,67.95652173913044,63.26086956521739,63.130434782608695,68.78260869565217,64.34782608695652,59.17391304347826,58.73913043478261,49.0,62.56521739130435,63.08695652173913,57.21739130434783,63.04347826086956,47.82608695652174,51.30434782608695,48.69565217391305,10.91304347826087,10.478260869565217,10.73913043478261,9.782608695652174,11.130434782608695
Turkey,2022,23,26.43478260869565,184.08695652173915,78.34782608695652,57.08695652173913,52.78260869565217,59.95652173913044,68.21739130434783,54.21739130434783,64.56521739130434,60.21739130434783,55.65217391304348,63.34782608695652,67.26086956521739,66.69565217391305,68.3913043478261,67.21739130434783,73.78260869565217,64.52173913043478,70.65217391304348,68.17391304347827,68.78260869565217,72.6086956521739,58.26086956521739,68.1304347826087,56.73913043478261,55.60869565217392,64.26086956521739,55.130434782608695,71.91304347826087,55.869565217391305,56.95652173913044,52.391304347826086,19.608695652173918,19.73913043478261,17.956521739130434,18.73913043478261,19.43478260869565
Uganda,2022,7,24.285714285714285,183.0,76.71428571428571,51.71428571428572,53.85714285714285,58.285714285714285,58.0,45.142857142857146,60.142857142857146,49.285714285714285,37.0,52.285714285714285,60.71428571428572,71.14285714285714,72.42857142857143,64.14285714285714,59.71428571428572,66.14285714285714,62.57142857142857,71.14285714285714,72.57142857142857,74.71428571428571,48.85714285714285,58.0,44.42857142857143,57.42857142857143,54.57142857142857,50.71428571428572,57.85714285714285,45.285714285714285,47.285714285714285,44.142857142857146,11.857142857142858,10.714285714285714,8.714285714285714,12.0,9.571428571428571
Ukraine,2022,23,26.608695652173918,183.8695652173913,77.6086956521739,59.47826086956522,51.82608695652174,56.34782608695652,67.95652173913044,47.82608695652174,60.26086956521739,54.04347826086956,50.26086956521739,60.869565217391305,65.1304347826087,67.43478260869566,69.69565217391305,65.47826086956522,72.6086956521739,63.26086956521739,67.1304347826087,62.69565217391305,66.34782608695652,68.82608695652173,55.60869565217392,60.52173913043478,55.34782608695652,57.52173913043478,62.0,49.56521739130435,66.43478260869566,53.56521739130435,53.30434782608695,50.0,18.782608695652176,17.956521739130434,19.65217391304348,19.347826086956523,20.26086956521739
United Arab Emirates,2022,19,25.42105263157895,177.52631578947367,70.10526315789474,46.0,41.1578947368421,48.21052631578947,52.89473684210526,41.68421052631579,51.42105263157895,45.78947368421053,37.31578947368421,47.89473684210526,54.68421052631579,65.94736842105263,65.47368421052632,62.1578947368421,57.68421052631579,66.6842105263158,53.63157894736842,64.6842105263158,57.73684210526316,59.78947368421053,41.526315789473685,51.26315789473684,39.1578947368421,46.31578947368421,52.26315789473684,39.31578947368421,54.26315789473684,39.73684210526316,41.578947368421055,40.89473684210526,18.63157894736842,19.105263157894736,17.05263157894737,18.526315789473685,19.31578947368421
United States,2022,23,24.52173913043478,183.0,76.43478260869566,51.91304347826087,50.56521739130435,55.08695652173913,66.21739130434783,49.26086956521739,63.91304347826087,52.52173913043478,39.73913043478261,58.95652173913044,65.69565217391305,71.91304347826087,73.6086956521739,71.6086956521739,70.34782608695652,64.91304347826087,62.17391304347826,71.17391304347827,70.26086956521739,70.95652173913044,49.78260869565217,61.65217391304348,52.78260869565217,57.73913043478261,62.95652173913044,47.52173913043478,67.17391304347827,51.52173913043478,53.65217391304348,50.130434782608695,18.956521739130437,18.347826086956523,18.52173913043478,18.26086956521739,19.82608695652174
Uruguay,2022,23,28.217391304347824,180.3913043478261,76.26086956521739,59.34782608695652,59.391304347826086,65.65217391304348,73.47826086956522,56.43478260869565,67.21739130434783,60.391304347826086,55.869565217391305,67.91304347826087,72.0,70.30434782608695,70.0,69.6086956521739,78.0,66.6086956521739,72.43478260869566,73.34782608695652,75.73913043478261,74.8695652173913,61.56521739130435,74.30434782608695,62.43478260869565,62.73913043478261,66.82608695652173,58.69565217391305,75.6086956521739,61.30434782608695,62.95652173913044,59.869565217391305,15.869565217391305,16.304347826086957,16.91304347826087,17.608695652173914,17.47826086956522
Uzbekistan,2022,6,27.166666666666668,180.5,73.0,51.833333333333336,51.16666666666666,59.0,66.83333333333333,51.16666666666666,59.833333333333336,57.0,49.833333333333336,60.833333333333336,62.66666666666666,71.5,70.5,66.83333333333333,59.833333333333336,71.5,61.333333333333336,66.66666666666667,72.5,68.33333333333333,58.333333333333336,59.0,52.333333333333336,56.833333333333336,59.16666666666666,51.5,63.333333333333336,56.16666666666666,54.16666666666666,52.66666666666666,11.0,9.0,9.0,10.0,8.833333333333334
Venezuela,2022,23,26.565217391304348,178.65217391304347,73.91304347826087,54.17391304347826,56.82608695652174,59.08695652173913,66.17391304347827,51.95652173913044,63.91304347826087,54.95652173913044,51.08695652173913,58.69565217391305,66.65217391304348,68.56521739130434,70.08695652173913,70.34782608695652,69.52173913043478,70.82608695652173,67.65217391304348,71.47826086956522,69.69565217391305,68.08695652173913,56.95652173913044,62.47826086956522,44.60869565217392,58.21739130434783,61.95652173913044,55.73913043478261,66.47826086956522,47.82608695652174,46.130434782608695,43.08695652173913,15.478260869565217,15.304347826086955,15.130434782608695,15.521739130434783,16.130434782608695
Vietnam,2022,1,27.0,188.0,88.0,14.0,5.0,11.0,23.0,8.0,11.0,12.0,12.0,23.0,17.0,46.0,44.0,38.0,60.0,38.0,44.0,62.0,20.0,70.0,9.0,24.0,11.0,6.0,27.0,14.0,39.0,5.0,10.0,10.0,65.0,61.0,58.0,65.0,65.0
Wales,2022,23,25.695652173913043,181.82608695652172,74.26086956521739,55.56521739130435,48.0,52.0,64.82608695652173,44.95652173913044,60.17391304347826,52.869565217391305,44.91304347826087,60.21739130434783,63.95652173913044,67.43478260869566,66.95652173913044,67.3913043478261,69.08695652173913,69.78260869565217,60.65217391304348,63.47826086956522,65.34782608695652,64.17391304347827,48.34782608695652,59.130434782608695,53.65217391304348,52.34782608695652,60.21739130434783,51.391304347826086,67.21739130434783,52.47826086956522,54.95652173913044,50.65217391304348,18.26086956521739,19.043478260869566,18.08695652173913,18.26086956521739,18.17391304347826
Zambia,2022,9,25.55555555555556,181.77777777777777,75.11111111111111,53.11111111111112,63.0,60.55555555555556,58.55555555555556,58.888888888888886,63.77777777777778,52.66666666666666,42.77777777777778,48.66666666666666,65.77777777777777,74.88888888888889,74.44444444444444,70.88888888888889,63.44444444444444,70.0,69.11111111111111,79.44444444444444,70.66666666666667,69.66666666666667,62.888888888888886,53.333333333333336,38.333333333333336,61.333333333333336,55.77777777777778,60.55555555555556,62.22222222222222,37.11111111111112,38.44444444444444,36.333333333333336,13.11111111111111,9.666666666666666,9.555555555555555,9.22222222222222,11.77777777777778
Zimbabwe,2022,13,25.615384615384617,181.6153846153846,73.53846153846153,53.38461538461539,52.84615384615385,61.46153846153846,60.84615384615385,48.0,64.15384615384616,52.15384615384615,44.07692307692308,53.07692307692308,62.76923076923077,74.6923076923077,73.53846153846153,67.61538461538461,64.23076923076923,66.15384615384616,61.07692307692308,71.38461538461539,66.61538461538461,69.92307692307692,51.15384615384615,60.15384615384615,47.84615384615385,58.76923076923077,56.15384615384615,54.92307692307692,60.46153846153846,45.23076923076923,50.38461538461539,47.92307692307692,10.0,10.692307692307692,9.846153846153848,10.461538461538462,10.153846153846152
Afghanistan,2023,1,22.0,185.0,71.0,46.0,55.0,42.0,66.0,37.0,63.0,42.0,37.0,64.0,66.0,79.0,80.0,75.0,55.0,77.0,54.0,54.0,79.0,61.0,38.0,52.0,55.0,60.0,63.0,49.0,63.0,57.0,64.0,61.0,12.0,8.0,15.0,8.0,12.0
Albania,2023,23,27.17391304347826,182.43478260869568,74.82608695652173,50.08695652173913,51.34782608695652,58.65217391304348,64.08695652173913,44.78260869565217,58.95652173913044,50.95652173913044,46.52173913043478,57.130434782608695,63.56521739130435,61.91304347826087,66.08695652173913,64.8695652173913,69.6086956521739,64.95652173913044,65.52173913043478,67.08695652173913,69.43478260869566,69.69565217391305,51.65217391304348,68.52173913043478,55.82608695652174,55.34782608695652,57.95652173913044,54.08695652173913,67.0,56.30434782608695,55.69565217391305,52.69565217391305,15.869565217391305,15.26086956521739,16.304347826086957,16.043478260869566,16.26086956521739
Algeria,2023,23,27.782608695652176,180.0,73.3913043478261,65.8695652173913,60.73913043478261,55.56521739130435,70.95652173913044,57.69565217391305,71.56521739130434,65.3913043478261,58.08695652173913,66.43478260869566,71.43478260869566,70.69565217391305,69.47826086956522,72.82608695652173,72.26086956521739,71.47826086956522,69.91304347826087,64.43478260869566,70.52173913043478,68.56521739130434,62.130434782608695,65.26086956521739,49.95652173913044,65.21739130434783,69.6086956521739,61.69565217391305,71.52173913043478,48.91304347826087,50.95652173913044,46.91304347826087,15.826086956521738,16.0,15.521739130434783,16.391304347826086,16.47826086956522
Andorra,2023,1,20.0,190.0,78.0,20.0,7.0,10.0,28.0,10.0,8.0,12.0,12.0,26.0,16.0,38.0,29.0,43.0,59.0,40.0,48.0,65.0,35.0,57.0,20.0,18.0,18.0,6.0,57.0,13.0,55.0,6.0,14.0,10.0,61.0,62.0,64.0,62.0,61.0
Angola,2023,20,26.5,177.9,74.0,58.25,56.25,57.65,65.05,54.7,67.7,58.4,47.2,58.45,67.3,77.4,78.6,73.8,64.15,71.05,65.95,67.7,66.85,64.5,55.65,57.9,45.2,60.85,57.65,56.3,65.05,44.75,46.55,44.25,9.8,10.1,9.85,10.55,10.3
Antigua and Barbuda,2023,3,25.666666666666668,179.0,76.0,45.0,35.333333333333336,41.66666666666666,52.66666666666666,25.666666666666668,45.66666666666666,42.66666666666666,29.0,51.333333333333336,47.66666666666666,69.33333333333333,70.0,69.0,55.66666666666666,63.0,51.333333333333336,71.66666666666667,63.0,70.0,36.333333333333336,49.0,45.0,41.0,55.0,38.0,47.333333333333336,46.333333333333336,46.333333333333336,45.333333333333336,26.666666666666668,28.0,26.0,30.33333333333333,27.666666666666668
Argentina,2023,23,28.043478260869566,178.8695652173913,74.26086956521739,66.1304347826087,61.95652173913044,60.391304347826086,74.47826086956522,60.65217391304348,70.91304347826087,67.0,57.17391304347826,71.08695652173913,74.95652173913044,73.78260869565217,70.78260869565217,73.47826086956522,79.47826086956522,73.69565217391305,74.30434782608695,69.17391304347827,73.65217391304348,71.91304347826087,64.82608695652173,70.69565217391305,58.17391304347826,66.6086956521739,74.21739130434783,58.82608695652174,77.78260869565217,56.869565217391305,58.21739130434783,56.56521739130435,18.73913043478261,18.565217391304348,18.26086956521739,19.695652173913043,20.08695652173913
Armenia,2023,8,29.25,179.75,75.75,60.375,64.125,61.875,66.5,58.75,70.125,59.375,52.0,60.0,71.625,72.625,68.875,74.875,67.5,73.25,69.5,69.0,68.375,67.375,64.125,60.125,39.125,68.25,66.25,61.75,66.375,44.625,39.75,38.5,10.0,11.25,10.5,8.625,9.625
Australia,2023,23,27.565217391304348,180.8695652173913,74.47826086956522,55.30434782608695,53.21739130434783,52.869565217391305,62.95652173913044,47.08695652173913,58.130434782608695,54.391304347826086,47.26086956521739,57.130434782608695,61.34782608695652,71.0,69.8695652173913,70.34782608695652,66.26086956521739,67.56521739130434,64.78260869565217,72.82608695652173,71.43478260869566,66.8695652173913,54.60869565217392,63.130434782608695,53.391304347826086,56.91304347826087,60.130434782608695,52.21739130434783,65.69565217391305,50.130434782608695,53.43478260869565,50.04347826086956,19.30434782608696,17.869565217391305,17.608695652173914,18.782608695652176,18.82608695652174
Austria,2023,23,27.30434782608696,183.8695652173913,79.26086956521739,58.65217391304348,51.82608695652174,62.65217391304348,67.78260869565217,51.60869565217392,61.73913043478261,56.26086956521739,51.04347826086956,62.60869565217392,66.0,67.82608695652173,71.73913043478261,65.8695652173913,74.3913043478261,64.52173913043478,66.43478260869566,67.82608695652173,72.56521739130434,73.47826086956522,56.30434782608695,69.65217391304348,59.95652173913044,57.65217391304348,64.04347826086956,51.65217391304348,68.82608695652173,59.91304347826087,61.95652173913044,58.78260869565217,18.347826086956523,18.217391304347824,17.52173913043478,18.82608695652174,18.65217391304348
Azerbaijan,2023,7,24.0,183.7142857142857,74.42857142857143,54.71428571428572,54.142857142857146,57.285714285714285,61.71428571428572,52.57142857142857,63.42857142857143,57.85714285714285,46.42857142857143,53.142857142857146,64.28571428571429,71.85714285714286,69.42857142857143,71.28571428571429,57.85714285714285,66.0,66.0,60.285714285714285,59.42857142857143,63.42857142857143,58.0,51.0,40.285714285714285,54.71428571428572,55.285714285714285,57.142857142857146,60.42857142857143,40.85714285714285,44.0,41.42857142857143,8.428571428571429,12.428571428571429,8.428571428571429,7.571428571428571,10.285714285714286
Barbados,2023,1,29.0,185.0,79.0,46.0,55.0,54.0,62.0,31.0,47.0,32.0,34.0,58.0,55.0,54.0,61.0,34.0,45.0,56.0,47.0,68.0,55.0,56.0,45.0,53.0,54.0,45.0,45.0,43.0,45.0,42.0,46.0,55.0,8.0,9.0,10.0,13.0,9.0
Belarus,2023,3,27.33333333333333,184.33333333333331,75.0,38.0,42.0,40.333333333333336,48.66666666666666,38.333333333333336,47.0,36.333333333333336,29.0,44.66666666666666,49.0,60.66666666666666,55.333333333333336,63.333333333333336,54.333333333333336,63.333333333333336,52.333333333333336,56.333333333333336,56.0,58.333333333333336,39.66666666666666,46.333333333333336,28.33333333333333,46.0,54.333333333333336,44.0,51.66666666666666,29.0,25.0,22.33333333333333,27.33333333333333,27.33333333333333,28.0,25.666666666666668,27.0
Belgium,2023,23,29.52173913043478,184.7391304347826,79.73913043478261,65.82608695652173,60.56521739130435,60.869565217391305,74.21739130434783,59.95652173913044,68.78260869565217,65.56521739130434,57.21739130434783,69.30434782608695,71.52173913043478,65.56521739130434,67.52173913043478,67.91304347826087,78.47826086956522,65.47826086956522,73.91304347826087,70.73913043478261,70.73913043478261,71.3913043478261,62.69565217391305,62.82608695652174,54.47826086956522,64.8695652173913,69.91304347826087,61.17391304347826,77.08695652173913,53.91304347826087,55.95652173913044,52.65217391304348,19.217391304347824,18.695652173913043,19.30434782608696,20.565217391304348,20.08695652173913
Benin,2023,15,25.133333333333333,181.13333333333333,75.06666666666666,50.0,54.4,56.46666666666667,60.13333333333333,48.66666666666666,60.333333333333336,49.06666666666667,41.66666666666666,53.73333333333333,62.4,65.93333333333334,66.8,68.06666666666666,61.86666666666667,63.86666666666667,61.2,66.46666666666667,63.93333333333333,67.6,52.8,56.66666666666666,40.86666666666667,55.93333333333333,56.13333333333333,51.266666666666666,59.73333333333333,40.93333333333333,45.13333333333333,41.266666666666666,14.0,14.4,13.866666666666667,14.4,15.6
Bermuda,2023,1,32.0,170.0,69.0,60.0,69.0,67.0,64.0,68.0,67.0,67.0,67.0,53.0,67.0,74.0,73.0,77.0,70.0,77.0,69.0,64.0,66.0,55.0,65.0,68.0,49.0,70.0,69.0,68.0,68.0,35.0,43.0,35.0,10.0,6.0,13.0,11.0,7.0
Bolivia,2023,23,29.608695652173918,177.17391304347825,73.52173913043478,55.391304347826086,51.30434782608695,56.47826086956522,63.91304347826087,41.78260869565217,60.21739130434783,49.82608695652174,55.08695652173913,57.52173913043478,63.391304347826086,63.391304347826086,66.21739130434783,63.52173913043478,62.43478260869565,67.43478260869566,57.0,64.6086956521739,72.26086956521739,61.56521739130435,54.130434782608695,56.43478260869565,57.73913043478261,56.47826086956522,59.52173913043478,56.0,59.130434782608695,54.91304347826087,58.65217391304348,55.26086956521739,13.173913043478262,12.434782608695652,12.956521739130435,14.826086956521738,12.0
Bosnia and Herzegovina,2023,23,29.30434782608696,184.69565217391303,78.43478260869566,53.21739130434783,49.08695652173913,55.82608695652174,64.6086956521739,47.30434782608695,56.78260869565217,52.52173913043478,48.69565217391305,60.60869565217392,60.91304347826087,59.08695652173913,62.60869565217392,61.08695652173913,69.56521739130434,60.60869565217392,68.21739130434783,66.52173913043478,66.1304347826087,73.26086956521739,53.391304347826086,64.6086956521739,53.47826086956522,52.52173913043478,61.17391304347826,53.17391304347826,67.65217391304348,50.78260869565217,50.73913043478261,47.391304347826086,21.47826086956522,21.08695652173913,20.043478260869566,22.39130434782609,22.043478260869566
Brazil,2023,23,26.17391304347826,180.2173913043478,76.43478260869566,57.21739130434783,52.82608695652174,64.78260869565217,68.3913043478261,52.43478260869565,63.17391304347826,53.17391304347826,52.78260869565217,62.130434782608695,67.43478260869566,72.17391304347827,71.82608695652173,67.78260869565217,79.1304347826087,66.26086956521739,66.47826086956522,71.73913043478261,72.47826086956522,72.1304347826087,56.78260869565217,64.0,55.52173913043478,57.0,64.91304347826087,56.17391304347826,70.21739130434783,55.391304347826086,55.30434782608695,53.60869565217392,20.39130434782609,20.43478260869565,20.43478260869565,19.82608695652174,19.782608695652176
Bulgaria,2023,23,26.47826086956522,182.7826086956522,75.17391304347827,47.52173913043478,44.34782608695652,53.34782608695652,57.869565217391305,42.73913043478261,53.04347826086956,44.869565217391305,44.78260869565217,52.869565217391305,57.30434782608695,64.8695652173913,64.95652173913044,62.73913043478261,62.65217391304348,63.34782608695652,57.47826086956522,65.1304347826087,65.30434782608695,65.6086956521739,46.82608695652174,57.95652173913044,48.08695652173913,51.34782608695652,52.65217391304348,48.47826086956522,59.04347826086956,47.21739130434783,48.21739130434783,47.17391304347826,15.521739130434783,14.91304347826087,14.304347826086955,14.608695652173912,15.0
Burkina Faso,2023,17,22.705882352941178,181.94117647058823,76.0,48.47058823529412,49.588235294117645,56.588235294117645,60.0,42.64705882352941,59.52941176470589,43.35294117647059,42.41176470588236,52.1764705882353,62.76470588235294,71.29411764705883,71.82352941176471,67.11764705882354,60.23529411764706,65.70588235294117,58.76470588235294,70.05882352941177,61.05882352941177,65.17647058823529,46.88235294117647,52.41176470588236,42.05882352941177,51.41176470588236,54.294117647058826,51.0,58.05882352941177,39.64705882352941,41.588235294117645,39.588235294117645,12.529411764705882,12.529411764705882,14.882352941176473,14.176470588235292,14.235294117647058
Burundi,2023,2,22.5,178.5,75.0,50.5,44.5,54.0,60.5,43.0,66.5,50.0,50.0,54.0,64.5,78.5,79.5,74.0,60.0,70.0,57.5,76.0,67.5,71.5,40.0,57.5,52.0,51.5,54.0,51.5,61.0,49.5,56.5,55.0,10.5,11.0,12.5,9.0,9.5
Cameroon,2023,23,27.26086956521739,184.7391304347826,81.91304347826087,54.34782608695652,58.34782608695652,68.21739130434783,69.0,55.34782608695652,68.52173913043478,57.34782608695652,46.0,62.26086956521739,71.21739130434783,68.95652173913044,73.04347826086956,68.1304347826087,71.52173913043478,61.26086956521739,71.95652173913044,75.04347826086956,72.04347826086956,79.82608695652173,58.56521739130435,66.69565217391305,49.30434782608695,64.17391304347827,61.69565217391305,57.17391304347826,71.43478260869566,48.30434782608695,47.95652173913044,43.21739130434783,13.347826086956522,14.347826086956522,13.695652173913045,13.565217391304348,14.043478260869565
Canada,2023,23,27.17391304347826,183.08695652173915,78.8695652173913,52.130434782608695,50.869565217391305,57.78260869565217,64.6086956521739,44.82608695652174,60.26086956521739,50.869565217391305,41.91304347826087,56.73913043478261,62.78260869565217,69.34782608695652,69.04347826086956,62.65217391304348,69.65217391304348,60.47826086956522,64.3913043478261,70.1304347826087,69.43478260869566,74.52173913043478,48.08695652173913,62.82608695652174,50.47826086956522,54.65217391304348,60.34782608695652,50.391304347826086,66.30434782608695,49.65217391304348,52.391304347826086,46.73913043478261,18.47826086956522,17.52173913043478,16.391304347826086,17.17391304347826,18.52173913043478
Cape Verde,2023,23,27.65217391304348,182.34782608695653,76.56521739130434,55.34782608695652,59.21739130434783,61.60869565217392,64.56521739130434,53.73913043478261,66.21739130434783,56.869565217391305,50.08695652173913,57.130434782608695,67.21739130434783,69.95652173913044,71.04347826086956,68.6086956521739,65.73913043478261,66.17391304347827,65.6086956521739,67.82608695652173,69.34782608695652,72.65217391304348,59.73913043478261,63.47826086956522,42.82608695652174,62.43478260869565,61.56521739130435,57.95652173913044,65.52173913043478,45.21739130434783,42.391304347826086,40.17391304347826,10.695652173913045,10.08695652173913,11.043478260869565,10.347826086956522,9.347826086956522
Central African Republic,2023,3,27.33333333333333,183.66666666666663,73.66666666666667,48.66666666666666,54.66666666666666,69.66666666666667,65.33333333333333,52.66666666666666,62.66666666666666,49.0,48.0,58.0,65.66666666666667,64.33333333333333,66.0,68.33333333333333,66.0,64.0,67.66666666666667,77.0,73.0,80.66666666666667,58.333333333333336,64.0,55.66666666666666,61.333333333333336,59.333333333333336,55.0,68.66666666666667,53.66666666666666,56.0,53.66666666666666,13.0,10.666666666666666,10.0,9.666666666666666,10.666666666666666
Chad,2023,1,24.0,190.0,85.0,35.0,64.0,64.0,48.0,55.0,58.0,47.0,34.0,41.0,60.0,74.0,71.0,72.0,60.0,63.0,70.0,75.0,61.0,83.0,53.0,62.0,16.0,64.0,62.0,62.0,53.0,28.0,26.0,22.0,13.0,14.0,5.0,11.0,13.0
Chile,2023,23,31.08695652173913,178.17391304347825,74.95652173913044,52.91304347826087,49.0,56.130434782608695,68.08695652173913,44.34782608695652,59.73913043478261,51.82608695652174,48.391304347826086,62.52173913043478,65.73913043478261,63.04347826086956,61.52173913043478,66.43478260869566,72.0,67.8695652173913,63.391304347826086,72.04347826086956,65.69565217391305,71.95652173913044,52.65217391304348,63.78260869565217,53.47826086956522,55.391304347826086,64.56521739130434,53.17391304347826,68.78260869565217,52.08695652173913,52.56521739130435,50.52173913043478,21.565217391304348,20.869565217391305,21.39130434782609,22.26086956521739,22.39130434782609
China,2023,23,29.347826086956523,183.43478260869568,75.26086956521739,52.130434782608695,47.82608695652174,55.91304347826087,59.21739130434783,44.95652173913044,56.21739130434783,49.04347826086956,45.95652173913044,56.869565217391305,59.43478260869565,70.78260869565217,69.1304347826087,67.08695652173913,63.04347826086956,67.43478260869566,62.04347826086956,72.95652173913044,71.65217391304348,70.56521739130434,50.82608695652174,58.60869565217392,51.78260869565217,53.47826086956522,60.04347826086956,48.26086956521739,60.43478260869565,51.65217391304348,51.30434782608695,49.34782608695652,18.08695652173913,17.391304347826086,18.17391304347826,18.17391304347826,18.782608695652176
Colombia,2023,23,29.695652173913043,179.7826086956522,77.0,60.69565217391305,65.95652173913044,64.91304347826087,72.65217391304348,58.65217391304348,72.73913043478261,62.04347826086956,56.391304347826086,64.73913043478261,74.08695652173913,73.95652173913044,74.3913043478261,72.8695652173913,75.34782608695652,69.65217391304348,75.91304347826087,73.78260869565217,72.34782608695652,73.26086956521739,65.0,72.3913043478261,49.47826086956522,69.30434782608695,67.73913043478261,64.17391304347827,73.78260869565217,49.95652173913044,50.78260869565217,45.69565217391305,13.652173913043478,13.956521739130435,14.217391304347826,13.173913043478262,13.91304347826087
Comoros,2023,11,26.0,177.27272727272728,71.0,53.18181818181818,45.27272727272727,50.09090909090909,58.54545454545455,45.09090909090909,57.18181818181818,52.81818181818182,46.72727272727273,51.27272727272727,59.36363636363637,68.27272727272727,70.36363636363636,71.18181818181819,59.0,71.18181818181819,58.90909090909091,63.36363636363637,62.45454545454545,59.63636363636363,46.54545454545455,53.27272727272727,50.81818181818182,50.63636363636363,53.63636363636363,48.45454545454545,54.18181818181818,48.81818181818182,52.54545454545455,48.72727272727273,15.818181818181818,16.90909090909091,16.272727272727273,17.454545454545453,17.727272727272727
Congo,2023,18,25.38888888888889,184.22222222222223,78.94444444444444,49.05555555555556,50.5,59.0,59.55555555555556,46.888888888888886,58.27777777777778,44.55555555555556,39.72222222222222,51.333333333333336,60.27777777777778,67.83333333333333,70.05555555555556,61.61111111111112,61.55555555555556,58.11111111111112,62.22222222222222,64.77777777777777,66.22222222222223,76.11111111111111,49.888888888888886,54.94444444444444,42.61111111111112,52.77777777777778,52.11111111111112,51.44444444444444,59.44444444444444,41.16666666666666,45.333333333333336,42.94444444444444,14.27777777777778,14.38888888888889,13.72222222222222,15.0,13.833333333333334
Costa Rica,2023,22,27.09090909090909,178.86363636363637,74.5,52.63636363636363,49.86363636363637,50.68181818181818,60.95454545454545,44.31818181818182,60.13636363636363,52.54545454545455,46.09090909090909,54.04545454545455,61.18181818181818,70.4090909090909,70.13636363636364,68.72727272727273,63.45454545454545,69.68181818181819,62.63636363636363,65.27272727272727,63.36363636363637,64.54545454545455,48.31818181818182,58.59090909090909,45.72727272727273,55.40909090909091,57.95454545454545,48.90909090909091,60.0,47.36363636363637,45.63636363636363,42.31818181818182,16.636363636363637,16.863636363636363,14.772727272727272,15.090909090909092,16.136363636363637
Croatia,2023,23,27.217391304347824,183.8695652173913,77.1304347826087,62.82608695652174,54.43478260869565,59.04347826086956,70.69565217391305,54.52173913043478,67.82608695652173,60.43478260869565,54.52173913043478,65.52173913043478,70.6086956521739,70.6086956521739,68.82608695652173,70.08695652173913,76.17391304347827,64.69565217391305,70.34782608695652,69.56521739130434,70.95652173913044,71.3913043478261,56.869565217391305,65.73913043478261,56.0,58.91304347826087,67.21739130434783,58.17391304347826,71.91304347826087,57.82608695652174,58.73913043478261,54.82608695652174,18.82608695652174,18.695652173913043,17.782608695652176,18.73913043478261,19.043478260869566
Cuba,2023,5,28.4,182.2,77.8,45.0,39.6,44.4,53.2,40.6,48.4,43.2,35.6,50.2,52.4,60.4,60.2,56.0,59.4,60.4,58.0,56.8,49.6,70.6,39.2,50.8,41.2,46.8,53.8,41.8,52.4,44.8,47.4,42.4,21.2,21.6,20.2,21.4,22.4
Curaçao,2023,12,27.416666666666668,181.33333333333331,75.33333333333333,51.833333333333336,49.25,51.16666666666666,60.0,46.083333333333336,61.0,48.25,47.16666666666666,54.0,62.25,70.08333333333333,71.25,66.83333333333333,64.0,64.91666666666667,64.75,67.33333333333333,64.25,70.91666666666667,52.5,56.0,42.91666666666666,53.5,55.583333333333336,50.0,61.66666666666666,44.25,44.583333333333336,41.583333333333336,14.416666666666666,16.833333333333332,15.25,15.333333333333334,17.166666666666668
Cyprus,2023,20,24.35,180.3,75.15,49.9,44.55,51.5,59.1,38.8,57.65,49.15,40.8,50.6,61.55,67.45,69.25,63.05,59.85,67.45,52.95,60.55,64.25,62.4,46.1,54.6,46.45,50.75,52.4,42.4,57.45,46.45,47.95,47.6,13.95,12.55,12.15,13.0,13.25
Czech Republic,2023,23,26.91304347826087,183.4782608695652,78.56521739130434,60.391304347826086,55.391304347826086,63.17391304347826,66.43478260869566,53.04347826086956,64.56521739130434,55.869565217391305,49.82608695652174,63.43478260869565,66.91304347826087,68.69565217391305,69.43478260869566,67.56521739130434,73.47826086956522,68.69565217391305,68.3913043478261,71.08695652173913,71.82608695652173,73.26086956521739,58.47826086956522,66.8695652173913,56.82608695652174,60.04347826086956,64.65217391304348,52.60869565217392,69.95652173913044,56.65217391304348,57.30434782608695,55.43478260869565,18.30434782608696,19.08695652173913,17.565217391304348,19.565217391304348,19.65217391304348
DR Congo,2023,23,26.608695652173918,178.2608695652174,74.3913043478261,59.69565217391305,59.21739130434783,60.91304347826087,67.56521739130434,57.60869565217392,71.43478260869566,58.82608695652174,49.91304347826087,60.73913043478261,70.69565217391305,77.6086956521739,77.26086956521739,75.52173913043478,69.3913043478261,74.34782608695652,68.56521739130434,73.47826086956522,72.6086956521739,67.69565217391305,60.26086956521739,62.391304347826086,50.95652173913044,63.65217391304348,62.69565217391305,57.391304347826086,69.8695652173913,49.91304347826087,51.43478260869565,46.47826086956522,9.869565217391305,10.73913043478261,9.652173913043478,10.695652173913045,10.08695652173913
Denmark,2023,23,27.30434782608696,186.2608695652174,80.26086956521739,58.26086956521739,55.65217391304348,62.0,70.43478260869566,51.78260869565217,62.82608695652174,58.60869565217392,56.65217391304348,67.65217391304348,68.17391304347827,65.04347826086956,66.43478260869566,63.34782608695652,75.30434782608695,62.30434782608695,71.08695652173913,71.69565217391305,70.26086956521739,74.30434782608695,57.26086956521739,66.08695652173913,56.17391304347826,58.43478260869565,68.34782608695652,53.47826086956522,71.04347826086956,57.52173913043478,56.0,50.60869565217392,18.65217391304348,18.217391304347824,18.347826086956523,18.17391304347826,19.39130434782609
Dominican Republic,2023,3,24.666666666666668,172.66666666666666,69.33333333333333,51.333333333333336,54.0,57.333333333333336,60.333333333333336,46.0,65.33333333333333,56.66666666666666,49.66666666666666,49.0,61.333333333333336,70.0,69.0,73.33333333333333,62.0,75.33333333333333,63.0,66.66666666666667,60.0,58.0,56.0,59.0,41.0,59.333333333333336,51.333333333333336,60.66666666666666,59.66666666666666,42.66666666666666,42.333333333333336,42.333333333333336,10.666666666666666,10.333333333333334,9.666666666666666,12.0,10.666666666666666
Ecuador,2023,23,26.65217391304348,177.30434782608697,71.95652173913044,57.91304347826087,57.91304347826087,55.17391304347826,67.43478260869566,48.65217391304348,66.8695652173913,56.95652173913044,53.26086956521739,60.34782608695652,66.95652173913044,72.30434782608695,71.3913043478261,70.69565217391305,67.69565217391305,70.8695652173913,64.78260869565217,68.34782608695652,66.65217391304348,68.04347826086956,55.91304347826087,58.43478260869565,46.95652173913044,62.43478260869565,65.34782608695652,57.0,64.65217391304348,48.391304347826086,48.26086956521739,45.69565217391305,16.608695652173914,14.956521739130435,15.565217391304348,14.956521739130435,15.478260869565217
Egypt,2023,13,26.307692307692307,180.53846153846155,74.07692307692308,55.07692307692308,62.23076923076923,59.0,68.76923076923077,54.84615384615385,69.92307692307692,60.0,53.69230769230769,62.84615384615385,70.92307692307692,66.23076923076923,65.07692307692308,70.53846153846153,66.84615384615384,68.46153846153847,67.07692307692308,65.61538461538461,72.07692307692308,70.76923076923077,61.38461538461539,61.15384615384615,46.23076923076923,62.61538461538461,64.53846153846153,59.07692307692308,68.23076923076923,45.46153846153846,47.07692307692308,42.15384615384615,11.23076923076923,12.76923076923077,10.846153846153848,10.384615384615383,9.384615384615383
El Salvador,2023,6,24.666666666666668,178.83333333333334,74.16666666666667,40.0,44.333333333333336,43.333333333333336,59.0,40.0,52.0,43.0,38.5,56.16666666666666,55.66666666666666,54.5,54.333333333333336,55.66666666666666,57.833333333333336,66.0,59.5,58.333333333333336,58.16666666666666,63.833333333333336,47.16666666666666,50.833333333333336,42.333333333333336,48.333333333333336,53.833333333333336,44.333333333333336,56.0,43.66666666666666,43.16666666666666,42.16666666666666,19.5,17.833333333333332,20.33333333333333,18.5,18.666666666666668
England,2023,23,25.73913043478261,183.1304347826087,78.1304347826087,65.82608695652173,62.04347826086956,58.26086956521739,77.56521739130434,58.43478260869565,71.21739130434783,64.26086956521739,58.95652173913044,74.56521739130434,76.08695652173913,70.65217391304348,70.34782608695652,68.04347826086956,81.91304347826087,69.30434782608695,75.08695652173913,69.91304347826087,76.21739130434783,71.52173913043478,61.91304347826087,68.52173913043478,60.47826086956522,67.17391304347827,76.08695652173913,60.21739130434783,78.43478260869566,60.21739130434783,61.60869565217392,57.04347826086956,19.130434782608692,19.608695652173918,20.0,19.565217391304348,20.347826086956523
Equatorial Guinea,2023,9,25.666666666666668,182.33333333333331,74.55555555555556,48.55555555555556,39.55555555555556,53.22222222222222,57.22222222222222,36.22222222222222,51.77777777777778,43.44444444444444,38.55555555555556,54.77777777777778,57.333333333333336,62.333333333333336,64.0,61.0,60.333333333333336,60.0,55.888888888888886,67.44444444444444,62.44444444444444,65.11111111111111,43.22222222222222,61.55555555555556,58.22222222222222,45.888888888888886,52.888888888888886,42.888888888888886,54.44444444444444,55.0,60.44444444444444,57.11111111111112,13.666666666666666,14.555555555555555,16.11111111111111,15.555555555555555,15.77777777777778
Estonia,2023,10,24.1,185.6,77.9,40.6,50.9,54.4,56.8,42.4,53.7,46.1,38.0,50.1,56.5,60.5,58.5,55.0,60.9,60.9,59.3,61.1,59.8,64.9,49.3,50.6,38.5,52.8,51.0,50.7,56.2,39.5,39.1,38.5,16.0,15.8,16.0,16.7,16.2
Ethiopia,2023,2,29.0,176.5,63.0,57.0,58.5,56.5,62.5,54.0,65.0,52.0,46.5,46.5,66.0,77.0,78.0,81.5,60.0,72.0,64.0,59.0,56.0,40.5,56.0,45.5,34.0,60.5,56.5,51.0,59.5,32.0,35.5,34.0,7.0,10.0,10.5,11.0,10.0
Faroe Islands,2023,5,25.4,179.0,74.0,57.2,52.8,52.0,59.0,44.8,59.0,53.2,42.6,55.6,61.0,65.4,65.8,65.6,57.2,70.6,56.6,69.8,64.6,60.0,50.2,54.2,48.2,55.4,51.8,52.8,55.8,44.6,49.4,47.2,11.2,8.8,9.2,9.8,10.8
Fiji,2023,1,34.0,169.0,70.0,63.0,69.0,60.0,67.0,66.0,70.0,70.0,63.0,65.0,69.0,91.0,89.0,84.0,69.0,84.0,69.0,83.0,89.0,72.0,67.0,80.0,42.0,71.0,67.0,73.0,75.0,41.0,50.0,43.0,13.0,13.0,6.0,11.0,9.0
Finland,2023,23,26.73913043478261,184.2173913043478,78.0,49.73913043478261,48.47826086956522,52.04347826086956,59.56521739130435,44.73913043478261,56.56521739130435,49.78260869565217,42.73913043478261,55.391304347826086,59.43478260869565,65.6086956521739,64.6086956521739,62.78260869565217,65.52173913043478,61.30434782608695,61.869565217391305,64.47826086956522,65.26086956521739,68.21739130434783,48.17391304347826,57.26086956521739,48.08695652173913,50.08695652173913,57.869565217391305,48.08695652173913,62.04347826086956,47.47826086956522,47.73913043478261,45.91304347826087,18.43478260869565,19.0,16.91304347826087,18.17391304347826,18.043478260869566
France,2023,23,27.08695652173913,183.7826086956522,78.08695652173913,64.43478260869566,58.869565217391305,65.26086956521739,77.82608695652173,56.52173913043478,70.56521739130434,62.869565217391305,54.95652173913044,71.69565217391305,75.08695652173913,76.1304347826087,76.95652173913044,73.0,83.17391304347827,70.8695652173913,73.3913043478261,76.47826086956522,74.69565217391305,75.0,59.0,68.21739130434783,63.52173913043478,64.52173913043478,73.08695652173913,56.65217391304348,79.1304347826087,59.869565217391305,62.391304347826086,58.82608695652174,19.39130434782609,18.695652173913043,18.0,18.608695652173918,20.0
Gabon,2023,15,26.933333333333334,179.2,74.6,61.333333333333336,55.333333333333336,57.333333333333336,65.13333333333334,53.8,66.46666666666667,58.86666666666667,51.53333333333333,59.4,65.93333333333334,73.6,73.46666666666667,71.06666666666666,66.0,70.53333333333333,62.73333333333333,66.86666666666666,71.6,66.8,56.46666666666667,63.93333333333333,54.266666666666666,62.0,60.8,55.93333333333333,64.13333333333334,53.93333333333333,53.333333333333336,52.266666666666666,10.2,11.2,11.6,10.2,11.4
Gambia,2023,23,24.73913043478261,181.82608695652172,74.8695652173913,54.0,55.04347826086956,58.73913043478261,64.56521739130434,48.08695652173913,65.30434782608695,49.95652173913044,46.52173913043478,56.95652173913044,65.91304347826087,76.3913043478261,76.1304347826087,72.04347826086956,63.60869565217392,67.65217391304348,61.91304347826087,68.73913043478261,69.91304347826087,67.34782608695652,54.73913043478261,61.47826086956522,44.69565217391305,59.56521739130435,55.56521739130435,53.0,62.52173913043478,46.56521739130435,47.43478260869565,45.34782608695652,8.956521739130435,10.304347826086955,9.695652173913045,10.695652173913045,10.08695652173913
Georgia,2023,23,25.26086956521739,182.08695652173915,74.1304347826087,53.869565217391305,53.95652173913044,52.130434782608695,62.26086956521739,46.34782608695652,62.130434782608695,54.43478260869565,47.91304347826087,56.69565217391305,64.0,69.30434782608695,68.52173913043478,68.8695652173913,63.91304347826087,67.21739130434783,63.21739130434783,62.60869565217392,66.47826086956522,65.8695652173913,53.08695652173913,54.21739130434783,44.73913043478261,57.0,59.21739130434783,50.95652173913044,60.69565217391305,43.78260869565217,46.95652173913044,43.91304347826087,15.956521739130435,15.652173913043478,15.043478260869565,15.91304347826087,16.0
Germany,2023,23,27.130434782608692,184.82608695652172,80.52173913043478,65.91304347826087,62.04347826086956,61.52173913043478,76.69565217391305,58.95652173913044,70.95652173913044,62.43478260869565,52.21739130434783,71.6086956521739,74.0,72.69565217391305,74.82608695652173,70.21739130434783,83.34782608695652,68.08695652173913,75.17391304347827,72.3913043478261,73.78260869565217,74.0,63.43478260869565,64.43478260869566,59.56521739130435,66.3913043478261,73.17391304347827,54.60869565217392,78.1304347826087,58.04347826086956,56.47826086956522,54.91304347826087,19.47826086956522,20.39130434782609,20.47826086956522,20.608695652173918,20.695652173913043
Ghana,2023,23,26.30434782608696,180.8695652173913,75.6086956521739,54.69565217391305,53.78260869565217,56.78260869565217,65.3913043478261,51.30434782608695,64.95652173913044,55.82608695652174,46.60869565217392,58.34782608695652,66.21739130434783,71.30434782608695,72.34782608695652,69.56521739130434,68.52173913043478,69.1304347826087,67.1304347826087,74.47826086956522,66.0,69.78260869565217,55.82608695652174,61.78260869565217,46.34782608695652,56.69565217391305,61.56521739130435,53.21739130434783,66.1304347826087,45.130434782608695,47.08695652173913,44.91304347826087,17.782608695652176,17.782608695652176,16.73913043478261,17.782608695652176,17.695652173913043
Gibraltar,2023,1,22.0,175.0,74.0,53.0,57.0,51.0,52.0,51.0,59.0,56.0,32.0,44.0,57.0,81.0,77.0,74.0,56.0,76.0,58.0,63.0,62.0,59.0,54.0,54.0,23.0,60.0,52.0,56.0,54.0,27.0,29.0,28.0,15.0,6.0,9.0,13.0,15.0
Greece,2023,23,27.30434782608696,182.0,75.30434782608695,56.08695652173913,50.869565217391305,55.34782608695652,64.82608695652173,48.26086956521739,62.43478260869565,57.869565217391305,51.91304347826087,59.17391304347826,65.04347826086956,68.95652173913044,71.1304347826087,69.08695652173913,69.78260869565217,65.56521739130434,68.08695652173913,71.65217391304348,67.65217391304348,68.73913043478261,55.47826086956522,65.78260869565217,53.391304347826086,54.30434782608695,57.82608695652174,49.91304347826087,67.52173913043478,54.04347826086956,54.47826086956522,52.43478260869565,19.43478260869565,19.043478260869566,18.130434782608692,19.043478260869566,19.565217391304348
Grenada,2023,5,27.4,182.2,77.2,54.4,48.0,55.8,63.0,41.2,60.4,49.0,39.4,58.6,61.8,72.0,69.0,67.6,62.8,69.2,54.4,72.8,79.6,75.0,50.2,66.0,62.8,50.0,55.2,48.2,62.0,62.0,63.0,60.0,11.2,10.4,11.6,10.6,12.0
Guam,2023,1,34.0,175.0,68.0,59.0,49.0,56.0,66.0,48.0,56.0,59.0,55.0,58.0,61.0,61.0,59.0,63.0,59.0,79.0,53.0,71.0,63.0,70.0,36.0,72.0,62.0,55.0,56.0,52.0,64.0,65.0,63.0,61.0,13.0,9.0,16.0,12.0,11.0
Guatemala,2023,1,25.0,193.0,85.0,14.0,5.0,13.0,20.0,9.0,10.0,12.0,10.0,21.0,20.0,37.0,25.0,40.0,56.0,21.0,45.0,56.0,25.0,59.0,5.0,22.0,6.0,6.0,40.0,15.0,38.0,5.0,11.0,12.0,62.0,61.0,60.0,63.0,64.0
Guinea,2023,23,26.0,184.8695652173913,79.08695652173913,51.130434782608695,51.21739130434783,65.30434782608695,67.17391304347827,46.91304347826087,62.30434782608695,50.60869565217392,42.78260869565217,60.91304347826087,65.56521739130434,64.3913043478261,64.47826086956522,62.869565217391305,65.30434782608695,58.04347826086956,63.91304347826087,69.04347826086956,69.3913043478261,76.08695652173913,52.26086956521739,64.1304347826087,58.869565217391305,54.47826086956522,57.82608695652174,51.0,64.82608695652173,55.17391304347826,58.82608695652174,55.78260869565217,9.956521739130435,11.08695652173913,10.043478260869565,9.826086956521738,9.521739130434783
Guinea-Bissau,2023,21,25.904761904761905,181.14285714285717,74.66666666666667,51.38095238095238,51.76190476190476,56.333333333333336,60.95238095238095,50.142857142857146,63.142857142857146,52.333333333333336,45.66666666666666,53.47619047619048,62.333333333333336,70.0,72.52380952380952,67.9047619047619,63.19047619047619,64.23809523809524,63.80952380952381,66.57142857142857,67.33333333333333,68.14285714285714,54.095238095238095,62.23809523809524,44.80952380952381,58.61904761904762,55.90476190476191,52.76190476190476,61.19047619047619,46.04761904761905,48.38095238095238,44.42857142857143,13.095238095238097,13.38095238095238,12.333333333333334,13.285714285714286,12.428571428571429
Guyana,2023,5,22.0,179.6,72.4,51.6,39.6,50.4,58.8,36.2,57.8,45.4,37.0,53.4,56.4,71.0,70.6,68.4,55.4,70.8,53.8,62.8,65.4,60.0,41.6,53.4,51.2,50.6,48.8,42.2,53.6,48.6,54.0,52.8,9.2,10.6,9.4,8.6,11.0
Haiti,2023,10,24.5,180.8,77.1,38.7,41.0,47.1,54.0,38.2,48.7,40.6,34.4,45.1,52.6,62.3,63.3,61.1,56.6,61.3,55.1,65.2,55.9,66.9,40.2,51.7,37.9,44.3,47.9,43.9,55.4,39.1,38.4,36.5,19.3,20.6,20.7,20.6,19.6
Honduras,2023,10,27.2,180.2,74.3,60.0,61.9,65.3,65.8,54.9,69.0,57.3,52.0,61.0,68.0,72.6,74.6,70.7,67.2,68.9,69.8,72.8,70.4,72.5,60.2,70.9,43.5,65.8,64.3,61.6,64.0,43.0,44.5,43.2,10.6,9.5,9.6,9.2,10.4
Hong Kong,2023,3,26.33333333333333,183.0,75.0,37.333333333333336,32.0,62.0,55.0,32.0,39.66666666666666,34.666666666666664,32.0,46.333333333333336,54.66666666666666,60.66666666666666,62.333333333333336,55.0,57.0,64.66666666666667,44.66666666666666,73.33333333333333,66.33333333333333,69.66666666666667,35.666666666666664,60.333333333333336,54.333333333333336,42.0,42.333333333333336,39.333333333333336,45.0,54.66666666666666,59.333333333333336,57.333333333333336,10.666666666666666,9.666666666666666,9.666666666666666,11.333333333333334,10.333333333333334
Hungary,2023,23,27.30434782608696,184.6086956521739,78.21739130434783,53.0,50.82608695652174,53.34782608695652,62.47826086956522,47.69565217391305,56.21739130434783,48.78260869565217,43.65217391304348,54.65217391304348,61.391304347826086,62.30434782608695,63.52173913043478,60.47826086956522,68.56521739130434,59.391304347826086,61.60869565217392,61.43478260869565,65.21739130434783,68.8695652173913,51.47826086956522,61.52173913043478,52.95652173913044,54.95652173913044,54.391304347826086,50.78260869565217,65.21739130434783,52.391304347826086,53.08695652173913,49.69565217391305,18.91304347826087,18.08695652173913,17.08695652173913,18.39130434782609,19.17391304347826
Iceland,2023,23,25.869565217391305,184.91304347826087,77.08695652173913,51.65217391304348,51.26086956521739,50.69565217391305,62.78260869565217,47.130434782608695,58.0,52.869565217391305,49.65217391304348,58.91304347826087,61.52173913043478,64.17391304347827,66.0,65.04347826086956,64.69565217391305,65.43478260869566,63.08695652173913,67.17391304347827,68.47826086956522,69.52173913043478,52.17391304347826,61.91304347826087,49.78260869565217,53.391304347826086,61.17391304347826,49.43478260869565,63.78260869565217,48.78260869565217,51.73913043478261,47.52173913043478,17.956521739130434,17.565217391304348,17.0,18.08695652173913,16.695652173913043
India,2023,23,27.91304347826087,178.6086956521739,71.65217391304348,41.47826086956522,36.26086956521739,41.0,49.69565217391305,34.26086956521739,45.82608695652174,40.43478260869565,38.52173913043478,45.69565217391305,48.391304347826086,64.21739130434783,64.21739130434783,61.391304347826086,53.78260869565217,64.26086956521739,50.30434782608695,65.43478260869566,67.30434782608695,63.78260869565217,37.26086956521739,51.82608695652174,40.17391304347826,40.43478260869565,46.26086956521739,37.21739130434783,49.34782608695652,38.869565217391305,41.30434782608695,41.08695652173913,21.17391304347826,20.47826086956522,19.30434782608696,21.08695652173913,21.30434782608696
Indonesia,2023,1,19.0,194.0,86.0,26.0,22.0,56.0,41.0,20.0,35.0,28.0,29.0,33.0,47.0,62.0,55.0,40.0,51.0,35.0,30.0,66.0,62.0,81.0,18.0,50.0,56.0,25.0,28.0,38.0,53.0,58.0,59.0,58.0,8.0,8.0,5.0,11.0,7.0
Iran,2023,16,27.5625,181.5,78.4375,56.125,53.9375,59.9375,64.125,53.625,62.625,56.0625,49.0625,59.5625,65.125,69.6875,68.5,67.75,67.0,66.25,65.875,70.5,69.125,69.6875,56.375,57.625,46.5625,60.625,60.5625,52.1875,65.625,48.5625,50.3125,46.5625,13.6875,14.375,14.125,14.1875,13.875
Iraq,2023,9,24.0,182.33333333333331,72.55555555555556,49.11111111111112,50.55555555555556,52.11111111111112,57.77777777777778,45.44444444444444,57.66666666666666,51.0,47.77777777777778,49.66666666666666,59.888888888888886,67.33333333333333,68.0,64.77777777777777,60.333333333333336,65.77777777777777,57.22222222222222,65.55555555555556,67.44444444444444,64.11111111111111,50.77777777777778,62.333333333333336,48.11111111111112,55.22222222222222,52.333333333333336,52.11111111111112,59.11111111111112,47.66666666666666,48.66666666666666,45.44444444444444,9.22222222222222,8.333333333333334,9.333333333333334,11.11111111111111,9.22222222222222
Israel,2023,20,25.5,179.75,75.0,53.6,60.35,54.2,60.15,54.25,64.45,55.85,51.65,53.35,64.95,70.3,69.5,71.45,63.3,67.85,64.8,66.15,63.8,65.3,57.05,51.4,32.3,62.05,60.45,56.35,63.05,34.75,37.45,34.85,13.3,13.6,11.1,14.2,12.95
Italy,2023,23,27.695652173913043,181.8695652173913,76.04347826086956,60.0,60.17391304347826,61.91304347826087,73.8695652173913,60.60869565217392,71.21739130434783,63.52173913043478,57.21739130434783,68.17391304347827,74.26086956521739,71.21739130434783,70.43478260869566,71.78260869565217,81.08695652173913,70.73913043478261,73.34782608695652,69.82608695652173,72.47826086956522,69.08695652173913,63.869565217391305,66.8695652173913,57.0,63.82608695652174,71.21739130434783,63.0,78.0,59.69565217391305,56.60869565217392,54.30434782608695,18.73913043478261,17.08695652173913,18.130434782608692,19.217391304347824,18.73913043478261
Ivory Coast,2023,23,26.956521739130437,182.1304347826087,75.56521739130434,66.21739130434783,61.17391304347826,67.17391304347827,74.65217391304348,58.04347826086956,75.82608695652173,64.04347826086956,53.17391304347826,68.3913043478261,76.0,74.47826086956522,76.0,73.21739130434783,73.73913043478261,70.1304347826087,72.91304347826087,72.52173913043478,73.82608695652173,75.95652173913044,63.17391304347826,71.91304347826087,64.26086956521739,68.6086956521739,69.56521739130434,60.08695652173913,74.95652173913044,61.73913043478261,66.43478260869566,63.04347826086956,10.217391304347826,10.130434782608695,10.304347826086955,10.565217391304348,9.782608695652174
Jamaica,2023,23,28.65217391304348,181.8695652173913,76.30434782608695,55.04347826086956,52.130434782608695,61.130434782608695,63.0,48.73913043478261,63.0,53.26086956521739,49.17391304347826,56.869565217391305,64.8695652173913,70.82608695652173,74.1304347826087,65.73913043478261,66.34782608695652,65.82608695652173,64.26086956521739,72.65217391304348,64.95652173913044,72.04347826086956,52.47826086956522,62.43478260869565,49.04347826086956,55.52173913043478,55.869565217391305,52.65217391304348,64.91304347826087,52.82608695652174,52.52173913043478,49.34782608695652,14.347826086956522,13.217391304347826,13.26086956521739,13.521739130434783,13.434782608695652
Japan,2023,23,26.565217391304348,177.69565217391303,72.04347826086956,63.91304347826087,62.130434782608695,57.47826086956522,73.56521739130434,57.04347826086956,73.56521739130434,62.69565217391305,56.43478260869565,67.52173913043478,75.1304347826087,78.08695652173913,73.47826086956522,78.82608695652173,73.43478260869566,76.65217391304348,65.26086956521739,66.8695652173913,76.8695652173913,60.08695652173913,62.60869565217392,59.30434782608695,57.65217391304348,67.95652173913044,70.26086956521739,58.65217391304348,73.52173913043478,55.65217391304348,58.08695652173913,54.69565217391305,9.173913043478262,9.826086956521738,9.434782608695652,10.304347826086955,10.304347826086955
Jordan,2023,2,25.5,182.0,76.5,44.5,58.0,49.0,54.0,52.0,63.5,51.0,44.5,36.5,59.0,75.5,68.0,72.5,54.5,67.5,56.5,75.5,56.0,64.0,59.5,45.5,35.0,55.0,57.0,59.5,54.0,17.0,29.5,23.0,8.5,9.0,13.0,6.5,9.0
Kazakhstan,2023,1,30.0,179.0,72.0,72.0,57.0,58.0,74.0,69.0,67.0,75.0,69.0,72.0,71.0,69.0,61.0,77.0,69.0,69.0,66.0,55.0,72.0,61.0,66.0,67.0,62.0,58.0,67.0,53.0,69.0,59.0,64.0,59.0,14.0,7.0,7.0,12.0,10.0
Kenya,2023,11,23.0,182.9090909090909,76.45454545454545,49.63636363636363,42.72727272727273,57.36363636363637,60.45454545454545,41.63636363636363,58.18181818181818,42.54545454545455,38.90909090909091,56.09090909090909,60.36363636363637,68.0909090909091,70.27272727272727,59.90909090909091,58.90909090909091,65.45454545454545,54.81818181818182,70.81818181818181,65.81818181818181,69.45454545454545,44.90909090909091,59.45454545454545,49.63636363636363,49.18181818181818,50.18181818181818,44.27272727272727,54.45454545454545,48.72727272727273,54.0,50.90909090909091,9.363636363636363,11.090909090909092,10.727272727272728,11.818181818181818,10.818181818181818
Kosovo,2023,23,26.0,181.2608695652174,73.91304347826087,59.0,54.0,50.52173913043478,66.21739130434783,52.30434782608695,65.95652173913044,59.08695652173913,53.69565217391305,59.60869565217392,67.04347826086956,70.69565217391305,70.82608695652173,72.65217391304348,67.56521739130434,69.17391304347827,66.8695652173913,64.47826086956522,70.0,64.30434782608695,58.95652173913044,60.34782608695652,44.56521739130435,59.34782608695652,62.91304347826087,52.43478260869565,65.82608695652173,47.34782608695652,45.69565217391305,43.0,15.782608695652174,15.91304347826087,15.91304347826087,15.608695652173912,14.826086956521738
Latvia,2023,5,22.6,185.4,78.4,42.4,53.8,55.0,58.2,49.4,58.4,45.0,39.0,51.6,61.2,65.4,62.8,60.8,53.4,60.4,57.0,71.8,63.8,69.2,50.4,56.2,33.6,53.8,53.2,50.8,55.6,38.0,32.6,32.8,9.6,10.4,10.6,8.6,11.6
Lebanon,2023,1,28.0,185.0,80.0,42.0,61.0,64.0,58.0,52.0,59.0,49.0,41.0,41.0,62.0,66.0,68.0,54.0,61.0,58.0,66.0,91.0,71.0,85.0,56.0,70.0,29.0,63.0,55.0,57.0,56.0,36.0,38.0,27.0,12.0,5.0,7.0,13.0,6.0
Liberia,2023,6,22.666666666666668,183.33333333333331,75.5,52.0,53.16666666666666,53.333333333333336,63.0,45.66666666666666,65.0,49.16666666666666,40.66666666666666,57.16666666666666,64.83333333333333,75.16666666666667,76.5,73.83333333333333,57.833333333333336,69.83333333333333,57.5,68.5,68.83333333333333,69.16666666666667,49.5,58.5,40.5,58.66666666666666,57.833333333333336,52.5,57.833333333333336,42.5,46.16666666666666,44.16666666666666,9.833333333333334,10.333333333333334,10.666666666666666,12.166666666666666,9.166666666666666
Libya,2023,3,28.0,177.33333333333334,71.0,60.333333333333336,62.0,49.66666666666666,72.66666666666667,59.0,71.33333333333333,58.0,58.0,69.33333333333333,74.66666666666667,75.0,69.33333333333333,78.66666666666667,71.33333333333333,74.0,71.66666666666667,64.33333333333333,75.33333333333333,68.33333333333333,67.0,55.0,54.0,66.33333333333333,68.0,57.333333333333336,72.0,48.333333333333336,52.66666666666666,54.333333333333336,12.666666666666666,8.666666666666666,8.0,8.666666666666666,11.666666666666666
Liechtenstein,2023,1,31.0,175.0,71.0,60.0,48.0,48.0,77.0,58.0,69.0,64.0,58.0,68.0,73.0,76.0,65.0,75.0,66.0,84.0,67.0,72.0,80.0,63.0,65.0,68.0,72.0,66.0,67.0,56.0,65.0,60.0,62.0,62.0,8.0,4.0,3.0,7.0,7.0
Lithuania,2023,10,25.8,188.4,78.9,34.7,27.7,39.3,43.0,25.5,34.2,32.5,27.4,40.8,42.9,51.3,51.7,53.6,58.0,52.3,46.7,61.3,51.4,62.6,28.5,43.9,36.0,30.6,42.7,33.7,45.7,40.6,36.9,36.4,32.0,31.1,29.9,29.1,32.9
Luxembourg,2023,14,25.142857142857142,181.3571428571429,75.28571428571429,51.92857142857143,42.85714285714285,48.0,61.35714285714285,43.142857142857146,56.42857142857143,47.71428571428572,47.142857142857146,58.642857142857146,58.85714285714285,65.64285714285714,65.85714285714286,64.71428571428571,63.0,63.642857142857146,59.35714285714285,63.642857142857146,63.642857142857146,63.642857142857146,46.5,58.85714285714285,48.785714285714285,49.21428571428572,55.71428571428572,47.92857142857143,55.21428571428572,47.0,47.71428571428572,47.5,19.428571428571427,16.785714285714285,16.571428571428573,17.857142857142858,17.5
Madagascar,2023,7,26.714285714285715,178.28571428571428,71.71428571428571,60.85714285714285,53.85714285714285,57.71428571428572,65.71428571428571,48.285714285714285,68.42857142857143,53.85714285714285,47.57142857142857,58.0,67.85714285714286,73.71428571428571,73.0,72.28571428571429,61.0,71.0,61.142857142857146,65.57142857142857,70.85714285714286,61.57142857142857,52.57142857142857,57.57142857142857,53.285714285714285,59.42857142857143,59.85714285714285,56.0,62.42857142857143,55.285714285714285,58.285714285714285,55.71428571428572,10.142857142857142,11.142857142857142,10.285714285714286,10.285714285714286,10.714285714285714
Mali,2023,23,26.30434782608696,179.65217391304347,73.91304347826087,64.34782608695652,56.78260869565217,64.3913043478261,70.56521739130434,49.78260869565217,71.8695652173913,58.95652173913044,48.78260869565217,63.69565217391305,72.56521739130434,73.30434782608695,73.82608695652173,72.8695652173913,70.91304347826087,70.8695652173913,69.69565217391305,75.0,77.78260869565217,72.73913043478261,60.91304347826087,70.04347826086956,59.73913043478261,65.65217391304348,64.04347826086956,53.69565217391305,69.8695652173913,60.08695652173913,60.60869565217392,57.82608695652174,9.695652173913045,10.304347826086955,10.043478260869565,9.608695652173912,10.652173913043478
Malta,2023,4,26.25,176.5,73.5,63.75,52.0,42.5,62.25,52.75,65.75,58.75,56.75,57.5,66.25,71.5,70.75,78.75,58.5,77.0,60.0,62.5,64.25,53.5,55.75,56.0,52.75,58.5,60.25,54.75,64.5,55.0,54.25,51.75,9.25,12.0,10.5,10.5,10.75
Mauritania,2023,6,23.0,178.33333333333334,71.16666666666667,44.333333333333336,56.833333333333336,55.833333333333336,62.0,42.5,63.0,43.0,44.16666666666666,52.0,63.333333333333336,65.83333333333333,65.83333333333333,64.0,58.0,69.16666666666667,57.5,71.5,69.16666666666667,67.16666666666667,54.833333333333336,47.66666666666666,40.833333333333336,58.0,57.833333333333336,54.16666666666666,55.833333333333336,39.333333333333336,42.833333333333336,38.66666666666666,10.833333333333334,10.333333333333334,9.166666666666666,11.5,10.333333333333334
Mauritius,2023,1,30.0,184.0,79.0,57.0,38.0,66.0,58.0,31.0,57.0,41.0,36.0,56.0,54.0,67.0,63.0,54.0,57.0,60.0,55.0,71.0,72.0,80.0,39.0,71.0,64.0,35.0,43.0,36.0,61.0,62.0,64.0,64.0,9.0,9.0,5.0,8.0,9.0
Mexico,2023,23,28.347826086956523,179.47826086956522,73.69565217391305,57.73913043478261,57.47826086956522,59.34782608695652,70.17391304347827,51.47826086956522,65.21739130434783,58.391304347826086,48.82608695652174,65.91304347826087,67.73913043478261,72.69565217391305,72.04347826086956,72.78260869565217,72.69565217391305,70.26086956521739,68.82608695652173,73.21739130434783,73.78260869565217,71.91304347826087,55.17391304347826,65.26086956521739,58.0,61.52173913043478,67.1304347826087,61.04347826086956,72.6086956521739,58.52173913043478,54.60869565217392,51.56521739130435,18.130434782608692,19.043478260869566,18.65217391304348,18.30434782608696,19.52173913043478
Moldova,2023,12,26.75,185.25,75.83333333333333,42.583333333333336,45.41666666666666,58.41666666666666,53.833333333333336,43.5,48.833333333333336,43.66666666666666,43.66666666666666,48.5,53.75,53.66666666666666,54.333333333333336,55.583333333333336,59.75,55.91666666666666,57.833333333333336,60.0,60.25,66.66666666666667,45.833333333333336,58.083333333333336,47.75,45.91666666666666,48.41666666666666,49.25,56.66666666666666,49.41666666666666,50.41666666666666,48.333333333333336,13.583333333333334,14.25,14.833333333333334,14.75,13.916666666666666
Montenegro,2023,23,27.608695652173918,184.6086956521739,78.47826086956522,51.0,50.21739130434783,58.30434782608695,61.869565217391305,45.82608695652174,56.391304347826086,53.21739130434783,48.73913043478261,55.34782608695652,61.26086956521739,63.130434782608695,64.21739130434783,61.34782608695652,65.30434782608695,61.91304347826087,60.91304347826087,67.3913043478261,66.34782608695652,71.17391304347827,52.26086956521739,57.95652173913044,49.08695652173913,54.34782608695652,55.69565217391305,53.56521739130435,60.30434782608695,48.26086956521739,48.47826086956522,45.73913043478261,14.956521739130435,14.826086956521738,14.956521739130435,16.08695652173913,15.217391304347826
Montserrat,2023,3,28.666666666666668,184.66666666666663,80.66666666666667,51.0,45.66666666666666,57.333333333333336,57.333333333333336,46.0,59.333333333333336,49.0,48.66666666666666,48.333333333333336,59.333333333333336,62.66666666666666,69.66666666666667,58.66666666666666,61.0,55.66666666666666,56.0,59.333333333333336,61.66666666666666,74.33333333333333,42.0,58.66666666666666,50.66666666666666,54.0,53.333333333333336,54.333333333333336,62.66666666666666,53.0,52.333333333333336,52.0,11.333333333333334,14.0,12.666666666666666,13.666666666666666,11.333333333333334
Morocco,2023,23,26.695652173913043,183.34782608695653,74.95652173913044,57.21739130434783,55.91304347826087,58.43478260869565,68.0,52.60869565217392,65.43478260869566,58.04347826086956,48.82608695652174,61.56521739130435,67.47826086956522,69.82608695652173,70.52173913043478,69.30434782608695,72.47826086956522,65.1304347826087,67.56521739130434,66.69565217391305,69.56521739130434,68.56521739130434,57.08695652173913,59.69565217391305,49.04347826086956,59.65217391304348,64.30434782608695,52.73913043478261,67.8695652173913,49.0,50.60869565217392,46.60869565217392,19.956521739130437,19.956521739130437,17.956521739130434,18.65217391304348,18.565217391304348
Mozambique,2023,8,27.5,177.875,71.125,61.0,46.375,61.75,62.125,47.875,67.875,59.875,46.375,53.0,65.75,73.25,74.25,72.5,66.75,75.875,58.875,72.125,66.5,62.125,50.125,62.125,59.0,56.875,53.0,47.5,61.375,57.875,60.375,59.125,11.125,11.75,8.75,11.625,9.625
Namibia,2023,4,28.5,176.25,71.0,60.25,61.75,60.0,69.0,55.25,69.25,55.75,55.25,59.75,69.25,78.25,78.5,74.5,65.75,76.0,63.75,69.75,74.75,67.5,59.0,54.75,35.75,66.0,54.75,57.25,62.0,35.75,34.5,35.0,11.25,11.75,10.0,9.5,10.0
Netherlands,2023,23,26.695652173913043,183.91304347826087,77.52173913043478,61.65217391304348,58.0,64.65217391304348,73.26086956521739,56.04347826086956,67.91304347826087,59.60869565217392,53.56521739130435,69.17391304347827,72.91304347826087,69.6086956521739,72.3913043478261,69.26086956521739,80.17391304347827,67.26086956521739,73.52173913043478,76.65217391304348,74.52173913043478,77.04347826086956,61.78260869565217,67.34782608695652,59.60869565217392,61.130434782608695,69.52173913043478,57.0,76.04347826086956,60.30434782608695,61.130434782608695,56.78260869565217,19.695652173913043,18.26086956521739,18.43478260869565,20.565217391304348,19.956521739130437
New Zealand,2023,23,26.17391304347826,183.2173913043478,77.65217391304348,52.47826086956522,51.26086956521739,50.95652173913044,59.78260869565217,47.95652173913044,57.130434782608695,53.34782608695652,49.78260869565217,55.78260869565217,59.21739130434783,65.56521739130434,67.82608695652173,64.21739130434783,63.391304347826086,63.82608695652174,61.43478260869565,64.26086956521739,66.95652173913044,69.21739130434783,51.30434782608695,60.08695652173913,50.34782608695652,54.43478260869565,56.82608695652174,51.08695652173913,59.65217391304348,49.60869565217392,48.91304347826087,48.21739130434783,17.91304347826087,16.565217391304348,15.478260869565217,15.478260869565217,17.91304347826087
Nigeria,2023,23,26.08695652173913,183.5217391304348,78.69565217391305,64.1304347826087,65.73913043478261,66.78260869565217,70.95652173913044,61.21739130434783,75.21739130434783,62.130434782608695,48.69565217391305,61.73913043478261,74.6086956521739,79.47826086956522,81.73913043478261,72.34782608695652,74.21739130434783,69.73913043478261,74.73913043478261,74.34782608695652,76.0,78.30434782608695,62.95652173913044,63.73913043478261,45.43478260869565,70.91304347826087,62.65217391304348,61.04347826086956,70.56521739130434,49.47826086956522,51.130434782608695,45.26086956521739,11.043478260869565,10.608695652173912,9.782608695652174,10.478260869565217,9.434782608695652
North Korea,2023,1,32.0,183.0,75.0,44.0,77.0,70.0,58.0,57.0,63.0,54.0,51.0,45.0,69.0,70.0,67.0,65.0,65.0,64.0,71.0,71.0,72.0,76.0,64.0,48.0,16.0,74.0,46.0,70.0,64.0,40.0,24.0,15.0,6.0,11.0,7.0,15.0,12.0
North Macedonia,2023,23,26.08695652173913,182.7826086956522,75.30434782608695,51.30434782608695,53.82608695652174,53.73913043478261,61.65217391304348,48.56521739130435,61.391304347826086,56.04347826086956,49.21739130434783,55.391304347826086,61.869565217391305,65.78260869565217,65.08695652173913,63.34782608695652,64.04347826086956,64.08695652173913,64.56521739130434,64.17391304347827,63.391304347826086,65.73913043478261,53.869565217391305,57.65217391304348,45.30434782608695,54.60869565217392,57.78260869565217,51.21739130434783,63.391304347826086,45.60869565217392,46.69565217391305,43.869565217391305,18.869565217391305,18.0,16.91304347826087,17.91304347826087,19.0
Northern Ireland,2023,23,28.47826086956522,181.7826086956522,74.26086956521739,52.43478260869565,49.0,55.56521739130435,61.91304347826087,44.869565217391305,56.30434782608695,49.04347826086956,44.69565217391305,58.0,61.130434782608695,60.391304347826086,61.08695652173913,63.73913043478261,65.82608695652173,66.0,59.21739130434783,65.3913043478261,67.6086956521739,66.3913043478261,49.869565217391305,61.52173913043478,51.91304347826087,50.95652173913044,59.52173913043478,49.56521739130435,62.60869565217392,52.869565217391305,51.78260869565217,50.56521739130435,18.043478260869566,17.47826086956522,16.217391304347824,17.869565217391305,18.08695652173913
Norway,2023,23,25.73913043478261,185.4782608695652,81.08695652173913,56.34782608695652,54.26086956521739,58.17391304347826,67.26086956521739,49.34782608695652,64.95652173913044,56.34782608695652,46.82608695652174,62.52173913043478,67.0,67.69565217391305,71.08695652173913,67.52173913043478,70.30434782608695,65.78260869565217,65.26086956521739,70.3913043478261,74.47826086956522,74.56521739130434,52.73913043478261,65.69565217391305,54.869565217391305,59.17391304347826,63.17391304347826,51.391304347826086,69.95652173913044,55.91304347826087,55.17391304347826,50.391304347826086,18.26086956521739,18.782608695652176,19.043478260869566,17.17391304347826,17.695652173913043
Palestine,2023,1,23.0,182.0,76.0,59.0,69.0,72.0,62.0,60.0,67.0,57.0,46.0,53.0,68.0,69.0,74.0,60.0,47.0,63.0,68.0,74.0,62.0,74.0,51.0,28.0,17.0,61.0,59.0,65.0,60.0,30.0,31.0,26.0,14.0,13.0,8.0,6.0,9.0
Panama,2023,13,26.846153846153847,180.53846153846155,75.3076923076923,51.38461538461539,47.92307692307692,53.0,61.0,38.92307692307692,58.46153846153846,47.38461538461539,40.0,55.76923076923077,61.0,69.23076923076923,68.6923076923077,68.46153846153847,63.84615384615385,65.0,57.53846153846154,71.3076923076923,66.76923076923077,69.53846153846153,47.38461538461539,61.0,52.61538461538461,53.30769230769231,54.30769230769231,47.0,57.92307692307692,51.69230769230769,50.07692307692308,48.53846153846154,14.538461538461538,15.0,14.538461538461538,14.307692307692308,14.461538461538462
Papua New Guinea,2023,1,26.0,175.0,67.0,61.0,56.0,45.0,56.0,40.0,67.0,55.0,53.0,50.0,64.0,85.0,84.0,75.0,58.0,72.0,57.0,55.0,60.0,48.0,53.0,40.0,34.0,60.0,57.0,63.0,60.0,32.0,33.0,28.0,12.0,9.0,12.0,8.0,14.0
Paraguay,2023,23,29.217391304347824,179.95652173913044,77.56521739130434,59.65217391304348,58.26086956521739,63.56521739130435,67.69565217391305,53.82608695652174,66.69565217391305,60.82608695652174,52.60869565217392,63.73913043478261,68.3913043478261,68.91304347826087,70.21739130434783,72.3913043478261,70.08695652173913,68.3913043478261,69.95652173913044,71.47826086956522,70.78260869565217,68.82608695652173,59.08695652173913,66.17391304347827,56.30434782608695,62.26086956521739,65.56521739130434,60.34782608695652,70.26086956521739,56.869565217391305,58.52173913043478,53.65217391304348,13.391304347826088,14.173913043478262,14.478260869565217,13.91304347826087,13.043478260869565
Peru,2023,23,29.65217391304348,177.7391304347826,73.73913043478261,59.47826086956522,60.869565217391305,57.21739130434783,67.56521739130434,53.17391304347826,66.65217391304348,58.65217391304348,59.0,63.130434782608695,67.26086956521739,70.04347826086956,69.21739130434783,71.52173913043478,69.69565217391305,69.30434782608695,70.3913043478261,66.43478260869566,68.65217391304348,66.0,60.869565217391305,61.73913043478261,49.78260869565217,60.78260869565217,63.60869565217392,62.91304347826087,67.0,47.30434782608695,47.65217391304348,46.04347826086956,15.782608695652174,16.391304347826086,15.391304347826088,15.391304347826088,16.52173913043478
Philippines,2023,5,27.6,183.2,78.2,52.6,44.8,41.0,55.4,39.0,57.0,47.4,35.0,51.2,57.2,73.4,72.0,71.2,64.4,70.4,55.0,55.0,63.2,62.2,44.2,46.2,51.0,49.6,55.4,49.4,59.0,50.0,51.2,49.2,22.4,19.0,19.2,23.0,21.8
Poland,2023,23,27.0,184.1304347826087,76.1304347826087,54.26086956521739,56.04347826086956,59.52173913043478,66.56521739130434,51.65217391304348,62.34782608695652,53.04347826086956,48.52173913043478,59.391304347826086,65.8695652173913,66.95652173913044,68.1304347826087,64.21739130434783,73.73913043478261,64.56521739130434,66.08695652173913,69.0,70.6086956521739,69.1304347826087,54.73913043478261,64.0,52.82608695652174,60.34782608695652,61.56521739130435,52.73913043478261,70.95652173913044,52.56521739130435,52.08695652173913,48.56521739130435,19.695652173913043,19.73913043478261,18.217391304347824,18.65217391304348,19.52173913043478
Portugal,2023,23,27.956521739130437,182.0434782608696,76.17391304347827,64.08695652173913,60.91304347826087,62.869565217391305,74.30434782608695,59.0,71.26086956521739,65.04347826086956,56.04347826086956,70.04347826086956,73.78260869565217,70.30434782608695,69.30434782608695,71.69565217391305,82.6086956521739,69.47826086956522,75.52173913043478,71.04347826086956,75.34782608695652,71.69565217391305,63.34782608695652,70.43478260869566,60.130434782608695,65.47826086956522,72.78260869565217,58.65217391304348,79.56521739130434,56.65217391304348,59.17391304347826,53.73913043478261,19.39130434782609,19.65217391304348,19.956521739130437,19.65217391304348,20.65217391304348
Puerto Rico,2023,3,22.33333333333333,175.0,71.33333333333333,50.333333333333336,49.0,55.333333333333336,54.333333333333336,42.0,58.333333333333336,46.66666666666666,36.333333333333336,48.333333333333336,59.0,65.66666666666667,67.0,64.66666666666667,56.66666666666666,71.0,55.0,58.0,55.333333333333336,52.0,46.333333333333336,41.66666666666666,34.0,55.66666666666666,54.333333333333336,51.66666666666666,50.333333333333336,34.333333333333336,38.66666666666666,35.333333333333336,9.0,13.0,11.0,7.0,7.666666666666667
Qatar,2023,23,27.17391304347826,179.95652173913044,72.17391304347827,50.73913043478261,46.47826086956522,51.56521739130435,58.95652173913044,45.47826086956522,56.17391304347826,53.17391304347826,43.60869565217392,55.91304347826087,59.26086956521739,66.91304347826087,68.91304347826087,63.69565217391305,62.60869565217392,62.95652173913044,58.52173913043478,65.91304347826087,62.56521739130435,63.04347826086956,51.08695652173913,56.52173913043478,46.60869565217392,51.34782608695652,56.34782608695652,45.95652173913044,59.130434782608695,46.08695652173913,47.21739130434783,47.08695652173913,17.434782608695652,17.91304347826087,17.565217391304348,16.608695652173914,16.91304347826087
Republic of Ireland,2023,23,26.347826086956523,182.17391304347825,74.73913043478261,54.869565217391305,50.60869565217392,57.869565217391305,65.95652173913044,45.56521739130435,60.08695652173913,50.130434782608695,44.69565217391305,61.43478260869565,62.82608695652174,64.8695652173913,63.91304347826087,65.21739130434783,69.95652173913044,65.69565217391305,63.91304347826087,71.69565217391305,68.34782608695652,68.34782608695652,51.391304347826086,64.56521739130434,54.78260869565217,54.82608695652174,60.65217391304348,51.52173913043478,64.91304347826087,55.78260869565217,56.30434782608695,53.73913043478261,18.43478260869565,18.217391304347824,19.43478260869565,18.347826086956523,19.52173913043478
Romania,2023,23,26.608695652173918,181.91304347826087,75.8695652173913,54.82608695652174,53.47826086956522,50.69565217391305,62.78260869565217,49.73913043478261,59.391304347826086,56.95652173913044,52.47826086956522,59.08695652173913,60.95652173913044,68.04347826086956,67.21739130434783,67.04347826086956,66.47826086956522,65.43478260869566,65.52173913043478,62.869565217391305,68.04347826086956,64.91304347826087,55.08695652173913,60.0,46.69565217391305,54.26086956521739,60.26086956521739,53.91304347826087,62.78260869565217,44.78260869565217,46.91304347826087,44.82608695652174,18.39130434782609,18.782608695652176,18.043478260869566,18.52173913043478,18.47826086956522
Russia,2023,20,28.25,186.05,78.6,40.05,39.15,42.2,51.4,36.8,44.45,39.25,38.45,47.15,47.3,54.8,55.7,53.45,65.5,54.15,58.55,60.15,52.65,67.6,40.25,49.0,39.65,39.75,52.5,40.6,54.15,34.5,39.8,36.8,34.5,32.85,32.8,34.5,35.55
Saint Kitts and Nevis,2023,4,25.75,187.25,76.5,45.5,38.5,46.25,55.0,36.25,49.0,42.0,36.0,49.25,51.0,56.25,56.75,58.75,58.0,54.25,51.5,52.75,60.0,65.25,38.25,53.5,46.75,42.75,50.75,39.75,56.25,48.0,48.0,44.0,22.25,19.0,19.0,19.25,21.5
Saint Lucia,2023,2,27.0,186.5,80.5,57.5,31.0,63.0,59.5,36.5,57.5,38.5,30.5,51.0,60.0,70.5,70.0,58.5,60.5,61.5,57.5,79.5,72.5,75.5,32.5,67.5,63.0,41.5,51.5,38.5,59.5,64.5,66.0,65.5,10.0,11.0,10.5,12.0,13.5
Saudi Arabia,2023,23,27.91304347826087,175.65217391304347,69.17391304347827,57.91304347826087,51.95652173913044,52.26086956521739,63.130434782608695,47.60869565217392,62.95652173913044,56.60869565217392,46.91304347826087,60.69565217391305,63.73913043478261,70.6086956521739,72.08695652173913,72.30434782608695,64.69565217391305,70.08695652173913,60.78260869565217,69.47826086956522,69.8695652173913,65.73913043478261,52.04347826086956,56.30434782608695,49.08695652173913,59.17391304347826,62.17391304347826,51.78260869565217,62.391304347826086,50.391304347826086,48.869565217391305,49.130434782608695,14.652173913043478,15.652173913043478,15.043478260869565,15.521739130434783,16.565217391304348
Scotland,2023,23,26.217391304347824,183.0,75.26086956521739,55.65217391304348,50.95652173913044,58.0,66.34782608695652,46.0,61.04347826086956,54.30434782608695,46.17391304347826,61.95652173913044,65.30434782608695,65.08695652173913,66.43478260869566,67.52173913043478,70.3913043478261,67.43478260869566,67.21739130434783,71.04347826086956,71.95652173913044,70.47826086956522,54.869565217391305,68.47826086956522,60.08695652173913,55.391304347826086,61.17391304347826,49.52173913043478,67.73913043478261,58.73913043478261,61.130434782608695,57.56521739130435,18.52173913043478,18.130434782608692,17.608695652173914,18.130434782608692,18.782608695652176
Senegal,2023,23,27.608695652173918,182.6086956521739,75.8695652173913,55.47826086956522,57.04347826086956,65.17391304347827,69.0,51.43478260869565,67.30434782608695,55.56521739130435,46.56521739130435,61.21739130434783,69.69565217391305,68.65217391304348,69.8695652173913,67.47826086956522,74.3913043478261,63.69565217391305,73.30434782608695,75.08695652173913,68.6086956521739,75.17391304347827,56.78260869565217,64.08695652173913,49.69565217391305,63.04347826086956,63.391304347826086,55.17391304347826,71.21739130434783,49.60869565217392,49.869565217391305,48.56521739130435,16.26086956521739,15.869565217391305,15.91304347826087,16.434782608695652,17.043478260869566
Serbia,2023,23,27.91304347826087,186.82608695652172,80.04347826086956,61.21739130434783,60.82608695652174,61.56521739130435,71.82608695652173,58.21739130434783,65.17391304347827,63.73913043478261,58.69565217391305,68.65217391304348,70.95652173913044,61.69565217391305,61.34782608695652,61.73913043478261,76.17391304347827,60.60869565217392,74.26086956521739,67.26086956521739,69.65217391304348,76.56521739130434,64.26086956521739,66.6086956521739,56.04347826086956,61.69565217391305,69.30434782608695,61.73913043478261,73.30434782608695,56.43478260869565,56.869565217391305,53.0,18.30434782608696,19.608695652173918,18.608695652173918,20.08695652173913,19.695652173913043
Sierra Leone,2023,11,25.90909090909091,183.72727272727272,75.0909090909091,54.45454545454545,50.72727272727273,60.45454545454545,60.18181818181818,47.36363636363637,62.90909090909091,52.81818181818182,42.36363636363637,48.81818181818182,63.90909090909091,76.0,78.0909090909091,70.81818181818181,62.72727272727273,66.27272727272727,59.45454545454545,70.63636363636364,71.18181818181819,71.0909090909091,49.54545454545455,62.72727272727273,42.45454545454545,56.72727272727273,53.09090909090909,54.72727272727273,60.81818181818182,46.90909090909091,44.63636363636363,42.81818181818182,10.454545454545457,9.0,9.818181818181818,9.545454545454543,11.272727272727272
Singapore,2023,1,18.0,180.0,77.0,54.0,50.0,44.0,52.0,41.0,49.0,44.0,47.0,50.0,50.0,78.0,72.0,66.0,48.0,67.0,54.0,60.0,49.0,41.0,48.0,59.0,48.0,52.0,46.0,42.0,44.0,50.0,51.0,49.0,7.0,9.0,6.0,7.0,13.0
Slovakia,2023,23,27.52173913043478,184.1304347826087,76.6086956521739,52.0,47.391304347826086,50.34782608695652,64.04347826086956,46.0,58.08695652173913,51.60869565217392,47.73913043478261,60.82608695652174,61.52173913043478,62.78260869565217,62.73913043478261,63.130434782608695,71.08695652173913,65.17391304347827,66.34782608695652,65.08695652173913,65.56521739130434,68.78260869565217,51.130434782608695,58.56521739130435,53.130434782608695,51.391304347826086,60.34782608695652,48.52173913043478,66.43478260869566,54.69565217391305,56.391304347826086,53.04347826086956,24.565217391304348,23.956521739130437,25.043478260869566,24.130434782608692,24.73913043478261
Slovenia,2023,23,27.043478260869566,185.1304347826087,78.34782608695652,49.391304347826086,49.391304347826086,52.69565217391305,64.17391304347827,47.30434782608695,57.69565217391305,51.73913043478261,48.60869565217392,61.30434782608695,62.130434782608695,64.26086956521739,62.69565217391305,63.69565217391305,70.04347826086956,60.52173913043478,64.21739130434783,66.6086956521739,65.73913043478261,71.1304347826087,52.47826086956522,57.08695652173913,50.391304347826086,54.47826086956522,60.47826086956522,48.82608695652174,64.3913043478261,50.65217391304348,49.21739130434783,47.78260869565217,22.47826086956522,21.47826086956522,20.91304347826087,22.08695652173913,22.043478260869566
South Africa,2023,23,28.956521739130437,179.04347826086956,73.56521739130434,53.08695652173913,50.21739130434783,51.391304347826086,60.95652173913044,43.69565217391305,60.34782608695652,49.26086956521739,50.43478260869565,56.73913043478261,61.391304347826086,68.30434782608695,68.43478260869566,60.56521739130435,64.3913043478261,68.47826086956522,61.130434782608695,68.1304347826087,62.52173913043478,60.91304347826087,48.43478260869565,50.69565217391305,45.65217391304348,52.21739130434783,59.26086956521739,52.52173913043478,62.82608695652174,51.26086956521739,50.08695652173913,44.91304347826087,22.26086956521739,22.043478260869566,21.43478260869565,21.08695652173913,22.47826086956522
South Korea,2023,23,28.956521739130437,180.65217391304347,73.73913043478261,56.391304347826086,53.17391304347826,59.56521739130435,69.21739130434783,50.47826086956522,64.21739130434783,59.08695652173913,56.130434782608695,64.78260869565217,67.26086956521739,71.56521739130434,72.0,72.47826086956522,69.65217391304348,70.82608695652173,62.95652173913044,68.52173913043478,77.1304347826087,70.6086956521739,56.91304347826087,63.34782608695652,57.869565217391305,62.130434782608695,65.91304347826087,55.73913043478261,67.3913043478261,56.869565217391305,57.47826086956522,53.60869565217392,15.391304347826088,12.695652173913045,14.130434782608695,12.434782608695652,14.173913043478262
South Sudan,2023,2,22.0,184.0,70.5,36.0,40.5,44.5,36.0,35.5,48.5,34.5,30.5,33.5,48.5,66.0,63.0,56.0,40.5,61.5,48.0,59.5,54.0,53.0,34.5,40.5,32.5,36.5,39.0,45.0,43.0,39.0,38.0,35.0,9.0,11.0,7.0,8.5,10.5
Spain,2023,23,27.47826086956522,182.69565217391303,76.52173913043478,65.17391304347827,59.391304347826086,63.130434782608695,77.8695652173913,54.78260869565217,69.04347826086956,65.8695652173913,55.73913043478261,74.30434782608695,75.04347826086956,69.17391304347827,69.26086956521739,70.73913043478261,81.73913043478261,67.73913043478261,70.30434782608695,70.04347826086956,73.73913043478261,70.78260869565217,59.21739130434783,66.30434782608695,62.391304347826086,65.56521739130434,74.69565217391305,58.391304347826086,77.82608695652173,62.60869565217392,61.17391304347826,58.43478260869565,20.65217391304348,18.82608695652174,18.217391304347824,19.608695652173918,19.956521739130437
Sudan,2023,4,24.75,181.25,70.25,54.75,56.75,50.0,53.5,47.75,62.75,51.75,47.25,44.5,58.25,79.75,79.75,73.0,55.0,66.0,55.75,65.25,60.5,61.0,53.0,43.25,23.75,57.25,51.5,53.75,56.25,26.25,23.25,24.0,8.0,9.75,8.5,10.25,9.75
Suriname,2023,14,29.0,181.2142857142857,75.21428571428571,56.57142857142857,47.92857142857143,51.0,61.42857142857143,44.285714285714285,60.35714285714285,54.92857142857143,43.42857142857143,58.0,60.642857142857146,68.07142857142857,72.14285714285714,65.35714285714286,64.07142857142857,65.78571428571429,64.28571428571429,67.92857142857143,59.92857142857143,71.42857142857143,50.07142857142857,59.285714285714285,53.21428571428572,55.285714285714285,55.42857142857143,48.92857142857143,60.85714285714285,47.35714285714285,49.71428571428572,48.0,18.928571428571427,18.357142857142858,17.642857142857142,17.785714285714285,19.928571428571427
Sweden,2023,23,27.956521739130437,185.2608695652174,80.21739130434783,57.391304347826086,52.52173913043478,55.34782608695652,67.82608695652173,50.82608695652174,63.95652173913044,58.869565217391305,50.391304347826086,62.47826086956522,67.56521739130434,64.78260869565217,65.65217391304348,66.73913043478261,72.34782608695652,63.78260869565217,67.0,68.26086956521739,68.65217391304348,71.56521739130434,55.08695652173913,63.130434782608695,53.869565217391305,56.56521739130435,65.6086956521739,54.08695652173913,70.82608695652173,53.34782608695652,53.60869565217392,50.56521739130435,18.782608695652176,17.130434782608695,18.43478260869565,17.73913043478261,18.347826086956523
Switzerland,2023,23,28.0,184.7826086956522,82.1304347826087,56.73913043478261,51.17391304347826,56.26086956521739,66.17391304347827,47.34782608695652,61.08695652173913,54.47826086956522,48.391304347826086,61.78260869565217,64.78260869565217,65.69565217391305,68.43478260869566,62.869565217391305,76.04347826086956,62.95652173913044,70.34782608695652,71.17391304347827,68.95652173913044,76.30434782608695,53.56521739130435,63.56521739130435,55.0,56.47826086956522,65.91304347826087,48.17391304347826,68.82608695652173,53.56521739130435,55.95652173913044,52.43478260869565,25.565217391304348,25.08695652173913,24.043478260869566,25.0,27.08695652173913
Syria,2023,2,26.0,183.0,79.0,52.5,49.0,50.0,64.0,42.5,60.0,49.0,46.5,54.0,63.5,76.0,73.0,66.0,53.5,63.5,59.5,74.0,75.0,74.0,50.5,61.0,52.5,50.0,55.0,50.0,54.0,61.0,51.5,47.0,9.0,9.0,11.0,9.5,9.5
São Tomé and Príncipe,2023,1,35.0,175.0,80.0,64.0,68.0,67.0,62.0,69.0,61.0,62.0,81.0,57.0,62.0,69.0,69.0,69.0,66.0,74.0,78.0,62.0,68.0,70.0,72.0,72.0,34.0,65.0,61.0,66.0,66.0,30.0,30.0,27.0,8.0,9.0,12.0,13.0,11.0
Taiwan,2023,2,30.5,182.0,72.5,59.0,42.0,65.5,55.5,39.5,59.5,42.5,51.5,57.5,59.5,67.0,67.5,72.5,65.5,66.0,65.0,76.0,70.5,75.5,49.0,68.0,68.0,47.0,44.0,53.0,59.5,64.0,69.0,66.0,9.0,9.5,8.5,9.5,12.5
Tanzania,2023,5,22.2,180.8,75.2,53.8,45.8,57.6,54.8,43.6,61.0,43.4,41.2,47.2,59.4,73.4,73.8,67.0,53.2,65.6,58.2,73.0,59.4,65.6,44.6,56.0,34.0,54.0,51.6,48.0,51.4,38.8,38.2,37.0,8.4,10.6,9.0,9.6,9.4
Thailand,2023,2,22.0,176.0,71.0,57.5,43.5,49.5,55.5,40.0,62.0,54.0,41.5,51.0,64.0,76.5,67.5,70.5,57.0,70.5,49.5,59.5,69.0,54.0,36.0,53.0,42.0,48.5,50.0,44.0,55.0,52.5,51.0,51.0,11.5,12.0,10.0,9.5,9.5
Togo,2023,17,24.47058823529412,182.58823529411765,76.29411764705883,54.11764705882353,48.47058823529412,62.11764705882353,61.0,47.94117647058823,59.94117647058823,50.294117647058826,43.52941176470589,51.294117647058826,63.52941176470589,71.41176470588235,71.58823529411765,66.23529411764706,64.52941176470588,64.88235294117646,65.11764705882354,71.29411764705883,66.23529411764706,70.70588235294117,49.35294117647059,61.1764705882353,47.76470588235294,53.76470588235294,49.11764705882353,51.0,60.23529411764706,49.294117647058826,49.0,47.64705882352941,9.529411764705882,10.0,10.235294117647058,10.764705882352942,10.294117647058824
Trinidad and Tobago,2023,6,27.166666666666668,179.5,77.83333333333333,49.5,51.0,46.833333333333336,57.5,42.5,59.16666666666666,52.16666666666666,45.5,52.833333333333336,59.66666666666666,66.33333333333333,63.66666666666666,66.5,58.333333333333336,64.83333333333333,59.5,65.66666666666667,57.833333333333336,71.33333333333333,50.0,51.66666666666666,36.333333333333336,51.16666666666666,55.66666666666666,44.833333333333336,55.16666666666666,37.66666666666666,39.5,36.833333333333336,17.0,16.333333333333332,17.833333333333332,18.166666666666668,19.5
Tunisia,2023,23,27.608695652173918,182.8695652173913,76.17391304347827,58.65217391304348,59.17391304347826,58.73913043478261,67.17391304347827,52.69565217391305,67.26086956521739,59.73913043478261,52.60869565217392,59.91304347826087,67.82608695652173,68.08695652173913,68.56521739130434,68.8695652173913,64.82608695652173,64.78260869565217,66.1304347826087,63.73913043478261,71.17391304347827,69.8695652173913,60.82608695652174,60.30434782608695,51.21739130434783,62.17391304347826,62.43478260869565,57.56521739130435,66.3913043478261,51.08695652173913,52.56521739130435,49.869565217391305,11.043478260869565,10.956521739130435,9.695652173913045,10.608695652173912,10.695652173913045
Turkey,2023,23,26.130434782608692,182.43478260869568,76.56521739130434,56.43478260869565,56.34782608695652,58.08695652173913,67.6086956521739,55.60869565217392,64.73913043478261,60.08695652173913,53.04347826086956,61.73913043478261,66.95652173913044,68.78260869565217,68.56521739130434,69.56521739130434,73.73913043478261,65.8695652173913,69.69565217391305,64.04347826086956,68.56521739130434,69.69565217391305,57.95652173913044,65.04347826086956,50.47826086956522,57.73913043478261,66.04347826086956,55.65217391304348,70.65217391304348,51.17391304347826,52.56521739130435,49.34782608695652,19.43478260869565,18.782608695652176,18.17391304347826,19.17391304347826,19.347826086956523
Uganda,2023,10,25.7,179.9,77.5,46.6,45.9,55.0,54.6,40.7,53.8,46.7,37.3,48.9,56.0,63.2,64.1,62.5,59.2,67.7,59.1,68.6,64.8,71.0,47.0,56.7,41.8,50.8,54.9,47.2,56.1,43.2,43.9,41.6,17.5,16.9,16.6,18.7,15.2
Ukraine,2023,23,25.43478260869565,184.4782608695652,75.82608695652173,53.69565217391305,51.869565217391305,57.65217391304348,67.08695652173913,46.869565217391305,61.17391304347826,52.130434782608695,47.0,61.04347826086956,64.6086956521739,68.65217391304348,69.04347826086956,63.391304347826086,72.04347826086956,61.43478260869565,64.73913043478261,62.91304347826087,65.91304347826087,67.8695652173913,53.04347826086956,61.391304347826086,51.82608695652174,54.08695652173913,59.52173913043478,49.78260869565217,64.8695652173913,53.26086956521739,52.82608695652174,48.56521739130435,18.73913043478261,17.434782608695652,19.217391304347824,18.347826086956523,19.08695652173913
United Arab Emirates,2023,19,25.68421052631579,178.3684210526316,70.36842105263158,44.68421052631579,37.1578947368421,47.63157894736842,52.36842105263158,36.89473684210526,49.78947368421053,44.10526315789474,35.421052631578945,50.10526315789474,53.1578947368421,64.78947368421052,65.73684210526316,61.578947368421055,57.73684210526316,65.73684210526316,49.26315789473684,65.63157894736842,60.05263157894737,62.42105263157895,37.05263157894737,53.578947368421055,47.1578947368421,42.526315789473685,51.47368421052632,37.42105263157895,55.10526315789474,45.68421052631579,47.36842105263158,46.42105263157895,19.05263157894737,19.0,16.736842105263158,18.84210526315789,19.05263157894737
United States,2023,23,24.39130434782609,181.56521739130437,76.47826086956522,53.60869565217392,52.17391304347826,56.82608695652174,67.95652173913044,49.04347826086956,63.56521739130435,54.0,43.08695652173913,61.391304347826086,65.82608695652173,74.04347826086956,74.78260869565217,72.26086956521739,72.21739130434783,69.43478260869566,63.95652173913044,76.69565217391305,73.52173913043478,70.47826086956522,50.869565217391305,61.08695652173913,52.95652173913044,58.73913043478261,63.78260869565217,50.130434782608695,68.43478260869566,52.34782608695652,54.04347826086956,51.17391304347826,19.608695652173918,18.347826086956523,18.956521739130437,19.43478260869565,19.0
Uruguay,2023,23,28.869565217391305,182.08695652173915,76.78260869565217,60.47826086956522,60.56521739130435,65.73913043478261,72.21739130434783,56.130434782608695,67.69565217391305,61.78260869565217,56.0,67.47826086956522,71.21739130434783,69.73913043478261,70.30434782608695,66.30434782608695,77.0,64.73913043478261,72.73913043478261,72.1304347826087,75.6086956521739,76.43478260869566,60.78260869565217,75.73913043478261,62.82608695652174,64.34782608695652,67.52173913043478,59.60869565217392,75.26086956521739,62.21739130434783,63.04347826086956,60.21739130434783,16.869565217391305,16.565217391304348,17.043478260869566,18.0,17.26086956521739
Uzbekistan,2023,3,27.0,181.66666666666663,74.0,62.66666666666666,66.0,61.66666666666666,69.0,67.0,74.0,69.66666666666667,58.0,65.33333333333333,75.33333333333333,77.0,75.0,75.0,63.0,73.33333333333333,70.66666666666667,61.333333333333336,72.33333333333333,64.66666666666667,67.0,59.0,45.66666666666666,69.66666666666667,70.33333333333333,65.33333333333333,69.33333333333333,50.66666666666666,46.66666666666666,43.0,11.333333333333334,9.333333333333334,5.666666666666667,9.0,7.333333333333333
Venezuela,2023,23,28.217391304347824,178.2173913043478,74.73913043478261,52.78260869565217,53.60869565217392,53.65217391304348,62.91304347826087,49.60869565217392,61.95652173913044,54.0,51.391304347826086,58.130434782608695,63.34782608695652,65.34782608695652,65.78260869565217,65.82608695652173,67.65217391304348,68.95652173913044,66.82608695652173,66.91304347826087,64.95652173913044,66.52173913043478,55.04347826086956,58.391304347826086,45.04347826086956,55.73913043478261,63.04347826086956,55.30434782608695,61.78260869565217,45.69565217391305,47.82608695652174,44.78260869565217,17.652173913043477,18.39130434782609,17.0,17.565217391304348,19.347826086956523
Vietnam,2023,1,25.0,169.0,63.0,40.0,58.0,40.0,69.0,41.0,65.0,49.0,43.0,66.0,67.0,85.0,87.0,80.0,60.0,88.0,60.0,58.0,75.0,47.0,63.0,40.0,61.0,58.0,69.0,48.0,50.0,53.0,69.0,46.0,8.0,14.0,14.0,11.0,5.0
Wales,2023,23,26.565217391304348,181.69565217391303,74.78260869565217,57.0,49.91304347826087,52.26086956521739,64.0,46.95652173913044,60.69565217391305,54.82608695652174,46.17391304347826,60.21739130434783,63.869565217391305,67.95652173913044,68.30434782608695,68.30434782608695,68.95652173913044,70.04347826086956,61.52173913043478,65.6086956521739,66.34782608695652,61.82608695652174,50.17391304347826,59.82608695652174,53.04347826086956,53.69565217391305,59.47826086956522,50.869565217391305,65.91304347826087,53.78260869565217,55.69565217391305,52.130434782608695,18.65217391304348,18.47826086956522,18.130434782608692,18.17391304347826,18.17391304347826
Zambia,2023,11,25.181818181818183,180.0909090909091,76.54545454545455,48.72727272727273,52.54545454545455,52.0,55.90909090909091,51.63636363636363,57.36363636363637,49.18181818181818,43.09090909090909,50.36363636363637,60.90909090909091,73.63636363636364,71.81818181818181,68.0909090909091,64.45454545454545,68.9090909090909,62.27272727272727,74.63636363636364,68.18181818181819,65.36363636363636,52.90909090909091,53.27272727272727,43.45454545454545,52.18181818181818,53.45454545454545,50.36363636363637,58.54545454545455,42.54545454545455,44.63636363636363,41.09090909090909,17.0,13.818181818181818,14.727272727272728,15.454545454545457,15.818181818181818
Zimbabwe,2023,15,26.933333333333334,181.13333333333333,72.73333333333333,52.06666666666667,57.8,63.0,62.13333333333333,51.266666666666666,64.4,53.53333333333333,45.06666666666667,54.333333333333336,64.33333333333333,75.6,73.73333333333333,69.06666666666666,65.73333333333333,67.2,64.2,72.2,70.2,70.13333333333334,54.06666666666667,63.6,46.53333333333333,61.53333333333333,58.333333333333336,55.93333333333333,62.86666666666667,43.266666666666666,46.8,44.46666666666667,10.4,10.066666666666666,9.666666666666666,10.666666666666666,10.4
Albania,2024,23,26.47826086956522,183.2608695652174,73.73913043478261,50.69565217391305,50.47826086956522,57.43478260869565,63.08695652173913,43.130434782608695,59.17391304347826,49.130434782608695,45.21739130434783,57.65217391304348,62.130434782608695,63.130434782608695,66.30434782608695,63.391304347826086,69.26086956521739,64.17391304347827,65.56521739130434,70.73913043478261,67.17391304347827,67.56521739130434,50.82608695652174,64.43478260869566,52.69565217391305,53.91304347826087,57.60869565217392,50.73913043478261,66.3913043478261,52.391304347826086,52.73913043478261,50.130434782608695,17.652173913043477,17.652173913043477,18.608695652173918,18.17391304347826,18.26086956521739
Algeria,2024,23,27.82608695652174,179.17391304347825,73.0,63.391304347826086,61.60869565217392,54.73913043478261,71.34782608695652,56.04347826086956,70.43478260869566,63.69565217391305,59.43478260869565,67.73913043478261,71.26086956521739,69.21739130434783,66.95652173913044,72.1304347826087,72.95652173913044,70.56521739130434,70.04347826086956,71.08695652173913,70.17391304347827,67.52173913043478,62.43478260869565,64.08695652173913,55.34782608695652,63.82608695652174,68.95652173913044,60.56521739130435,70.78260869565217,54.82608695652174,55.30434782608695,51.91304347826087,15.652173913043478,15.608695652173912,16.217391304347824,15.869565217391305,16.52173913043478
Andorra,2024,1,21.0,190.0,78.0,20.0,7.0,10.0,28.0,10.0,8.0,12.0,12.0,26.0,16.0,38.0,29.0,43.0,59.0,40.0,50.0,55.0,35.0,57.0,20.0,18.0,18.0,6.0,57.0,13.0,55.0,6.0,14.0,10.0,66.0,65.0,66.0,67.0,67.0
Angola,2024,22,25.681818181818183,180.8181818181818,76.36363636363636,54.18181818181818,53.54545454545455,60.63636363636363,62.90909090909091,53.59090909090909,64.81818181818181,54.81818181818182,45.18181818181818,56.81818181818182,66.0909090909091,72.04545454545455,73.77272727272727,67.27272727272727,63.54545454545455,65.18181818181819,66.5909090909091,73.45454545454545,69.9090909090909,70.5909090909091,53.45454545454545,59.22727272727273,47.81818181818182,58.63636363636363,53.90909090909091,54.63636363636363,61.68181818181818,47.13636363636363,48.27272727272727,46.81818181818182,8.863636363636363,10.727272727272728,10.454545454545457,9.863636363636363,10.0
Antigua and Barbuda,2024,3,26.666666666666668,179.0,76.0,44.66666666666666,35.333333333333336,41.66666666666666,52.333333333333336,25.666666666666668,45.333333333333336,42.66666666666666,29.0,51.333333333333336,47.333333333333336,69.66666666666667,70.33333333333333,68.33333333333333,55.66666666666666,63.0,50.66666666666666,74.0,63.0,69.33333333333333,36.333333333333336,48.0,45.0,40.0,54.66666666666666,38.0,47.333333333333336,46.333333333333336,46.333333333333336,45.333333333333336,26.0,26.666666666666668,25.0,29.33333333333333,27.0
Argentina,2024,26,27.96153846153846,179.3846153846154,74.65384615384616,64.96153846153847,60.23076923076923,61.96153846153846,75.92307692307692,59.38461538461539,70.5,67.15384615384616,57.38461538461539,71.42307692307692,75.26923076923077,72.38461538461539,69.03846153846153,71.73076923076923,78.88461538461539,72.57692307692308,72.84615384615384,77.46153846153847,74.07692307692308,71.96153846153847,63.26923076923077,72.96153846153847,62.46153846153846,65.42307692307692,72.53846153846153,60.34615384615385,78.11538461538461,60.57692307692308,63.23076923076923,61.19230769230769,17.115384615384617,17.23076923076923,17.346153846153847,18.692307692307693,18.692307692307693
Armenia,2024,12,26.08333333333333,178.75,72.66666666666667,61.41666666666666,56.5,55.0,64.66666666666667,53.583333333333336,66.91666666666667,59.333333333333336,51.0,57.75,67.5,74.41666666666667,72.91666666666667,74.0,63.41666666666666,73.75,61.0,68.16666666666667,68.0,63.083333333333336,56.66666666666666,55.66666666666666,42.16666666666666,61.25,60.91666666666666,56.41666666666666,62.0,46.0,44.5,41.41666666666666,10.75,11.166666666666666,11.25,9.75,9.166666666666666
Australia,2024,23,27.52173913043478,181.5217391304348,76.69565217391305,50.82608695652174,50.82608695652174,58.391304347826086,65.65217391304348,46.17391304347826,58.69565217391305,51.65217391304348,47.04347826086956,60.73913043478261,62.91304347826087,65.95652173913044,68.52173913043478,66.1304347826087,67.34782608695652,65.95652173913044,60.34782608695652,74.6086956521739,75.69565217391305,73.69565217391305,51.21739130434783,66.30434782608695,57.47826086956522,55.73913043478261,59.60869565217392,50.60869565217392,66.21739130434783,55.43478260869565,60.26086956521739,56.17391304347826,16.043478260869566,16.26086956521739,14.869565217391305,15.173913043478262,15.173913043478262
Austria,2024,23,27.608695652173918,183.7391304347826,78.65217391304348,67.56521739130434,61.17391304347826,68.21739130434783,75.95652173913044,56.391304347826086,71.1304347826087,63.21739130434783,57.0,71.17391304347827,74.69565217391305,70.47826086956522,72.17391304347827,69.21739130434783,77.21739130434783,68.3913043478261,69.34782608695652,78.52173913043478,77.69565217391305,74.65217391304348,62.65217391304348,71.95652173913044,65.21739130434783,66.91304347826087,70.26086956521739,55.91304347826087,74.1304347826087,65.82608695652173,67.47826086956522,63.47826086956522,10.478260869565217,10.217391304347826,10.0,11.565217391304348,10.73913043478261
Azerbaijan,2024,6,23.83333333333333,184.33333333333331,75.66666666666667,43.833333333333336,48.0,52.66666666666666,48.66666666666666,41.833333333333336,54.16666666666666,48.66666666666666,40.5,40.5,56.0,68.5,64.66666666666667,67.0,56.833333333333336,60.5,62.333333333333336,69.66666666666667,58.333333333333336,66.16666666666667,46.0,51.16666666666666,25.166666666666668,52.16666666666666,46.333333333333336,49.5,55.0,26.83333333333333,31.5,28.83333333333333,19.0,21.0,18.666666666666668,17.666666666666668,19.83333333333333
Belarus,2024,4,27.0,185.25,76.25,42.25,48.0,47.5,53.5,43.25,51.75,39.75,33.5,46.75,51.75,63.75,59.0,63.0,58.0,62.0,55.25,65.75,60.75,64.0,43.75,52.75,27.0,52.25,58.0,49.25,53.75,30.75,27.0,23.75,22.75,23.5,23.0,21.5,23.5
Belgium,2024,26,26.23076923076923,185.03846153846155,79.11538461538461,61.11538461538461,55.5,57.42307692307692,69.53846153846153,51.80769230769231,66.0,58.92307692307692,51.5,65.88461538461539,68.61538461538461,68.23076923076923,69.8076923076923,67.46153846153847,76.46153846153847,62.76923076923077,70.6923076923077,75.34615384615384,68.23076923076923,71.84615384615384,58.19230769230769,60.96153846153846,51.07692307692308,59.19230769230769,66.3076923076923,53.30769230769231,72.38461538461539,51.0,54.15384615384615,50.57692307692308,19.692307692307693,20.153846153846157,20.07692307692308,20.307692307692307,21.615384615384617
Benin,2024,10,26.4,182.3,78.3,51.0,48.5,65.9,64.2,43.5,59.4,45.5,40.3,58.7,64.0,63.7,65.8,66.0,62.0,63.4,61.0,77.7,70.4,77.1,49.6,70.5,55.4,52.5,52.8,47.7,61.8,55.5,60.2,57.6,9.9,11.0,10.3,11.6,11.8
Bermuda,2024,1,33.0,170.0,69.0,60.0,69.0,68.0,66.0,68.0,67.0,67.0,67.0,53.0,68.0,76.0,77.0,77.0,70.0,77.0,69.0,72.0,69.0,55.0,65.0,68.0,49.0,70.0,69.0,68.0,68.0,35.0,43.0,35.0,10.0,6.0,13.0,11.0,7.0
Bolivia,2024,23,29.0,177.2608695652174,74.82608695652173,56.56521739130435,49.91304347826087,53.04347826086956,61.47826086956522,39.08695652173913,59.21739130434783,48.08695652173913,47.82608695652174,55.47826086956522,59.65217391304348,64.04347826086956,66.56521739130434,63.130434782608695,60.91304347826087,65.26086956521739,52.69565217391305,64.78260869565217,71.8695652173913,62.130434782608695,49.47826086956522,52.130434782608695,48.52173913043478,53.82608695652174,55.34782608695652,54.91304347826087,55.17391304347826,50.95652173913044,50.73913043478261,48.65217391304348,14.73913043478261,15.26086956521739,14.217391304347826,16.47826086956522,15.91304347826087
Bosnia and Herzegovina,2024,23,29.217391304347824,185.2608695652174,79.26086956521739,55.65217391304348,53.34782608695652,58.08695652173913,66.69565217391305,50.17391304347826,60.47826086956522,54.95652173913044,49.91304347826087,62.91304347826087,65.52173913043478,59.47826086956522,60.26086956521739,62.17391304347826,71.0,59.91304347826087,67.56521739130434,71.43478260869566,67.6086956521739,72.82608695652173,53.52173913043478,66.52173913043478,54.65217391304348,55.69565217391305,61.82608695652174,55.21739130434783,70.0,52.26086956521739,52.52173913043478,49.60869565217392,18.782608695652176,17.956521739130434,17.52173913043478,19.043478260869566,18.956521739130437
Brazil,2024,23,28.0,182.7391304347826,77.52173913043478,60.95652173913044,60.08695652173913,68.43478260869566,76.43478260869566,55.869565217391305,70.1304347826087,61.56521739130435,52.391304347826086,71.34782608695652,74.8695652173913,72.56521739130434,74.82608695652173,71.04347826086956,84.56521739130434,67.17391304347827,73.91304347826087,82.26086956521739,74.91304347826087,75.21739130434783,59.73913043478261,70.43478260869566,57.69565217391305,65.30434782608695,72.91304347826087,61.47826086956522,78.56521739130434,57.47826086956522,58.30434782608695,53.95652173913044,19.52173913043478,19.65217391304348,21.217391304347824,19.608695652173918,20.43478260869565
Bulgaria,2024,21,26.0,182.95238095238096,75.52380952380952,46.57142857142857,44.333333333333336,50.523809523809526,58.66666666666666,41.71428571428572,54.66666666666666,46.42857142857143,44.285714285714285,53.0,57.95238095238095,65.66666666666667,64.28571428571429,62.42857142857143,62.0,64.57142857142857,57.90476190476191,65.38095238095238,63.47619047619048,65.0952380952381,48.47619047619048,58.42857142857143,50.42857142857143,49.0,54.04761904761905,46.42857142857143,59.57142857142857,49.285714285714285,52.38095238095238,50.57142857142857,15.38095238095238,15.904761904761903,15.38095238095238,14.61904761904762,15.142857142857142
Burkina Faso,2024,22,23.5,182.04545454545453,76.4090909090909,49.90909090909091,46.09090909090909,56.22727272727273,59.90909090909091,40.68181818181818,59.40909090909091,46.59090909090909,39.63636363636363,52.90909090909091,61.54545454545455,70.27272727272727,72.81818181818181,64.54545454545455,61.54545454545455,64.04545454545455,55.04545454545455,70.22727272727273,62.09090909090909,68.31818181818181,43.45454545454545,56.63636363636363,47.90909090909091,48.54545454545455,52.81818181818182,47.5,58.22727272727273,44.86363636363637,49.68181818181818,46.81818181818182,12.045454545454543,12.590909090909092,13.5,13.363636363636363,13.727272727272728
Burundi,2024,2,24.0,185.0,79.5,49.0,49.5,70.0,67.5,38.5,65.0,48.0,47.5,62.5,67.0,67.0,70.5,62.0,66.0,63.0,59.0,79.5,76.5,78.5,50.0,64.5,67.5,54.0,55.5,51.0,65.5,67.5,68.5,65.5,8.5,9.5,11.0,9.5,10.0
Cameroon,2024,23,28.08695652173913,184.56521739130437,82.0,55.30434782608695,59.130434782608695,67.17391304347827,68.1304347826087,56.21739130434783,68.0,58.82608695652174,46.43478260869565,62.08695652173913,70.8695652173913,68.69565217391305,73.1304347826087,67.8695652173913,71.65217391304348,61.82608695652174,71.3913043478261,80.47826086956522,71.82608695652173,79.78260869565217,59.17391304347826,66.95652173913044,47.34782608695652,65.52173913043478,63.43478260869565,56.60869565217392,70.82608695652173,46.95652173913044,46.82608695652174,42.869565217391305,12.91304347826087,13.91304347826087,13.521739130434783,13.217391304347826,14.043478260869565
Canada,2024,23,26.608695652173918,181.4782608695652,75.91304347826087,53.26086956521739,50.43478260869565,54.82608695652174,63.91304347826087,43.69565217391305,59.73913043478261,52.08695652173913,42.04347826086956,58.0,63.69565217391305,67.43478260869566,67.65217391304348,65.26086956521739,69.43478260869566,60.47826086956522,63.869565217391305,72.47826086956522,69.30434782608695,71.1304347826087,49.17391304347826,62.47826086956522,53.17391304347826,53.91304347826087,61.21739130434783,50.130434782608695,65.73913043478261,50.95652173913044,54.130434782608695,50.69565217391305,18.73913043478261,17.47826086956522,15.826086956521738,17.304347826086957,18.130434782608692
Cape Verde,2024,23,28.47826086956522,180.30434782608697,76.04347826086956,58.130434782608695,58.82608695652174,61.56521739130435,65.04347826086956,53.52173913043478,66.73913043478261,58.78260869565217,52.30434782608695,57.95652173913044,67.47826086956522,71.69565217391305,72.17391304347827,70.73913043478261,67.69565217391305,67.91304347826087,67.08695652173913,75.21739130434783,69.3913043478261,71.73913043478261,58.34782608695652,66.91304347826087,45.08695652173913,62.34782608695652,60.26086956521739,58.95652173913044,66.95652173913044,46.391304347826086,45.95652173913044,43.26086956521739,10.347826086956522,9.652173913043478,11.565217391304348,9.956521739130435,9.173913043478262
Central African Republic,2024,8,26.125,185.125,76.75,41.125,47.0,50.375,50.0,43.375,50.0,38.125,38.875,41.75,53.25,60.75,64.25,62.125,56.375,55.25,61.625,69.5,50.5,70.0,44.625,43.875,32.75,46.625,44.625,45.0,53.0,29.25,36.375,34.625,23.375,21.625,22.5,22.25,23.875
Chad,2024,1,25.0,190.0,85.0,35.0,70.0,65.0,53.0,63.0,66.0,48.0,34.0,46.0,64.0,69.0,76.0,72.0,64.0,58.0,73.0,80.0,64.0,83.0,58.0,64.0,26.0,68.0,54.0,74.0,64.0,31.0,26.0,22.0,13.0,14.0,5.0,11.0,13.0
Chile,2024,23,30.47826086956522,180.2608695652174,75.73913043478261,53.56521739130435,47.60869565217392,58.30434782608695,67.17391304347827,40.869565217391305,56.73913043478261,48.91304347826087,47.73913043478261,62.21739130434783,64.26086956521739,62.69565217391305,64.34782608695652,64.30434782608695,71.1304347826087,64.26086956521739,62.17391304347826,74.65217391304348,66.91304347826087,73.65217391304348,48.47826086956522,64.78260869565217,55.47826086956522,52.73913043478261,62.26086956521739,52.04347826086956,67.73913043478261,54.73913043478261,54.56521739130435,53.52173913043478,20.73913043478261,20.608695652173918,21.347826086956523,21.73913043478261,21.782608695652176
China,2024,23,30.956521739130437,181.3913043478261,75.73913043478261,54.391304347826086,49.60869565217392,56.56521739130435,61.65217391304348,46.47826086956522,58.95652173913044,52.82608695652174,48.91304347826087,59.08695652173913,60.52173913043478,74.52173913043478,73.91304347826087,69.34782608695652,65.52173913043478,69.69565217391305,63.17391304347826,77.08695652173913,74.21739130434783,71.04347826086956,52.04347826086956,59.91304347826087,47.47826086956522,56.08695652173913,62.56521739130435,51.0,64.17391304347827,46.82608695652174,47.391304347826086,44.69565217391305,18.52173913043478,18.91304347826087,18.347826086956523,19.26086956521739,18.30434782608696
Colombia,2024,23,29.73913043478261,179.91304347826087,76.04347826086956,59.391304347826086,64.17391304347827,63.91304347826087,70.69565217391305,58.73913043478261,69.6086956521739,60.869565217391305,55.95652173913044,63.08695652173913,71.6086956521739,74.34782608695652,73.26086956521739,72.3913043478261,74.43478260869566,69.52173913043478,75.21739130434783,78.69565217391305,69.0,71.69565217391305,64.04347826086956,67.8695652173913,47.47826086956522,67.1304347826087,65.43478260869566,62.30434782608695,72.3913043478261,50.130434782608695,48.73913043478261,44.52173913043478,16.0,17.0,16.565217391304348,15.956521739130435,16.391304347826086
Comoros,2024,12,27.08333333333333,176.33333333333334,70.33333333333333,56.333333333333336,50.833333333333336,48.75,59.833333333333336,46.41666666666666,61.41666666666666,56.41666666666666,48.25,53.16666666666666,62.333333333333336,72.08333333333333,71.41666666666667,73.41666666666667,60.41666666666666,73.0,60.833333333333336,63.91666666666666,63.91666666666666,60.66666666666666,48.833333333333336,53.66666666666666,48.583333333333336,54.333333333333336,55.333333333333336,50.25,56.75,48.0,48.583333333333336,45.333333333333336,13.25,14.416666666666666,13.916666666666666,15.833333333333334,14.083333333333334
Congo,2024,15,26.0,182.6,76.06666666666666,52.73333333333333,53.4,60.0,61.53333333333333,47.53333333333333,62.93333333333333,48.266666666666666,40.0,54.06666666666667,62.93333333333333,70.66666666666667,70.33333333333333,67.53333333333333,60.46666666666667,62.53333333333333,63.4,73.93333333333334,66.73333333333333,71.46666666666667,53.4,54.4,44.66666666666666,55.13333333333333,55.86666666666667,54.46666666666667,60.53333333333333,42.13333333333333,46.53333333333333,45.46666666666667,10.866666666666667,10.533333333333331,11.0,10.733333333333333,10.466666666666669
Costa Rica,2024,20,27.2,179.25,73.5,50.4,53.8,53.6,61.7,45.95,60.9,51.05,45.35,54.1,63.4,70.3,68.8,65.85,63.3,69.0,60.6,67.1,62.65,63.2,48.85,55.65,43.2,56.8,56.15,49.25,60.05,45.55,46.5,41.5,14.05,14.95,12.3,13.3,14.65
Croatia,2024,26,27.307692307692307,184.42307692307693,79.07692307692308,60.65384615384615,55.53846153846154,60.80769230769231,71.46153846153847,55.92307692307692,67.65384615384616,61.0,56.07692307692308,66.8076923076923,70.84615384615384,71.0,69.07692307692308,69.92307692307692,75.26923076923077,66.38461538461539,71.11538461538461,77.76923076923077,71.57692307692308,73.8076923076923,57.34615384615385,66.3076923076923,56.61538461538461,59.30769230769231,67.15384615384616,59.61538461538461,73.34615384615384,56.80769230769231,58.73076923076923,54.03846153846154,17.615384615384617,17.46153846153846,16.423076923076923,17.73076923076923,18.153846153846157
Cuba,2024,4,30.5,180.75,78.25,49.0,43.25,39.5,57.5,44.75,55.25,47.25,37.75,53.5,56.25,60.5,57.75,58.5,61.5,61.25,64.75,64.5,45.25,72.75,43.5,53.75,38.75,49.75,61.0,44.75,57.5,43.25,45.25,38.75,24.0,25.25,23.5,24.75,24.75
Curaçao,2024,12,26.75,183.08333333333331,75.66666666666667,49.66666666666666,47.0,54.25,60.583333333333336,46.583333333333336,59.333333333333336,45.91666666666666,45.333333333333336,54.0,61.083333333333336,69.41666666666667,72.25,65.91666666666667,64.25,63.91666666666666,63.0,72.25,66.58333333333333,72.75,48.25,63.0,48.25,51.91666666666666,53.91666666666666,50.91666666666666,61.66666666666666,46.75,48.333333333333336,45.833333333333336,15.5,15.75,15.75,15.416666666666666,15.25
Cyprus,2024,23,23.869565217391305,181.56521739130437,75.08695652173913,45.17391304347826,44.130434782608695,47.17391304347826,55.91304347826087,37.78260869565217,53.60869565217392,45.43478260869565,37.26086956521739,48.08695652173913,57.130434782608695,64.56521739130434,65.3913043478261,60.65217391304348,59.73913043478261,64.30434782608695,53.91304347826087,60.34782608695652,59.869565217391305,60.04347826086956,44.56521739130435,50.869565217391305,41.95652173913044,49.130434782608695,51.73913043478261,41.130434782608695,56.56521739130435,42.391304347826086,45.130434782608695,42.60869565217392,17.82608695652174,16.52173913043478,16.869565217391305,17.347826086956523,17.782608695652176
Czech Republic,2024,26,26.692307692307693,184.92307692307693,78.42307692307692,58.65384615384615,56.80769230769231,63.26923076923077,64.8076923076923,54.57692307692308,63.53846153846154,55.30769230769231,50.03846153846154,60.03846153846154,65.92307692307692,68.26923076923077,67.73076923076923,65.46153846153847,72.5,65.6923076923077,66.96153846153847,78.65384615384616,72.15384615384616,75.76923076923077,59.19230769230769,68.6923076923077,54.23076923076923,61.46153846153846,61.84615384615385,54.57692307692308,67.6923076923077,54.5,55.07692307692308,52.96153846153846,17.846153846153847,16.923076923076923,16.192307692307693,17.76923076923077,18.03846153846154
DR Congo,2024,23,27.08695652173913,179.2608695652174,76.34782608695652,61.43478260869565,59.21739130434783,64.52173913043478,68.8695652173913,54.869565217391305,70.91304347826087,57.0,49.34782608695652,62.391304347826086,71.1304347826087,76.52173913043478,77.43478260869566,75.26086956521739,69.95652173913044,73.0,67.91304347826087,77.65217391304348,74.82608695652173,72.73913043478261,59.04347826086956,64.21739130434783,56.391304347826086,64.69565217391305,64.82608695652173,56.391304347826086,69.26086956521739,53.869565217391305,55.56521739130435,51.65217391304348,9.73913043478261,10.521739130434783,10.0,10.695652173913045,9.869565217391305
Denmark,2024,26,26.346153846153847,185.6153846153846,78.03846153846153,58.42307692307692,56.84615384615385,58.46153846153846,70.15384615384616,51.96153846153846,66.3076923076923,59.80769230769231,54.61538461538461,67.42307692307692,70.84615384615384,66.73076923076923,68.26923076923077,65.96153846153847,75.07692307692308,65.57692307692308,69.73076923076923,74.23076923076923,72.92307692307692,72.73076923076923,57.30769230769231,66.76923076923077,55.23076923076923,60.42307692307692,67.38461538461539,53.03846153846154,70.76923076923077,55.61538461538461,55.80769230769231,50.30769230769231,17.423076923076923,17.153846153846153,17.692307692307693,18.0,17.615384615384617
Dominican Republic,2024,6,21.666666666666668,185.5,74.16666666666667,37.5,29.33333333333333,43.5,45.0,25.0,42.0,39.333333333333336,29.83333333333333,42.16666666666666,45.16666666666666,51.66666666666666,52.0,50.0,52.833333333333336,49.833333333333336,50.833333333333336,59.16666666666666,50.66666666666666,61.16666666666666,31.0,50.333333333333336,41.66666666666666,35.833333333333336,45.16666666666666,31.666666666666668,42.16666666666666,36.333333333333336,39.833333333333336,39.0,26.166666666666668,25.0,24.83333333333333,24.83333333333333,26.166666666666668
Ecuador,2024,23,28.217391304347824,177.47826086956522,73.47826086956522,55.34782608695652,47.17391304347826,50.21739130434783,65.08695652173913,39.21739130434783,61.21739130434783,50.391304347826086,45.34782608695652,58.78260869565217,63.47826086956522,69.95652173913044,69.17391304347827,68.95652173913044,69.95652173913044,68.30434782608695,60.82608695652174,71.56521739130434,67.30434782608695,68.78260869565217,46.60869565217392,58.30434782608695,53.08695652173913,55.60869565217392,62.95652173913044,49.95652173913044,64.47826086956522,53.21739130434783,52.69565217391305,51.0,21.65217391304348,21.47826086956522,20.91304347826087,21.82608695652174,21.17391304347826
Egypt,2024,13,26.76923076923077,179.6153846153846,74.46153846153847,56.23076923076923,60.53846153846154,57.46153846153846,67.6923076923077,53.30769230769231,69.15384615384616,60.76923076923077,54.30769230769231,62.15384615384615,69.38461538461539,68.07692307692308,67.23076923076923,70.07692307692308,66.0,71.53846153846153,66.92307692307692,67.53846153846153,71.0,67.6923076923077,60.46153846153846,61.07692307692308,47.61538461538461,61.53846153846154,63.61538461538461,56.84615384615385,65.15384615384616,46.92307692307692,50.15384615384615,43.46153846153846,10.846153846153848,12.615384615384617,10.923076923076923,10.153846153846152,9.846153846153848
El Salvador,2024,4,25.0,183.25,77.0,36.75,41.75,48.25,53.0,39.25,47.5,36.5,31.25,47.5,52.5,54.25,53.0,48.25,59.0,58.5,59.25,66.5,55.25,68.5,45.25,45.5,37.75,48.5,49.5,42.0,52.5,34.0,36.75,35.0,24.25,21.5,24.0,23.5,23.0
England,2024,26,26.615384615384617,182.30769230769232,76.26923076923077,67.57692307692308,62.5,60.34615384615385,78.11538461538461,58.84615384615385,72.53846153846153,67.38461538461539,61.42307692307692,76.34615384615384,76.92307692307692,71.65384615384616,71.1923076923077,69.42307692307692,82.6923076923077,70.65384615384616,76.5,76.03846153846153,75.5,71.0,62.76923076923077,71.07692307692308,62.03846153846154,68.53846153846153,76.38461538461539,60.5,78.96153846153847,62.5,64.03846153846153,58.34615384615385,18.423076923076923,18.923076923076923,19.57692307692308,18.26923076923077,19.192307692307693
Equatorial Guinea,2024,7,25.571428571428573,181.28571428571428,73.85714285714286,48.85714285714285,41.0,50.285714285714285,61.285714285714285,40.57142857142857,57.85714285714285,47.85714285714285,46.142857142857146,59.285714285714285,60.85714285714285,62.85714285714285,66.0,61.0,64.0,60.285714285714285,63.0,67.71428571428571,60.142857142857146,67.28571428571429,50.85714285714285,61.71428571428572,59.42857142857143,48.0,57.71428571428572,46.71428571428572,59.285714285714285,55.57142857142857,60.85714285714285,56.85714285714285,16.428571428571427,16.0,18.285714285714285,18.142857142857142,17.0
Estonia,2024,7,23.571428571428573,188.14285714285717,77.0,42.42857142857143,43.0,52.142857142857146,55.71428571428572,35.142857142857146,50.0,43.42857142857143,36.0,52.71428571428572,52.142857142857146,58.57142857142857,62.142857142857146,55.71428571428572,59.71428571428572,55.42857142857143,51.142857142857146,64.14285714285714,64.14285714285714,64.57142857142857,43.142857142857146,56.71428571428572,47.285714285714285,46.71428571428572,51.57142857142857,42.42857142857143,50.57142857142857,51.57142857142857,50.285714285714285,47.42857142857143,18.142857142857142,17.0,18.428571428571427,18.571428571428573,18.285714285714285
Ethiopia,2024,1,24.0,177.0,65.0,64.0,32.0,51.0,68.0,51.0,65.0,58.0,47.0,67.0,66.0,77.0,68.0,68.0,66.0,64.0,49.0,59.0,78.0,47.0,48.0,58.0,56.0,60.0,64.0,45.0,58.0,64.0,57.0,54.0,14.0,14.0,11.0,11.0,7.0
Faroe Islands,2024,3,23.666666666666668,180.0,75.0,50.0,52.333333333333336,50.333333333333336,54.66666666666666,44.333333333333336,57.333333333333336,47.333333333333336,39.0,49.333333333333336,57.0,65.33333333333333,64.33333333333333,66.66666666666667,55.0,62.0,50.0,55.0,57.66666666666666,56.0,47.0,47.0,41.333333333333336,55.0,48.66666666666666,50.333333333333336,54.0,40.66666666666666,44.0,41.333333333333336,11.333333333333334,9.0,11.0,9.0,8.666666666666666
Fiji,2024,1,35.0,169.0,70.0,63.0,68.0,60.0,64.0,64.0,68.0,66.0,63.0,64.0,67.0,90.0,86.0,84.0,67.0,84.0,66.0,84.0,87.0,74.0,63.0,80.0,42.0,68.0,65.0,70.0,70.0,41.0,50.0,43.0,13.0,13.0,6.0,11.0,9.0
Finland,2024,26,26.5,183.3846153846154,76.84615384615384,48.5,47.73076923076923,51.03846153846154,60.30769230769231,43.61538461538461,56.19230769230769,49.96153846153846,42.61538461538461,57.03846153846154,60.03846153846154,65.6923076923077,64.1923076923077,63.92307692307692,65.5,63.65384615384615,59.88461538461539,66.8076923076923,66.23076923076923,66.1923076923077,47.69230769230769,56.42307692307692,50.19230769230769,51.15384615384615,58.34615384615385,47.46153846153846,61.23076923076923,49.57692307692308,49.73076923076923,46.65384615384615,17.346153846153847,16.923076923076923,16.73076923076923,17.53846153846154,16.807692307692307
France,2024,26,25.76923076923077,185.15384615384616,79.42307692307692,60.38461538461539,58.46153846153846,64.76923076923077,77.0,54.5,70.84615384615384,60.0,48.96153846153846,71.23076923076923,74.07692307692308,72.88461538461539,77.23076923076923,70.11538461538461,81.34615384615384,69.15384615384616,72.34615384615384,80.76923076923077,72.6923076923077,76.92307692307692,58.65384615384615,65.8076923076923,61.53846153846154,62.88461538461539,70.84615384615384,55.92307692307692,78.15384615384616,58.5,60.53846153846154,57.38461538461539,17.884615384615383,17.23076923076923,18.307692307692307,17.5,18.57692307692308
Gabon,2024,14,26.857142857142858,180.57142857142856,75.28571428571429,60.642857142857146,57.71428571428572,57.92857142857143,64.21428571428571,54.42857142857143,66.14285714285714,61.35714285714285,51.35714285714285,58.285714285714285,66.64285714285714,72.71428571428571,71.57142857142857,70.14285714285714,65.5,69.5,63.0,68.28571428571429,69.0,64.64285714285714,57.285714285714285,60.85714285714285,50.785714285714285,62.142857142857146,59.85714285714285,57.0,64.07142857142857,50.642857142857146,50.285714285714285,48.642857142857146,9.642857142857142,10.357142857142858,11.071428571428571,9.214285714285714,10.928571428571429
Gambia,2024,23,25.17391304347826,182.2608695652174,75.26086956521739,54.78260869565217,56.34782608695652,57.73913043478261,64.47826086956522,49.17391304347826,65.91304347826087,50.95652173913044,46.47826086956522,56.95652173913044,65.82608695652173,76.47826086956522,78.08695652173913,73.6086956521739,63.47826086956522,68.47826086956522,62.47826086956522,71.21739130434783,69.0,66.26086956521739,55.130434782608695,61.73913043478261,42.60869565217392,60.17391304347826,56.60869565217392,53.04347826086956,63.52173913043478,43.47826086956522,45.47826086956522,42.91304347826087,8.91304347826087,10.043478260869565,9.826086956521738,10.91304347826087,10.043478260869565
Georgia,2024,23,25.956521739130437,184.08695652173915,75.69565217391305,54.43478260869565,54.47826086956522,56.91304347826087,65.43478260869566,48.30434782608695,61.65217391304348,55.69565217391305,49.52173913043478,60.56521739130435,64.43478260869566,66.95652173913044,67.26086956521739,65.91304347826087,66.91304347826087,64.0,63.91304347826087,69.82608695652173,69.04347826086956,68.26086956521739,54.56521739130435,59.30434782608695,49.34782608695652,56.65217391304348,60.26086956521739,53.34782608695652,63.82608695652174,49.21739130434783,51.869565217391305,48.34782608695652,13.130434782608695,12.91304347826087,13.173913043478262,13.26086956521739,12.869565217391305
Germany,2024,26,26.807692307692307,185.53846153846155,80.92307692307692,62.92307692307692,62.38461538461539,62.88461538461539,75.88461538461539,59.92307692307692,71.0,62.30769230769231,52.84615384615385,69.96153846153847,73.07692307692308,70.92307692307692,74.57692307692308,69.73076923076923,82.07692307692308,68.07692307692308,74.53846153846153,78.57692307692308,72.23076923076923,74.26923076923077,63.0,66.96153846153847,58.07692307692308,65.11538461538461,72.38461538461539,56.34615384615385,77.5,56.88461538461539,58.92307692307692,54.69230769230769,18.653846153846157,18.692307692307693,18.423076923076923,19.03846153846154,19.53846153846154
Ghana,2024,26,25.57692307692308,179.8846153846154,73.84615384615384,56.19230769230769,51.65384615384615,55.84615384615385,66.26923076923077,46.80769230769231,63.88461538461539,53.84615384615385,43.73076923076923,57.46153846153846,66.42307692307692,70.26923076923077,71.84615384615384,69.88461538461539,69.3076923076923,70.38461538461539,63.80769230769231,72.26923076923077,67.65384615384616,68.88461538461539,52.61538461538461,64.38461538461539,52.57692307692308,56.46153846153846,60.03846153846154,49.57692307692308,65.03846153846153,51.0,55.15384615384615,51.69230769230769,17.576923076923077,16.53846153846154,16.307692307692307,16.76923076923077,16.692307692307693
Gibraltar,2024,2,23.0,184.0,77.0,44.0,42.5,56.0,53.0,40.0,54.0,43.5,28.5,46.0,53.5,64.0,66.0,63.5,55.5,55.0,47.5,68.5,58.5,67.5,45.0,56.0,39.5,47.0,44.0,47.5,48.5,40.5,42.5,40.5,14.5,5.5,7.5,10.5,15.0
Greece,2024,23,27.91304347826087,183.17391304347825,77.3913043478261,51.34782608695652,46.82608695652174,52.34782608695652,61.391304347826086,45.17391304347826,55.73913043478261,50.65217391304348,47.34782608695652,57.17391304347826,59.95652173913044,64.73913043478261,65.17391304347827,68.17391304347827,71.30434782608695,62.391304347826086,66.43478260869566,71.95652173913044,66.08695652173913,69.91304347826087,51.69565217391305,62.391304347826086,51.30434782608695,50.78260869565217,56.65217391304348,48.869565217391305,66.69565217391305,50.78260869565217,50.95652173913044,48.130434782608695,24.26086956521739,24.73913043478261,23.0,24.043478260869566,25.347826086956523
Grenada,2024,8,29.125,182.625,76.75,55.875,53.25,56.625,62.0,47.625,61.5,52.875,44.25,56.125,61.75,66.875,68.625,68.5,62.875,66.5,59.75,71.875,73.5,74.125,52.125,67.125,58.375,55.625,54.75,53.75,61.5,56.875,58.5,54.375,10.875,11.25,11.875,11.125,11.125
Guatemala,2024,5,26.0,182.6,74.6,52.8,50.6,58.2,60.2,49.0,59.4,51.0,40.6,51.6,61.0,67.6,68.8,64.2,59.4,60.8,60.6,70.0,66.2,72.2,52.4,53.8,46.6,55.8,55.0,49.8,54.4,44.2,44.4,41.2,12.2,11.8,10.6,12.4,9.4
Guinea,2024,23,25.65217391304348,184.2173913043478,77.30434782608695,52.47826086956522,56.34782608695652,62.95652173913044,67.56521739130434,50.869565217391305,66.34782608695652,53.65217391304348,46.65217391304348,60.52173913043478,67.78260869565217,65.73913043478261,65.91304347826087,64.95652173913044,66.65217391304348,60.08695652173913,65.56521739130434,73.17391304347827,69.65217391304348,72.21739130434783,56.130434782608695,64.26086956521739,52.82608695652174,59.82608695652174,59.95652173913044,53.65217391304348,64.82608695652173,51.130434782608695,54.34782608695652,51.69565217391305,10.08695652173913,10.608695652173912,9.73913043478261,9.304347826086955,9.478260869565217
Guinea-Bissau,2024,23,25.695652173913043,180.65217391304347,73.43478260869566,51.17391304347826,51.47826086956522,57.95652173913044,60.391304347826086,49.47826086956522,63.391304347826086,52.47826086956522,44.52173913043478,53.08695652173913,62.95652173913044,73.0,73.91304347826087,69.43478260869566,61.95652173913044,67.30434782608695,63.08695652173913,69.1304347826087,68.91304347826087,64.21739130434783,53.130434782608695,64.73913043478261,49.17391304347826,56.34782608695652,54.34782608695652,52.43478260869565,60.65217391304348,48.69565217391305,52.30434782608695,50.34782608695652,10.565217391304348,11.173913043478262,9.26086956521739,10.869565217391305,10.521739130434783
Guyana,2024,5,23.0,179.6,72.4,53.6,43.4,51.8,60.6,40.2,58.8,51.8,37.0,56.8,59.8,73.6,73.0,74.0,58.2,73.0,55.8,64.0,68.8,61.4,45.2,62.6,56.4,51.0,52.6,42.6,57.2,56.6,59.2,57.4,9.2,10.6,9.4,8.6,11.0
Haiti,2024,9,27.0,180.88888888888889,76.77777777777777,42.22222222222222,35.666666666666664,42.11111111111112,52.77777777777778,33.44444444444444,45.22222222222222,41.0,31.33333333333333,48.22222222222222,50.333333333333336,62.22222222222222,63.77777777777778,60.55555555555556,61.66666666666666,60.66666666666666,55.333333333333336,65.88888888888889,55.44444444444444,63.0,34.77777777777778,49.66666666666666,37.888888888888886,42.66666666666666,49.22222222222222,37.66666666666666,55.55555555555556,39.66666666666666,35.22222222222222,34.55555555555556,26.77777777777778,26.11111111111111,26.22222222222222,26.666666666666668,27.22222222222222
Honduras,2024,12,27.416666666666668,180.91666666666663,75.75,55.25,56.66666666666666,62.083333333333336,65.58333333333333,49.5,64.25,55.5,52.0,58.66666666666666,66.33333333333333,70.58333333333333,72.41666666666667,66.75,65.0,66.58333333333333,66.08333333333333,72.75,67.5,70.66666666666667,57.0,66.58333333333333,46.41666666666666,58.25,59.66666666666666,58.66666666666666,61.583333333333336,47.333333333333336,48.833333333333336,46.16666666666666,10.666666666666666,10.083333333333334,9.833333333333334,9.0,10.25
Hong Kong,2024,4,24.75,182.75,75.75,36.75,33.0,60.75,48.25,34.25,44.5,35.25,29.25,39.75,55.0,60.75,67.75,57.5,57.25,62.0,44.0,66.5,65.25,67.75,35.5,57.0,53.0,42.0,40.0,39.75,48.0,54.0,54.25,50.75,10.25,8.5,9.25,11.0,10.0
Hungary,2024,26,26.384615384615383,183.84615384615384,77.42307692307692,47.76923076923077,49.19230769230769,52.0,60.65384615384615,44.46153846153846,54.57692307692308,47.5,43.15384615384615,52.53846153846154,58.46153846153846,62.57692307692308,63.11538461538461,61.69230769230769,67.07692307692308,60.61538461538461,59.34615384615385,66.34615384615384,60.61538461538461,65.61538461538461,49.30769230769231,57.19230769230769,48.57692307692308,52.30769230769231,52.84615384615385,50.34615384615385,62.38461538461539,47.76923076923077,48.73076923076923,46.42307692307692,20.153846153846157,19.57692307692308,19.5,19.692307692307693,20.192307692307693
Iceland,2024,26,26.07692307692308,183.6153846153846,76.38461538461539,54.11538461538461,52.65384615384615,53.23076923076923,64.03846153846153,48.42307692307692,60.07692307692308,54.46153846153846,49.96153846153846,61.11538461538461,63.30769230769231,64.0,66.15384615384616,65.88461538461539,65.38461538461539,66.34615384615384,62.80769230769231,68.26923076923077,69.3076923076923,67.61538461538461,53.65384615384615,62.73076923076923,50.46153846153846,54.42307692307692,61.53846153846154,50.5,64.07692307692308,50.73076923076923,52.11538461538461,49.42307692307692,17.115384615384617,16.346153846153847,17.076923076923077,17.5,16.076923076923077
India,2024,23,27.869565217391305,178.95652173913044,71.69565217391305,46.47826086956522,41.08695652173913,46.26086956521739,53.0,37.26086956521739,51.56521739130435,44.95652173913044,40.82608695652174,49.43478260869565,53.56521739130435,69.69565217391305,70.04347826086956,66.26086956521739,54.60869565217392,64.8695652173913,50.95652173913044,68.08695652173913,73.43478260869566,66.08695652173913,41.26086956521739,56.869565217391305,44.65217391304348,46.47826086956522,48.21739130434783,40.78260869565217,51.869565217391305,44.21739130434783,46.73913043478261,46.56521739130435,14.782608695652174,14.217391304347826,13.217391304347826,14.826086956521738,14.826086956521738
Indonesia,2024,3,21.0,187.33333333333331,79.0,45.333333333333336,41.333333333333336,55.66666666666666,56.66666666666666,35.0,51.0,45.0,34.0,52.0,57.0,67.33333333333333,67.0,57.66666666666666,55.333333333333336,55.0,47.0,69.0,61.0,68.66666666666667,40.66666666666666,56.66666666666666,55.0,46.333333333333336,49.66666666666666,41.0,53.0,55.66666666666666,58.66666666666666,59.333333333333336,8.0,11.666666666666666,8.333333333333334,11.666666666666666,11.0
Iran,2024,16,28.0,180.8125,76.4375,59.375,56.0625,62.875,68.1875,55.1875,66.5625,60.25,53.0,62.1875,68.875,72.3125,69.75,68.8125,67.5,70.3125,66.75,73.125,70.9375,68.125,60.25,62.5625,50.0,63.8125,63.3125,55.9375,67.375,52.4375,53.25,50.1875,10.0625,11.1875,10.5625,10.375,10.375
Iraq,2024,13,25.384615384615383,181.46153846153845,73.92307692307692,49.92307692307692,52.07692307692308,52.69230769230769,58.69230769230769,48.38461538461539,58.76923076923077,54.23076923076923,50.30769230769231,53.23076923076923,60.53846153846154,66.61538461538461,66.53846153846153,66.61538461538461,59.76923076923077,69.6923076923077,58.38461538461539,64.07692307692308,67.76923076923077,65.76923076923077,51.30769230769231,60.38461538461539,51.0,54.92307692307692,56.07692307692308,53.15384615384615,61.46153846153846,46.84615384615385,49.30769230769231,46.69230769230769,9.461538461538462,9.153846153846152,9.615384615384617,10.307692307692308,9.76923076923077
Israel,2024,22,23.545454545454547,180.77272727272728,74.5,50.90909090909091,51.18181818181818,56.72727272727273,62.09090909090909,45.31818181818182,59.77272727272727,50.59090909090909,46.09090909090909,55.59090909090909,62.09090909090909,69.72727272727273,70.18181818181819,67.22727272727273,63.54545454545455,65.68181818181819,58.86363636363637,68.31818181818181,65.72727272727273,64.63636363636364,50.18181818181818,55.72727272727273,44.86363636363637,53.45454545454545,55.54545454545455,48.81818181818182,61.0,48.31818181818182,49.59090909090909,46.40909090909091,12.363636363636363,13.0,12.454545454545457,13.590909090909092,13.045454545454543
Italy,2024,26,25.846153846153847,183.65384615384616,76.26923076923077,59.96153846153846,57.96153846153846,62.0,72.3076923076923,56.53846153846154,68.92307692307692,60.0,51.57692307692308,66.92307692307692,73.42307692307692,71.07692307692308,72.96153846153847,68.38461538461539,79.46153846153847,68.3076923076923,71.15384615384616,76.5,72.34615384615384,71.53846153846153,60.5,67.73076923076923,60.30769230769231,62.42307692307692,68.46153846153847,56.19230769230769,76.26923076923077,60.84615384615385,59.03846153846154,56.19230769230769,18.46153846153846,17.884615384615383,17.73076923076923,18.07692307692308,17.653846153846153
Ivory Coast,2024,23,26.47826086956522,182.7391304347826,75.52173913043478,62.47826086956522,59.08695652173913,67.3913043478261,73.1304347826087,54.69565217391305,73.8695652173913,59.78260869565217,49.65217391304348,66.95652173913044,74.65217391304348,74.30434782608695,76.1304347826087,71.69565217391305,73.26086956521739,69.52173913043478,70.91304347826087,78.78260869565217,72.04347826086956,75.47826086956522,58.60869565217392,70.6086956521739,61.26086956521739,65.73913043478261,66.21739130434783,58.26086956521739,73.17391304347827,59.69565217391305,64.52173913043478,61.391304347826086,10.08695652173913,9.73913043478261,10.73913043478261,10.043478260869565,9.347826086956522
Jamaica,2024,23,28.695652173913043,182.91304347826087,76.3913043478261,53.26086956521739,57.04347826086956,61.34782608695652,63.34782608695652,51.82608695652174,64.56521739130434,53.52173913043478,49.17391304347826,55.56521739130435,65.52173913043478,71.04347826086956,74.21739130434783,67.26086956521739,68.17391304347827,65.30434782608695,66.69565217391305,76.3913043478261,67.26086956521739,73.91304347826087,54.65217391304348,62.21739130434783,44.26086956521739,59.60869565217392,59.08695652173913,57.43478260869565,66.8695652173913,48.08695652173913,49.30434782608695,45.08695652173913,13.26086956521739,13.521739130434783,13.347826086956522,13.782608695652174,13.91304347826087
Japan,2024,23,26.91304347826087,178.47826086956522,72.43478260869566,60.65217391304348,59.26086956521739,54.43478260869565,70.21739130434783,53.47826086956522,69.34782608695652,59.30434782608695,52.65217391304348,64.78260869565217,71.21739130434783,75.26086956521739,71.47826086956522,76.73913043478261,75.52173913043478,74.3913043478261,66.1304347826087,70.91304347826087,73.04347826086956,62.43478260869565,58.52173913043478,57.65217391304348,55.08695652173913,64.04347826086956,67.69565217391305,54.43478260869565,70.82608695652173,52.95652173913044,55.08695652173913,53.04347826086956,14.956521739130435,15.434782608695652,15.173913043478262,15.521739130434783,16.347826086956523
Jordan,2024,1,26.0,176.0,66.0,61.0,65.0,39.0,68.0,65.0,78.0,67.0,58.0,47.0,75.0,87.0,78.0,92.0,67.0,88.0,65.0,59.0,61.0,51.0,64.0,63.0,54.0,67.0,69.0,62.0,68.0,23.0,41.0,34.0,11.0,6.0,12.0,7.0,7.0
Kazakhstan,2024,2,26.5,178.5,75.5,65.0,62.0,54.0,66.5,52.0,69.0,59.5,64.5,64.5,67.5,78.0,75.5,71.5,66.5,75.5,67.5,71.0,81.0,68.0,63.0,60.0,65.0,62.0,65.5,51.5,55.0,58.0,60.0,62.5,9.0,13.0,12.5,11.5,13.0
Kenya,2024,9,24.77777777777778,184.11111111111111,76.22222222222223,52.11111111111112,43.0,57.66666666666666,59.0,42.333333333333336,59.11111111111112,46.888888888888886,39.888888888888886,53.888888888888886,61.22222222222222,69.0,73.55555555555556,59.44444444444444,57.888888888888886,63.66666666666666,54.22222222222222,73.88888888888889,70.66666666666667,72.11111111111111,42.55555555555556,62.888888888888886,54.888888888888886,49.0,50.44444444444444,45.0,56.0,54.888888888888886,60.11111111111112,56.77777777777778,8.333333333333334,11.22222222222222,10.666666666666666,12.444444444444445,10.555555555555555
Kosovo,2024,23,26.52173913043478,183.30434782608697,74.95652173913044,59.60869565217392,58.391304347826086,54.43478260869565,68.30434782608695,55.04347826086956,68.08695652173913,63.0,56.43478260869565,62.21739130434783,69.73913043478261,68.78260869565217,70.3913043478261,69.65217391304348,68.69565217391305,65.91304347826087,70.95652173913044,68.52173913043478,70.6086956521739,66.78260869565217,63.17391304347826,61.26086956521739,43.95652173913044,62.43478260869565,63.91304347826087,56.34782608695652,67.1304347826087,46.0,44.869565217391305,41.95652173913044,14.08695652173913,13.26086956521739,13.565217391304348,12.652173913043478,11.91304347826087
Latvia,2024,6,22.5,182.33333333333331,76.16666666666667,46.5,45.66666666666666,43.0,54.66666666666666,37.833333333333336,51.5,41.5,37.66666666666666,50.0,53.833333333333336,57.0,53.5,58.5,59.66666666666666,61.5,51.5,58.16666666666666,60.5,63.66666666666666,45.833333333333336,50.333333333333336,40.333333333333336,47.333333333333336,55.5,43.333333333333336,55.0,41.833333333333336,45.333333333333336,44.16666666666666,18.33333333333333,17.666666666666668,16.333333333333332,18.666666666666668,16.666666666666668
Lebanon,2024,1,29.0,185.0,80.0,42.0,60.0,63.0,58.0,52.0,57.0,49.0,41.0,41.0,60.0,66.0,68.0,54.0,59.0,58.0,66.0,89.0,77.0,87.0,55.0,90.0,29.0,62.0,55.0,57.0,56.0,36.0,38.0,27.0,12.0,5.0,7.0,13.0,6.0
Liberia,2024,6,22.83333333333333,181.83333333333331,75.0,50.5,47.0,53.333333333333336,65.33333333333333,43.0,60.16666666666666,49.0,45.0,61.66666666666666,62.833333333333336,65.66666666666667,67.33333333333333,64.5,60.833333333333336,65.5,53.16666666666666,66.33333333333333,72.5,70.83333333333333,47.0,66.83333333333333,57.833333333333336,53.16666666666666,61.333333333333336,50.333333333333336,61.16666666666666,57.5,59.833333333333336,57.5,8.833333333333334,7.0,10.0,11.0,7.5
Libya,2024,4,28.25,180.0,72.75,59.5,60.75,55.0,71.5,54.25,67.0,56.0,57.5,66.5,71.5,73.75,70.25,72.5,70.25,69.75,69.75,68.25,75.25,67.75,63.5,59.25,60.0,62.75,61.5,55.75,70.25,54.75,58.25,58.75,12.25,10.0,9.0,9.0,12.25
Liechtenstein,2024,1,32.0,175.0,71.0,60.0,48.0,48.0,77.0,58.0,67.0,64.0,58.0,68.0,73.0,76.0,65.0,75.0,65.0,84.0,67.0,65.0,80.0,61.0,65.0,68.0,70.0,66.0,67.0,56.0,65.0,60.0,59.0,59.0,8.0,4.0,3.0,7.0,7.0
Lithuania,2024,5,23.2,185.8,76.8,49.6,39.8,56.8,62.8,38.8,53.0,47.6,42.8,60.0,58.8,63.6,67.0,60.6,58.0,59.8,50.2,66.2,69.6,68.8,50.4,65.8,58.6,47.6,49.8,43.8,53.8,58.6,58.8,58.0,10.6,10.6,11.0,10.2,9.2
Luxembourg,2024,15,25.266666666666666,181.53333333333333,75.46666666666667,50.333333333333336,39.53333333333333,49.8,59.8,40.6,55.53333333333333,45.53333333333333,43.53333333333333,56.333333333333336,57.66666666666666,65.0,65.26666666666667,64.26666666666667,61.2,63.6,56.73333333333333,65.33333333333333,62.0,65.53333333333333,43.6,61.4,51.86666666666667,47.0,54.53333333333333,45.0,56.06666666666667,51.2,53.4,50.86666666666667,17.733333333333334,17.2,16.6,18.466666666666665,16.333333333333332
Madagascar,2024,6,25.666666666666668,180.0,73.5,60.833333333333336,54.0,60.16666666666666,67.0,50.5,67.66666666666667,55.333333333333336,49.16666666666666,64.83333333333333,68.5,72.16666666666667,70.83333333333333,73.33333333333333,64.83333333333333,71.0,67.83333333333333,74.0,78.33333333333333,67.5,59.66666666666666,64.0,58.333333333333336,60.333333333333336,57.333333333333336,52.16666666666666,65.33333333333333,58.0,60.5,58.66666666666666,10.666666666666666,10.833333333333334,9.833333333333334,11.5,10.0
Malawi,2024,2,21.0,179.5,71.5,52.5,33.0,45.5,54.0,35.5,52.0,40.5,40.0,45.0,53.5,71.0,75.0,59.5,54.5,69.0,40.0,59.0,63.0,63.5,33.0,57.5,57.0,39.0,39.5,43.0,48.0,55.5,58.5,54.5,11.0,11.5,11.0,10.5,8.5
Mali,2024,23,25.91304347826087,179.69565217391303,71.69565217391305,61.391304347826086,55.69565217391305,63.30434782608695,71.43478260869566,50.04347826086956,71.8695652173913,58.26086956521739,48.04347826086956,64.78260869565217,72.73913043478261,73.26086956521739,71.91304347826087,74.21739130434783,71.34782608695652,72.17391304347827,66.0,75.6086956521739,76.91304347826087,70.65217391304348,60.130434782608695,67.95652173913044,60.91304347826087,63.391304347826086,64.04347826086956,54.56521739130435,70.34782608695652,59.21739130434783,60.56521739130435,58.130434782608695,9.217391304347826,10.391304347826088,9.73913043478261,9.73913043478261,10.347826086956522
Malta,2024,5,26.6,181.2,76.0,58.6,51.2,56.6,64.4,48.8,60.2,54.4,50.6,61.4,61.0,68.2,67.2,68.4,60.0,70.6,61.0,63.8,64.2,63.2,57.6,59.2,61.2,52.6,54.8,53.4,60.6,58.4,64.0,59.8,10.2,11.2,8.4,10.0,9.0
Mauritania,2024,3,27.0,181.0,71.66666666666667,38.0,36.0,44.66666666666666,47.333333333333336,33.666666666666664,43.0,35.666666666666664,35.333333333333336,36.333333333333336,44.66666666666666,54.66666666666666,60.333333333333336,61.0,60.333333333333336,60.0,53.66666666666666,64.33333333333333,63.66666666666666,63.66666666666666,39.0,37.333333333333336,28.0,36.66666666666666,45.0,41.66666666666666,49.66666666666666,31.666666666666668,32.333333333333336,30.0,31.33333333333333,27.666666666666668,24.33333333333333,24.33333333333333,29.33333333333333
Mauritius,2024,1,31.0,184.0,79.0,57.0,38.0,66.0,58.0,31.0,57.0,41.0,36.0,56.0,56.0,67.0,63.0,54.0,58.0,63.0,55.0,78.0,72.0,80.0,39.0,68.0,63.0,35.0,43.0,36.0,61.0,62.0,65.0,64.0,9.0,9.0,5.0,8.0,9.0
Mexico,2024,26,26.384615384615383,178.5,72.8076923076923,60.73076923076923,56.53846153846154,59.53846153846154,69.6923076923077,49.23076923076923,65.96153846153847,57.61538461538461,47.88461538461539,65.34615384615384,67.73076923076923,72.73076923076923,72.1923076923077,72.46153846153847,70.5,69.5,67.38461538461539,75.46153846153847,74.6923076923077,69.34615384615384,55.30769230769231,63.80769230769231,55.26923076923077,62.69230769230769,65.46153846153847,57.84615384615385,69.0,56.0,55.30769230769231,52.34615384615385,17.076923076923077,17.53846153846154,16.5,17.23076923076923,18.46153846153846
Moldova,2024,11,27.545454545454547,185.9090909090909,77.27272727272727,40.72727272727273,50.09090909090909,58.45454545454545,58.09090909090909,44.0,51.09090909090909,44.90909090909091,44.36363636363637,51.27272727272727,56.90909090909091,57.81818181818182,60.54545454545455,58.72727272727273,61.81818181818182,59.09090909090909,60.27272727272727,70.18181818181819,66.27272727272727,72.45454545454545,48.54545454545455,57.45454545454545,44.0,49.18181818181818,52.18181818181818,51.09090909090909,59.81818181818182,43.45454545454545,45.45454545454545,43.45454545454545,13.909090909090908,15.727272727272728,14.727272727272728,15.0,15.454545454545457
Montenegro,2024,22,26.545454545454547,185.0909090909091,78.54545454545455,49.5,51.68181818181818,58.72727272727273,61.27272727272727,46.04545454545455,58.63636363636363,52.54545454545455,48.04545454545455,54.72727272727273,62.45454545454545,67.27272727272727,68.4090909090909,64.27272727272727,64.18181818181819,61.54545454545455,61.77272727272727,71.72727272727273,68.27272727272727,71.22727272727273,53.22727272727273,58.22727272727273,47.18181818181818,55.18181818181818,53.36363636363637,51.63636363636363,61.45454545454545,47.77272727272727,49.45454545454545,46.59090909090909,12.636363636363637,13.0,12.863636363636363,13.454545454545457,13.181818181818182
Montserrat,2024,2,28.0,183.0,81.5,50.0,32.5,56.0,56.0,37.5,51.0,49.5,39.5,53.0,50.5,61.0,64.0,58.0,61.5,59.0,52.0,71.0,76.0,78.5,36.5,68.5,61.0,42.0,47.0,42.0,59.5,62.0,62.5,61.0,11.0,13.0,13.0,15.5,12.0
Morocco,2024,26,26.692307692307693,183.07692307692307,74.5,58.69230769230769,57.57692307692308,55.11538461538461,69.07692307692308,50.76923076923077,67.03846153846153,60.03846153846154,52.38461538461539,64.8076923076923,68.92307692307692,69.42307692307692,69.8076923076923,69.65384615384616,73.42307692307692,65.42307692307692,69.07692307692308,72.11538461538461,69.84615384615384,69.1923076923077,58.11538461538461,59.57692307692308,48.88461538461539,60.73076923076923,66.53846153846153,54.92307692307692,69.57692307692308,49.0,52.5,47.34615384615385,17.884615384615383,17.96153846153846,17.23076923076923,17.884615384615383,17.576923076923077
Mozambique,2024,3,25.33333333333333,177.0,70.66666666666667,68.33333333333333,47.0,59.66666666666666,64.66666666666667,46.0,75.0,63.66666666666666,41.0,54.66666666666666,74.0,83.0,83.66666666666667,78.0,71.66666666666667,77.33333333333333,68.66666666666667,71.66666666666667,68.33333333333333,60.0,54.333333333333336,60.333333333333336,62.0,61.0,53.66666666666666,46.66666666666666,68.66666666666667,61.66666666666666,65.0,62.66666666666666,10.0,8.666666666666666,9.666666666666666,11.666666666666666,7.666666666666667
Namibia,2024,1,32.0,186.0,81.0,66.0,62.0,53.0,64.0,60.0,66.0,73.0,67.0,52.0,67.0,72.0,75.0,69.0,60.0,73.0,74.0,68.0,82.0,70.0,72.0,49.0,30.0,60.0,58.0,59.0,56.0,31.0,30.0,34.0,13.0,12.0,9.0,7.0,9.0
Nepal,2024,1,33.0,185.0,85.0,17.0,18.0,19.0,37.0,15.0,13.0,11.0,15.0,37.0,20.0,44.0,47.0,36.0,49.0,57.0,42.0,63.0,38.0,69.0,15.0,24.0,16.0,16.0,58.0,21.0,26.0,23.0,12.0,14.0,59.0,59.0,56.0,57.0,57.0
Netherlands,2024,26,26.346153846153847,185.65384615384616,77.76923076923077,61.65384615384615,57.69230769230769,64.15384615384616,73.96153846153847,54.03846153846154,68.96153846153847,61.11538461538461,52.42307692307692,70.5,73.61538461538461,68.73076923076923,69.88461538461539,68.8076923076923,79.76923076923077,66.46153846153847,72.46153846153847,78.53846153846153,73.6923076923077,77.15384615384616,61.15384615384615,68.92307692307692,60.57692307692308,61.07692307692308,69.11538461538461,55.57692307692308,76.73076923076923,60.34615384615385,61.07692307692308,57.69230769230769,18.346153846153847,17.692307692307693,17.26923076923077,19.03846153846154,18.96153846153846
New Zealand,2024,26,25.73076923076923,183.2692307692308,78.23076923076923,51.34615384615385,48.5,50.57692307692308,58.46153846153846,46.03846153846154,55.07692307692308,50.84615384615385,48.30769230769231,54.65384615384615,57.42307692307692,64.5,65.38461538461539,61.80769230769231,61.80769230769231,63.88461538461539,59.07692307692308,68.1923076923077,66.11538461538461,68.26923076923077,47.19230769230769,60.88461538461539,47.73076923076923,51.80769230769231,56.07692307692308,48.73076923076923,58.38461538461539,45.73076923076923,47.07692307692308,46.07692307692308,19.115384615384617,17.884615384615383,17.23076923076923,17.23076923076923,19.423076923076923
Niger,2024,1,20.0,187.0,65.0,13.0,5.0,14.0,18.0,6.0,6.0,12.0,13.0,22.0,14.0,25.0,32.0,39.0,41.0,39.0,41.0,34.0,23.0,35.0,6.0,21.0,10.0,8.0,38.0,19.0,33.0,6.0,10.0,14.0,58.0,53.0,54.0,56.0,57.0
Nigeria,2024,23,25.91304347826087,182.69565217391303,76.82608695652173,61.130434782608695,67.1304347826087,66.08695652173913,69.65217391304348,62.21739130434783,74.82608695652173,61.56521739130435,48.52173913043478,58.56521739130435,73.95652173913044,80.04347826086956,82.78260869565217,74.43478260869566,74.69565217391305,70.04347826086956,74.21739130434783,81.08695652173913,74.30434782608695,76.69565217391305,62.04347826086956,63.30434782608695,40.69565217391305,70.69565217391305,60.56521739130435,60.17391304347826,69.6086956521739,45.65217391304348,46.82608695652174,40.52173913043478,11.521739130434783,9.91304347826087,9.652173913043478,10.478260869565217,10.0
North Korea,2024,1,33.0,183.0,75.0,43.0,68.0,64.0,55.0,67.0,55.0,57.0,56.0,45.0,58.0,63.0,52.0,58.0,59.0,61.0,70.0,76.0,72.0,78.0,67.0,57.0,22.0,63.0,42.0,65.0,57.0,34.0,24.0,15.0,6.0,11.0,7.0,15.0,12.0
North Macedonia,2024,23,27.47826086956522,184.30434782608697,76.69565217391305,47.0,49.60869565217392,49.0,58.30434782608695,43.869565217391305,55.391304347826086,49.04347826086956,45.56521739130435,52.47826086956522,57.30434782608695,60.78260869565217,60.69565217391305,61.04347826086956,64.52173913043478,62.26086956521739,63.04347826086956,67.21739130434783,61.30434782608695,66.95652173913044,49.91304347826087,54.869565217391305,43.04347826086956,51.08695652173913,56.17391304347826,48.21739130434783,60.56521739130435,43.30434782608695,44.869565217391305,41.60869565217392,23.43478260869565,22.217391304347824,21.52173913043478,22.869565217391305,23.65217391304348
Northern Ireland,2024,26,29.57692307692308,181.8846153846154,74.1923076923077,53.0,49.15384615384615,56.0,61.92307692307692,44.61538461538461,56.84615384615385,49.69230769230769,44.80769230769231,58.11538461538461,60.46153846153846,59.84615384615385,59.73076923076923,63.69230769230769,65.1923076923077,65.34615384615384,59.61538461538461,68.0,64.96153846153847,67.0,50.15384615384615,64.11538461538461,52.23076923076923,51.76923076923077,59.88461538461539,50.19230769230769,63.11538461538461,52.96153846153846,51.11538461538461,49.73076923076923,17.423076923076923,16.76923076923077,16.076923076923077,17.384615384615383,17.692307692307693
Norway,2024,26,25.923076923076923,184.73076923076923,79.61538461538461,56.61538461538461,56.03846153846154,58.19230769230769,67.03846153846153,50.03846153846154,64.46153846153847,57.42307692307692,47.42307692307692,61.03846153846154,66.88461538461539,68.03846153846153,70.92307692307692,67.42307692307692,71.8076923076923,66.15384615384616,65.8076923076923,74.42307692307692,74.3076923076923,72.76923076923077,54.0,66.15384615384616,53.69230769230769,60.65384615384615,61.65384615384615,52.03846153846154,68.53846153846153,54.30769230769231,53.96153846153846,50.0,17.692307692307693,17.576923076923077,17.846153846153847,16.23076923076923,16.346153846153847
Pakistan,2024,1,27.0,170.0,71.0,60.0,54.0,44.0,56.0,54.0,61.0,59.0,58.0,52.0,59.0,83.0,81.0,87.0,56.0,91.0,56.0,61.0,72.0,56.0,55.0,37.0,54.0,57.0,60.0,57.0,57.0,55.0,52.0,52.0,10.0,14.0,9.0,9.0,16.0
Palestine,2024,2,24.5,185.0,80.0,46.5,52.5,67.5,57.5,54.0,50.0,47.5,38.5,53.5,59.5,60.0,71.5,61.5,63.5,58.0,66.0,78.5,71.5,81.0,49.5,64.0,49.0,52.0,47.0,54.5,64.5,44.5,46.0,47.0,11.5,12.0,9.0,5.5,9.5
Panama,2024,15,27.466666666666665,178.33333333333334,73.33333333333333,51.4,56.13333333333333,57.93333333333333,62.6,46.6,61.8,50.333333333333336,46.53333333333333,56.2,64.93333333333334,69.06666666666666,70.06666666666666,67.2,61.93333333333333,69.2,60.6,69.06666666666666,67.6,67.53333333333333,53.86666666666667,56.8,45.0,61.86666666666667,56.0,53.333333333333336,62.86666666666667,43.4,46.06666666666667,43.93333333333333,10.333333333333334,9.733333333333333,10.333333333333334,9.333333333333334,10.0
Paraguay,2024,23,29.08695652173913,178.04347826086956,75.47826086956522,60.91304347826087,58.69565217391305,64.52173913043478,70.26086956521739,52.82608695652174,68.56521739130434,59.52173913043478,51.34782608695652,64.0,70.69565217391305,73.26086956521739,74.04347826086956,75.65217391304348,71.17391304347827,72.82608695652173,67.78260869565217,75.8695652173913,74.3913043478261,68.0,58.21739130434783,66.73913043478261,56.26086956521739,64.78260869565217,61.26086956521739,59.34782608695652,70.04347826086956,58.30434782608695,60.30434782608695,53.82608695652174,9.869565217391305,11.304347826086955,11.478260869565217,11.91304347826087,10.217391304347826
Peru,2024,23,30.565217391304348,178.3913043478261,73.56521739130434,54.78260869565217,55.95652173913044,54.95652173913044,65.91304347826087,50.73913043478261,61.60869565217392,55.78260869565217,54.26086956521739,61.17391304347826,65.08695652173913,67.17391304347827,66.6086956521739,68.52173913043478,68.95652173913044,69.73913043478261,68.52173913043478,70.78260869565217,66.95652173913044,66.30434782608695,55.91304347826087,63.21739130434783,51.60869565217392,57.08695652173913,60.391304347826086,58.65217391304348,67.08695652173913,49.78260869565217,49.21739130434783,47.52173913043478,18.52173913043478,19.347826086956523,17.73913043478261,19.0,18.47826086956522
Philippines,2024,5,28.6,183.2,78.6,50.8,44.8,41.0,56.6,39.0,56.4,47.4,35.0,53.0,58.6,73.0,73.6,71.8,65.0,70.4,54.0,66.0,64.4,63.4,43.2,48.0,52.2,49.6,55.4,49.4,60.4,50.2,50.8,49.2,21.8,18.8,19.2,22.6,21.4
Poland,2024,26,26.923076923076923,184.8846153846154,76.34615384615384,54.15384615384615,53.5,59.88461538461539,66.88461538461539,49.11538461538461,62.88461538461539,54.57692307692308,47.5,62.57692307692308,65.57692307692308,66.76923076923077,67.1923076923077,67.0,71.6923076923077,64.07692307692308,65.0,73.65384615384616,70.5,69.3076923076923,54.88461538461539,64.61538461538461,55.07692307692308,59.34615384615385,65.46153846153847,49.42307692307692,68.57692307692308,53.26923076923077,53.23076923076923,49.57692307692308,19.692307692307693,18.346153846153847,18.615384615384617,18.346153846153847,17.615384615384617
Portugal,2024,26,27.03846153846154,182.07692307692307,75.57692307692308,63.53846153846154,57.5,61.76923076923077,76.65384615384616,57.76923076923077,70.96153846153847,62.61538461538461,54.15384615384615,71.84615384615384,74.3076923076923,72.11538461538461,71.6923076923077,74.03846153846153,82.0,69.46153846153847,75.26923076923077,77.11538461538461,76.57692307692308,72.3076923076923,60.96153846153846,71.8076923076923,62.30769230769231,65.5,73.26923076923077,56.26923076923077,77.96153846153847,60.03846153846154,63.03846153846154,57.42307692307692,18.07692307692308,17.96153846153846,18.07692307692308,17.884615384615383,19.307692307692307
Puerto Rico,2024,2,25.0,175.0,72.0,54.5,41.5,49.5,53.0,41.0,57.5,48.5,32.5,52.5,57.0,70.5,72.0,67.5,55.0,75.5,46.0,58.0,55.5,57.0,38.0,46.5,40.5,51.5,55.5,39.5,49.0,42.5,46.0,44.5,8.0,14.5,13.0,7.5,7.5
Qatar,2024,26,27.807692307692307,179.07692307692307,71.88461538461539,49.65384615384615,44.65384615384615,53.57692307692308,57.80769230769231,44.5,56.03846153846154,52.30769230769231,41.53846153846154,55.0,59.15384615384615,66.88461538461539,67.92307692307692,64.8076923076923,62.5,64.23076923076923,55.61538461538461,67.76923076923077,66.11538461538461,63.26923076923077,47.15384615384615,56.76923076923077,48.15384615384615,49.92307692307692,55.53846153846154,44.19230769230769,59.46153846153846,46.76923076923077,47.65384615384615,46.69230769230769,16.53846153846154,16.846153846153847,16.26923076923077,15.384615384615383,16.5
Republic of Ireland,2024,26,25.384615384615383,182.53846153846155,74.26923076923077,52.19230769230769,51.23076923076923,57.80769230769231,65.3076923076923,46.88461538461539,60.5,49.84615384615385,43.57692307692308,59.96153846153846,63.0,67.88461538461539,67.5,67.1923076923077,68.42307692307692,66.65384615384616,63.38461538461539,72.15384615384616,67.76923076923077,66.84615384615384,50.5,60.19230769230769,51.76923076923077,54.15384615384615,59.61538461538461,51.84615384615385,64.5,52.84615384615385,53.34615384615385,51.0,18.0,17.384615384615383,17.423076923076923,17.53846153846154,18.0
Romania,2024,26,25.73076923076923,182.23076923076923,75.11538461538461,53.61538461538461,48.76923076923077,54.42307692307692,62.53846153846154,46.38461538461539,57.03846153846154,55.23076923076923,50.76923076923077,58.88461538461539,60.88461538461539,71.34615384615384,70.42307692307692,69.11538461538461,65.84615384615384,67.53846153846153,63.88461538461539,71.65384615384616,71.57692307692308,66.34615384615384,53.76923076923077,63.26923076923077,50.46153846153846,52.65384615384615,59.53846153846154,52.0,61.46153846153846,51.73076923076923,52.23076923076923,50.19230769230769,17.03846153846154,16.615384615384617,17.692307692307693,16.653846153846153,17.692307692307693
Russia,2024,18,26.666666666666668,184.33333333333331,76.27777777777777,48.66666666666666,48.66666666666666,46.94444444444444,60.388888888888886,45.0,53.05555555555556,48.22222222222222,45.77777777777778,55.22222222222222,57.388888888888886,63.333333333333336,61.44444444444444,62.833333333333336,64.5,61.5,63.77777777777778,66.16666666666667,59.94444444444444,65.11111111111111,49.27777777777778,51.72222222222222,45.333333333333336,50.44444444444444,59.77777777777778,48.11111111111112,56.22222222222222,39.888888888888886,45.22222222222222,42.72222222222222,23.83333333333333,24.166666666666668,24.55555555555556,25.0,25.166666666666668
Saint Kitts and Nevis,2024,3,29.33333333333333,187.0,77.0,55.333333333333336,48.333333333333336,57.66666666666666,60.333333333333336,45.333333333333336,60.0,52.66666666666666,44.333333333333336,54.333333333333336,61.0,65.66666666666667,67.0,63.66666666666666,60.66666666666666,58.333333333333336,55.0,68.0,63.0,72.0,47.66666666666666,61.66666666666666,56.333333333333336,53.66666666666666,54.66666666666666,47.0,60.66666666666666,57.66666666666666,57.66666666666666,51.66666666666666,12.0,9.0,8.0,11.0,9.666666666666666
Saint Lucia,2024,3,27.0,188.0,80.33333333333333,58.333333333333336,39.333333333333336,59.333333333333336,59.333333333333336,44.333333333333336,59.66666666666666,46.66666666666666,42.0,51.333333333333336,60.66666666666666,72.33333333333333,73.0,62.66666666666666,59.0,59.333333333333336,61.0,76.66666666666667,71.33333333333333,75.66666666666667,42.66666666666666,61.66666666666666,58.333333333333336,47.0,54.333333333333336,44.0,59.0,57.333333333333336,60.0,58.333333333333336,10.333333333333334,12.0,11.666666666666666,11.666666666666666,12.0
Saudi Arabia,2024,23,29.043478260869566,178.7826086956522,71.34782608695652,53.69565217391305,49.30434782608695,58.69565217391305,63.869565217391305,44.391304347826086,59.82608695652174,51.43478260869565,42.52173913043478,59.43478260869565,61.04347826086956,69.26086956521739,71.3913043478261,68.3913043478261,66.69565217391305,67.91304347826087,60.34782608695652,73.3913043478261,73.69565217391305,70.8695652173913,48.21739130434783,60.73913043478261,53.130434782608695,55.78260869565217,57.69565217391305,50.69565217391305,61.43478260869565,53.69565217391305,52.69565217391305,52.30434782608695,15.608695652173912,15.73913043478261,15.869565217391305,16.347826086956523,15.956521739130435
Scotland,2024,26,26.846153846153847,183.53846153846155,75.23076923076923,55.53846153846154,51.80769230769231,58.69230769230769,67.8076923076923,47.11538461538461,62.61538461538461,55.65384615384615,49.34615384615385,64.11538461538461,66.34615384615384,64.26923076923077,65.23076923076923,65.57692307692308,71.3076923076923,66.6923076923077,68.53846153846153,72.3076923076923,71.61538461538461,70.26923076923077,55.61538461538461,71.61538461538461,61.15384615384615,57.38461538461539,62.57692307692308,52.30769230769231,68.34615384615384,60.11538461538461,62.38461538461539,58.80769230769231,17.26923076923077,17.192307692307693,17.115384615384617,17.384615384615383,17.884615384615383
Senegal,2024,23,27.47826086956522,182.56521739130437,77.0,56.56521739130435,60.0,63.26086956521739,70.08695652173913,54.21739130434783,69.52173913043478,54.52173913043478,47.130434782608695,61.47826086956522,70.91304347826087,72.08695652173913,73.82608695652173,68.91304347826087,74.21739130434783,65.34782608695652,72.65217391304348,78.21739130434783,69.17391304347827,73.56521739130434,58.82608695652174,63.69565217391305,51.52173913043478,63.52173913043478,64.08695652173913,56.52173913043478,70.04347826086956,51.04347826086956,51.26086956521739,49.60869565217392,16.608695652173914,15.73913043478261,16.391304347826086,16.217391304347824,16.956521739130434
Serbia,2024,23,27.73913043478261,187.6086956521739,81.17391304347827,60.82608695652174,60.21739130434783,61.56521739130435,70.56521739130434,57.391304347826086,66.47826086956522,62.73913043478261,57.91304347826087,66.82608695652173,69.8695652173913,61.34782608695652,61.21739130434783,60.95652173913044,76.08695652173913,59.0,74.04347826086956,76.1304347826087,72.1304347826087,76.3913043478261,63.95652173913044,66.1304347826087,54.869565217391305,60.17391304347826,67.82608695652173,57.47826086956522,73.26086956521739,54.82608695652174,56.21739130434783,52.21739130434783,18.565217391304348,19.65217391304348,19.130434782608692,19.91304347826087,20.043478260869566
Sierra Leone,2024,12,26.0,180.91666666666663,73.83333333333333,56.75,53.25,56.0,60.833333333333336,49.333333333333336,66.16666666666667,52.0,42.333333333333336,48.833333333333336,64.58333333333333,78.75,79.75,74.25,61.41666666666666,71.0,60.0,71.5,70.75,66.83333333333333,52.25,62.583333333333336,40.16666666666666,59.91666666666666,53.833333333333336,53.91666666666666,60.583333333333336,43.66666666666666,41.0,39.25,10.083333333333334,8.583333333333334,10.166666666666666,9.166666666666666,10.25
Slovakia,2024,23,27.695652173913043,183.6086956521739,75.91304347826087,55.869565217391305,49.34782608695652,55.21739130434783,66.47826086956522,48.04347826086956,61.0,54.130434782608695,48.73913043478261,63.08695652173913,65.56521739130434,66.43478260869566,64.26086956521739,65.78260869565217,71.43478260869566,66.08695652173913,65.6086956521739,71.47826086956522,68.1304347826087,69.34782608695652,53.21739130434783,60.78260869565217,58.91304347826087,53.47826086956522,58.869565217391305,50.17391304347826,66.17391304347827,56.91304347826087,58.78260869565217,56.69565217391305,19.26086956521739,18.869565217391305,19.91304347826087,18.956521739130437,19.217391304347824
Slovenia,2024,23,27.47826086956522,184.2173913043478,78.1304347826087,52.26086956521739,52.56521739130435,55.04347826086956,65.52173913043478,50.04347826086956,60.130434782608695,54.69565217391305,50.0,61.52173913043478,65.0,64.82608695652173,64.17391304347827,64.3913043478261,69.43478260869566,62.26086956521739,66.0,72.52173913043478,67.04347826086956,71.82608695652173,54.65217391304348,59.21739130434783,50.95652173913044,57.26086956521739,63.60869565217392,51.04347826086956,67.0,50.43478260869565,49.56521739130435,47.82608695652174,19.73913043478261,18.608695652173918,18.47826086956522,19.043478260869566,19.30434782608696
South Africa,2024,19,23.84210526315789,177.57894736842104,71.42105263157895,52.578947368421055,54.21052631578947,55.05263157894737,61.94736842105263,48.05263157894737,63.05263157894737,51.36842105263158,44.36842105263158,55.05263157894737,65.57894736842105,72.63157894736842,72.89473684210526,70.15789473684211,60.21052631578947,72.57894736842105,59.578947368421055,65.36842105263158,69.10526315789474,60.26315789473684,50.1578947368421,56.05263157894737,42.94736842105263,57.47368421052632,57.05263157894737,52.526315789473685,61.68421052631579,47.21052631578947,47.1578947368421,42.68421052631579,10.842105263157896,11.473684210526317,11.421052631578949,10.947368421052632,11.947368421052632
South Korea,2024,23,28.47826086956522,182.0,75.47826086956522,52.56521739130435,55.43478260869565,53.34782608695652,65.56521739130434,54.69565217391305,60.869565217391305,55.391304347826086,51.391304347826086,58.04347826086956,63.91304347826087,69.73913043478261,69.0,70.8695652173913,71.30434782608695,70.56521739130434,65.6086956521739,71.65217391304348,72.04347826086956,66.69565217391305,56.56521739130435,59.69565217391305,48.130434782608695,60.21739130434783,64.47826086956522,54.26086956521739,68.26086956521739,45.130434782608695,46.391304347826086,42.21739130434783,22.47826086956522,20.130434782608692,19.565217391304348,20.91304347826087,21.17391304347826
South Sudan,2024,2,21.0,182.5,70.0,42.5,42.5,41.5,42.5,36.0,53.5,38.0,34.0,34.5,48.5,77.0,76.0,72.0,52.5,61.5,40.0,58.5,56.0,60.0,35.0,46.5,36.5,51.5,43.5,48.5,44.0,34.0,37.0,36.0,6.5,9.5,10.5,11.0,9.0
Spain,2024,26,26.153846153846157,182.80769230769232,75.65384615384616,62.84615384615385,56.80769230769231,64.8076923076923,77.6923076923077,52.57692307692308,68.46153846153847,61.96153846153846,50.30769230769231,72.3076923076923,75.57692307692308,69.76923076923077,69.15384615384616,69.61538461538461,80.42307692307692,67.38461538461539,68.38461538461539,76.88461538461539,73.07692307692308,70.0,56.76923076923077,63.46153846153846,61.38461538461539,62.88461538461539,71.07692307692308,54.03846153846154,74.96153846153847,60.15384615384615,60.23076923076923,56.61538461538461,18.423076923076923,18.23076923076923,17.807692307692307,19.384615384615383,18.423076923076923
Sri Lanka,2024,1,23.0,185.0,76.0,46.0,28.0,62.0,62.0,20.0,41.0,36.0,27.0,56.0,56.0,60.0,54.0,62.0,63.0,57.0,29.0,74.0,64.0,77.0,24.0,59.0,65.0,33.0,38.0,28.0,46.0,64.0,65.0,64.0,5.0,10.0,15.0,10.0,8.0
Sudan,2024,4,25.75,181.25,70.25,54.75,57.5,51.75,54.0,48.25,62.75,51.75,47.25,44.5,58.0,80.5,80.5,73.5,55.25,68.25,59.75,68.0,59.0,62.25,53.75,43.25,23.75,57.75,51.5,53.75,56.25,26.25,23.25,24.0,8.0,9.75,8.5,10.25,9.75
Suriname,2024,12,27.75,180.33333333333331,72.66666666666667,62.5,48.16666666666666,61.75,66.75,48.333333333333336,65.75,57.66666666666666,45.0,60.833333333333336,67.0,76.91666666666667,77.08333333333333,71.91666666666667,64.58333333333333,70.41666666666667,63.91666666666666,75.08333333333333,72.5,71.33333333333333,51.91666666666666,65.83333333333333,60.25,56.25,55.0,51.66666666666666,65.58333333333333,57.833333333333336,61.25,59.333333333333336,10.916666666666666,10.25,10.75,11.333333333333334,10.416666666666666
Sweden,2024,26,26.923076923076923,185.6153846153846,79.03846153846153,56.15384615384615,51.69230769230769,53.92307692307692,68.46153846153847,50.23076923076923,64.42307692307692,57.61538461538461,49.03846153846154,63.23076923076923,67.38461538461539,66.73076923076923,67.73076923076923,66.88461538461539,72.46153846153847,64.53846153846153,65.92307692307692,72.0,70.34615384615384,71.92307692307692,54.92307692307692,63.5,55.57692307692308,57.15384615384615,65.15384615384616,51.42307692307692,68.6923076923077,54.57692307692308,54.92307692307692,52.26923076923077,17.23076923076923,16.615384615384617,17.5,17.076923076923077,17.0
Switzerland,2024,23,28.91304347826087,184.8695652173913,82.43478260869566,54.26086956521739,48.30434782608695,53.95652173913044,65.43478260869566,46.130434782608695,58.0,52.56521739130435,50.130434782608695,61.47826086956522,63.04347826086956,65.21739130434783,68.52173913043478,63.30434782608695,76.08695652173913,63.391304347826086,70.04347826086956,77.0,65.82608695652173,76.6086956521739,52.52173913043478,60.869565217391305,53.47826086956522,52.56521739130435,65.6086956521739,48.391304347826086,69.30434782608695,52.60869565217392,54.26086956521739,51.04347826086956,28.73913043478261,27.91304347826087,26.565217391304348,27.82608695652174,29.217391304347824
Syria,2024,4,26.0,181.25,75.0,51.25,51.25,42.5,60.25,43.75,59.75,53.5,40.25,57.5,59.75,72.5,70.5,72.0,58.25,71.75,56.75,62.75,64.75,67.5,51.5,66.0,51.75,51.75,57.0,47.0,58.75,49.25,47.25,41.0,9.75,8.5,11.75,9.75,10.25
São Tomé and Príncipe,2024,1,20.0,173.0,69.0,55.0,31.0,50.0,54.0,33.0,57.0,34.0,38.0,50.0,59.0,78.0,76.0,70.0,54.0,74.0,34.0,69.0,71.0,64.0,35.0,50.0,54.0,52.0,43.0,40.0,41.0,52.0,57.0,52.0,11.0,9.0,14.0,13.0,5.0
Taiwan,2024,3,26.666666666666668,180.33333333333331,71.0,55.333333333333336,50.0,48.0,56.333333333333336,45.0,63.66666666666666,44.0,47.66666666666666,56.0,62.333333333333336,71.0,72.0,70.0,63.0,73.66666666666667,53.333333333333336,63.0,68.66666666666667,66.0,45.66666666666666,55.66666666666666,51.66666666666666,55.66666666666666,52.66666666666666,48.66666666666666,55.0,55.333333333333336,61.66666666666666,56.333333333333336,11.333333333333334,10.333333333333334,9.0,11.0,10.333333333333334
Tanzania,2024,2,25.5,179.0,74.0,55.0,67.0,64.0,59.0,65.0,66.5,57.5,48.5,43.5,59.0,76.5,78.5,64.5,59.0,73.5,71.5,71.5,57.5,60.0,62.0,49.0,18.5,66.5,58.0,63.5,60.0,27.0,25.0,22.5,11.5,14.0,9.0,9.5,8.5
Thailand,2024,1,23.0,185.0,80.0,54.0,28.0,53.0,50.0,29.0,59.0,49.0,30.0,42.0,61.0,72.0,73.0,66.0,57.0,57.0,41.0,68.0,74.0,69.0,31.0,55.0,58.0,49.0,42.0,34.0,46.0,55.0,60.0,57.0,10.0,9.0,11.0,8.0,11.0
Togo,2024,13,26.07692307692308,180.07692307692307,75.3076923076923,56.23076923076923,51.92307692307692,62.76923076923077,62.46153846153846,51.53846153846154,62.46153846153846,51.23076923076923,45.30769230769231,51.69230769230769,65.38461538461539,73.07692307692308,74.84615384615384,68.38461538461539,64.3076923076923,67.38461538461539,66.07692307692308,77.15384615384616,68.84615384615384,72.76923076923077,51.38461538461539,59.53846153846154,42.30769230769231,57.0,52.46153846153846,52.38461538461539,61.38461538461539,44.46153846153846,44.84615384615385,43.38461538461539,9.307692307692308,10.76923076923077,10.538461538461538,11.307692307692308,9.923076923076923
Trinidad and Tobago,2024,5,25.8,179.6,79.4,46.8,45.0,46.8,57.0,41.4,52.8,49.6,46.2,52.8,54.2,64.8,61.6,61.8,61.2,64.8,58.8,67.6,54.2,70.4,46.4,55.4,37.4,48.0,52.0,44.6,53.2,36.2,40.2,37.8,18.2,17.0,18.2,19.4,22.2
Tunisia,2024,23,27.08695652173913,182.4782608695652,75.91304347826087,58.26086956521739,55.869565217391305,55.391304347826086,67.34782608695652,49.17391304347826,65.26086956521739,58.0,51.95652173913044,61.47826086956522,66.91304347826087,67.8695652173913,68.56521739130434,68.47826086956522,66.82608695652173,65.91304347826087,65.65217391304348,68.56521739130434,69.52173913043478,66.73913043478261,57.60869565217392,63.95652173913044,55.52173913043478,60.130434782608695,62.56521739130435,54.60869565217392,67.1304347826087,54.130434782608695,56.56521739130435,54.34782608695652,13.434782608695652,13.217391304347826,11.73913043478261,13.608695652173912,13.478260869565217
Turkey,2024,23,26.26086956521739,183.08695652173915,77.17391304347827,52.391304347826086,49.34782608695652,53.0,65.73913043478261,49.391304347826086,61.43478260869565,55.65217391304348,49.130434782608695,63.0,63.391304347826086,66.73913043478261,67.1304347826087,68.69565217391305,72.95652173913044,67.04347826086956,66.34782608695652,71.43478260869566,65.73913043478261,68.47826086956522,51.69565217391305,61.60869565217392,51.69565217391305,52.04347826086956,65.6086956521739,51.21739130434783,68.52173913043478,51.26086956521739,52.30434782608695,48.95652173913044,24.91304347826087,24.26086956521739,23.91304347826087,24.347826086956523,24.043478260869566
Uganda,2024,4,23.5,177.75,75.5,53.0,38.0,55.75,58.25,34.5,55.25,42.75,34.0,52.75,57.5,73.0,71.75,63.5,55.75,71.0,50.5,67.5,66.75,65.5,41.0,59.5,55.25,49.25,47.75,39.25,52.75,53.75,56.5,55.25,9.75,11.5,11.75,10.5,10.0
Ukraine,2024,26,26.73076923076923,183.3846153846154,75.1923076923077,55.88461538461539,52.76923076923077,57.0,68.61538461538461,46.61538461538461,61.80769230769231,53.19230769230769,48.5,63.46153846153846,64.5,67.96153846153847,69.1923076923077,63.88461538461539,71.84615384615384,63.84615384615385,65.57692307692308,71.07692307692308,65.38461538461539,66.92307692307692,54.88461538461539,60.80769230769231,51.96153846153846,56.23076923076923,62.92307692307692,50.65384615384615,66.88461538461539,53.57692307692308,54.46153846153846,50.69230769230769,17.692307692307693,17.192307692307693,18.0,18.07692307692308,17.884615384615383
United Arab Emirates,2024,16,25.375,178.75,72.5625,41.75,33.125,46.4375,50.6875,34.6875,46.4375,42.625,34.0,49.1875,50.3125,61.25,62.8125,58.6875,57.5,65.4375,48.75,63.0,61.6875,63.9375,34.375,52.125,47.5,37.9375,49.0625,35.9375,53.125,46.0625,47.625,46.6875,20.8125,19.25,18.75,19.5625,20.1875
United States,2024,26,24.307692307692307,181.96153846153845,76.11538461538461,54.19230769230769,53.96153846153846,55.46153846153846,67.6923076923077,48.23076923076923,65.15384615384616,54.07692307692308,44.92307692307692,62.73076923076923,67.26923076923077,72.23076923076923,72.6923076923077,71.88461538461539,71.5,66.92307692307692,62.73076923076923,73.76923076923077,72.23076923076923,69.34615384615384,53.30769230769231,62.57692307692308,54.76923076923077,58.69230769230769,63.61538461538461,50.0,67.15384615384616,52.30769230769231,55.76923076923077,51.76923076923077,18.384615384615383,17.692307692307693,17.96153846153846,17.26923076923077,18.07692307692308
Uruguay,2024,23,28.52173913043478,181.3913043478261,75.34782608695652,59.95652173913044,59.30434782608695,63.21739130434783,72.3913043478261,54.26086956521739,67.30434782608695,61.34782608695652,54.82608695652174,67.82608695652173,70.82608695652173,69.3913043478261,69.08695652173913,66.6086956521739,77.65217391304348,64.78260869565217,72.0,76.8695652173913,75.1304347826087,74.78260869565217,59.130434782608695,73.8695652173913,63.56521739130435,63.34782608695652,67.82608695652173,58.65217391304348,74.30434782608695,62.56521739130435,63.95652173913044,60.73913043478261,16.0,15.826086956521738,16.043478260869566,17.782608695652176,16.0
Uzbekistan,2024,5,25.4,182.8,74.8,49.4,51.0,61.8,62.8,46.6,57.4,54.4,51.0,59.0,63.6,67.4,69.6,64.6,62.6,65.4,59.8,72.6,67.0,67.6,52.8,64.8,58.4,54.8,56.4,52.2,62.8,56.4,57.8,54.4,11.2,11.4,9.0,10.0,9.4
Vanuatu,2024,1,29.0,180.0,84.0,45.0,45.0,68.0,58.0,33.0,48.0,45.0,61.0,57.0,59.0,77.0,88.0,56.0,58.0,59.0,85.0,88.0,80.0,87.0,52.0,87.0,59.0,47.0,54.0,46.0,68.0,57.0,64.0,69.0,7.0,14.0,16.0,9.0,10.0
Venezuela,2024,23,28.30434782608696,179.2173913043478,74.91304347826087,52.04347826086956,54.78260869565217,55.56521739130435,62.26086956521739,48.04347826086956,60.95652173913044,51.47826086956522,50.30434782608695,55.17391304347826,63.56521739130435,65.17391304347827,67.17391304347827,67.30434782608695,68.3913043478261,67.73913043478261,65.26086956521739,72.17391304347827,66.73913043478261,71.47826086956522,53.73913043478261,60.30434782608695,42.869565217391305,55.34782608695652,60.30434782608695,55.26086956521739,62.869565217391305,45.0,45.0,43.30434782608695,17.565217391304348,18.43478260869565,16.695652173913043,18.043478260869566,18.565217391304348
Wales,2024,26,25.846153846153847,182.3846153846154,75.38461538461539,55.5,50.07692307692308,52.92307692307692,64.5,45.69230769230769,61.11538461538461,54.76923076923077,46.5,59.23076923076923,64.1923076923077,67.1923076923077,68.5,67.53846153846153,68.61538461538461,68.61538461538461,62.07692307692308,68.07692307692308,65.42307692307692,64.23076923076923,50.53846153846154,59.61538461538461,51.76923076923077,53.65384615384615,59.15384615384615,50.61538461538461,65.15384615384616,52.19230769230769,55.23076923076923,51.42307692307692,16.96153846153846,17.192307692307693,16.692307692307693,17.192307692307693,17.615384615384617
Zambia,2024,8,24.5,177.75,74.125,52.75,57.5,55.375,59.0,56.25,66.0,51.875,42.5,48.375,66.25,84.25,85.0,76.875,64.875,73.5,62.75,71.5,71.25,59.875,53.25,52.125,39.75,58.75,53.625,58.125,56.625,38.125,40.25,34.0,10.625,9.25,9.25,11.375,9.625
Zimbabwe,2024,13,26.923076923076923,181.46153846153845,74.46153846153847,50.30769230769231,55.61538461538461,61.07692307692308,61.92307692307692,46.69230769230769,61.84615384615385,51.84615384615385,43.53846153846154,54.46153846153846,62.84615384615385,71.76923076923077,70.23076923076923,67.46153846153847,65.3076923076923,67.46153846153847,61.76923076923077,72.92307692307692,70.0,70.0,52.84615384615385,63.53846153846154,50.15384615384615,60.23076923076923,57.53846153846154,51.69230769230769,61.84615384615385,47.0,51.30769230769231,46.84615384615385,10.846153846153848,10.076923076923077,10.0,9.923076923076923,9.923076923076923
Albania,2025,23,27.217391304347824,182.2608695652174,73.8695652173913,54.69565217391305,50.0,58.391304347826086,65.56521739130434,43.91304347826087,61.391304347826086,51.52173913043478,46.52173913043478,59.52173913043478,63.91304347826087,65.21739130434783,66.91304347826087,64.73913043478261,69.21739130434783,66.56521739130434,65.82608695652173,71.08695652173913,67.82608695652173,67.73913043478261,52.34782608695652,66.34782608695652,53.34782608695652,54.91304347826087,58.391304347826086,50.21739130434783,66.47826086956522,53.47826086956522,55.0,51.52173913043478,72.0,71.0,70.5,71.5,74.0
Algeria,2025,23,27.565217391304348,178.56521739130434,72.26086956521739,66.21739130434783,63.869565217391305,58.17391304347826,73.0,57.73913043478261,73.47826086956522,67.08695652173913,61.04347826086956,69.47826086956522,73.65217391304348,70.78260869565217,67.95652173913044,74.8695652173913,73.34782608695652,74.3913043478261,71.3913043478261,71.47826086956522,73.26086956521739,65.78260869565217,65.21739130434783,65.69565217391305,56.95652173913044,67.1304347826087,69.26086956521739,62.69565217391305,72.6086956521739,57.65217391304348,58.78260869565217,55.65217391304348,72.0,70.0,70.0,74.0,73.0
Andorra,2025,1,23.0,190.0,78.0,20.0,7.0,10.0,28.0,10.0,8.0,12.0,12.0,26.0,20.0,41.0,33.0,48.0,59.0,45.0,50.0,58.0,35.0,60.0,20.0,18.0,18.0,6.0,57.0,13.0,55.0,6.0,14.0,10.0,67.0,66.0,67.0,68.0,68.0
Angola,2025,23,26.30434782608696,180.04347826086956,75.6086956521739,57.04347826086956,54.69565217391305,57.21739130434783,65.73913043478261,51.69565217391305,67.30434782608695,56.869565217391305,46.73913043478261,59.21739130434783,69.0,75.73913043478261,74.91304347826087,69.78260869565217,65.73913043478261,67.08695652173913,64.34782608695652,70.65217391304348,71.1304347826087,66.04347826086956,55.30434782608695,62.08695652173913,51.47826086956522,60.26086956521739,57.391304347826086,55.21739130434783,64.91304347826087,51.17391304347826,52.30434782608695,51.0,,,,,
Antigua and Barbuda,2025,3,30.33333333333333,179.66666666666666,76.66666666666667,45.0,38.0,34.666666666666664,50.66666666666666,31.33333333333333,45.0,44.0,34.666666666666664,48.333333333333336,46.333333333333336,69.33333333333333,69.0,66.33333333333333,58.0,63.0,50.0,67.33333333333333,54.0,65.66666666666667,41.66666666666666,42.0,39.0,38.333333333333336,51.66666666666666,38.66666666666666,46.66666666666666,42.66666666666666,43.0,40.0,59.0,59.0,56.0,59.0,61.0
Argentina,2025,23,29.130434782608692,178.7391304347826,74.34782608695652,64.08695652173913,63.08695652173913,62.0,77.47826086956522,62.17391304347826,71.30434782608695,69.17391304347827,59.26086956521739,73.47826086956522,75.56521739130434,71.95652173913044,69.56521739130434,74.56521739130434,82.34782608695652,75.1304347826087,74.21739130434783,77.17391304347827,73.43478260869566,71.26086956521739,65.17391304347827,72.17391304347827,59.95652173913044,67.47826086956522,76.26086956521739,62.04347826086956,79.6086956521739,58.65217391304348,61.56521739130435,56.17391304347826,82.66666666666667,80.33333333333333,80.33333333333333,83.33333333333333,83.33333333333333
Armenia,2025,11,28.454545454545453,180.0909090909091,74.72727272727273,59.18181818181818,59.09090909090909,57.63636363636363,66.81818181818181,55.0,67.18181818181819,59.72727272727273,51.45454545454545,60.45454545454545,68.45454545454545,69.63636363636364,68.27272727272727,73.45454545454545,64.36363636363636,72.18181818181819,64.81818181818181,68.9090909090909,69.45454545454545,66.18181818181819,58.90909090909091,58.72727272727273,43.36363636363637,60.63636363636363,61.90909090909091,57.63636363636363,64.0,48.27272727272727,45.27272727272727,40.90909090909091,,,,,
Australia,2025,23,27.782608695652176,181.65217391304347,75.3913043478261,50.73913043478261,51.391304347826086,53.91304347826087,64.52173913043478,48.04347826086956,58.34782608695652,52.0,46.95652173913044,60.26086956521739,62.47826086956522,67.73913043478261,67.04347826086956,68.21739130434783,68.3913043478261,68.04347826086956,62.30434782608695,73.65217391304348,71.1304347826087,72.52173913043478,52.391304347826086,63.95652173913044,55.130434782608695,54.65217391304348,61.82608695652174,49.73913043478261,66.78260869565217,51.869565217391305,55.69565217391305,52.95652173913044,72.0,70.66666666666667,71.33333333333333,71.0,73.0
Austria,2025,23,28.52173913043478,183.91304347826087,80.1304347826087,67.30434782608695,61.04347826086956,67.8695652173913,75.73913043478261,57.78260869565217,72.1304347826087,64.8695652173913,59.56521739130435,71.8695652173913,75.56521739130434,69.26086956521739,69.78260869565217,68.08695652173913,76.95652173913044,68.08695652173913,70.82608695652173,76.8695652173913,73.8695652173913,74.30434782608695,65.04347826086956,69.91304347826087,62.69565217391305,68.73913043478261,70.30434782608695,59.82608695652174,73.95652173913044,65.08695652173913,64.08695652173913,61.04347826086956,,,,,
Azerbaijan,2025,12,27.0,183.16666666666663,76.66666666666667,48.75,44.333333333333336,57.16666666666666,62.0,39.75,60.66666666666666,50.41666666666666,40.41666666666666,57.25,64.75,68.16666666666667,66.91666666666667,63.41666666666666,61.41666666666666,61.0,57.583333333333336,67.83333333333333,65.08333333333333,66.08333333333333,45.75,56.91666666666666,50.66666666666666,52.583333333333336,49.75,46.0,63.25,51.0,53.41666666666666,50.75,,,,,
Barbados,2025,2,26.0,173.5,67.0,60.0,60.0,48.5,57.0,52.0,63.5,55.0,51.0,50.0,64.0,74.5,73.0,66.0,54.0,75.5,60.5,54.0,63.5,44.0,53.0,39.5,23.0,57.0,53.0,57.0,55.5,22.0,29.5,28.0,,,,,
Belarus,2025,3,26.33333333333333,182.0,76.66666666666667,51.333333333333336,63.66666666666666,60.333333333333336,61.333333333333336,53.333333333333336,66.33333333333333,48.333333333333336,42.0,50.66666666666666,67.66666666666667,71.66666666666667,68.66666666666667,69.0,62.66666666666666,69.66666666666667,60.66666666666666,71.33333333333333,72.33333333333333,67.66666666666667,56.66666666666666,57.333333333333336,28.666666666666668,66.33333333333333,62.0,60.0,59.333333333333336,33.666666666666664,31.0,27.0,,,,,
Belgium,2025,23,29.39130434782609,184.7391304347826,78.6086956521739,65.78260869565217,64.78260869565217,59.0,73.52173913043478,61.21739130434783,70.17391304347827,67.08695652173913,58.391304347826086,69.3913043478261,73.04347826086956,66.26086956521739,67.8695652173913,68.91304347826087,79.30434782608695,66.56521739130434,74.73913043478261,74.73913043478261,70.47826086956522,71.78260869565217,65.65217391304348,60.21739130434783,47.95652173913044,68.30434782608695,73.08695652173913,63.52173913043478,76.69565217391305,49.91304347826087,50.34782608695652,45.95652173913044,81.33333333333333,81.0,74.33333333333333,84.0,85.0
Benin,2025,11,26.818181818181817,184.0909090909091,76.27272727272727,50.90909090909091,51.90909090909091,64.63636363636364,64.0909090909091,46.72727272727273,62.09090909090909,50.45454545454545,41.36363636363637,57.63636363636363,64.0909090909091,63.27272727272727,67.45454545454545,64.63636363636364,62.90909090909091,62.45454545454545,62.72727272727273,73.63636363636364,66.0,73.18181818181819,53.36363636363637,63.54545454545455,47.72727272727273,54.72727272727273,55.09090909090909,51.54545454545455,64.9090909090909,47.27272727272727,53.27272727272727,48.81818181818182,,,,,
Bermuda,2025,1,34.0,170.0,69.0,60.0,69.0,68.0,66.0,68.0,67.0,67.0,67.0,53.0,67.0,73.0,73.0,76.0,69.0,75.0,69.0,73.0,69.0,61.0,65.0,68.0,49.0,70.0,68.0,68.0,68.0,35.0,43.0,35.0,,,,,
Bolivia,2025,23,30.52173913043478,177.82608695652175,72.78260869565217,51.73913043478261,50.869565217391305,50.65217391304348,60.17391304347826,41.391304347826086,57.69565217391305,47.82608695652174,52.69565217391305,54.30434782608695,59.52173913043478,63.91304347826087,64.95652173913044,63.73913043478261,63.0,66.1304347826087,58.869565217391305,62.65217391304348,69.34782608695652,57.95652173913044,53.91304347826087,52.869565217391305,48.08695652173913,54.43478260869565,59.34782608695652,56.17391304347826,56.60869565217392,49.869565217391305,51.21739130434783,48.17391304347826,70.0,69.0,64.66666666666667,70.66666666666667,71.33333333333333
Bosnia and Herzegovina,2025,23,29.43478260869565,185.6086956521739,78.43478260869566,55.04347826086956,54.08695652173913,60.04347826086956,67.73913043478261,51.08695652173913,61.130434782608695,53.52173913043478,48.08695652173913,62.69565217391305,66.91304347826087,59.17391304347826,63.130434782608695,61.47826086956522,71.69565217391305,58.95652173913044,67.65217391304348,71.52173913043478,71.56521739130434,73.1304347826087,55.08695652173913,67.56521739130434,54.47826086956522,59.0,62.82608695652174,52.130434782608695,68.69565217391305,53.08695652173913,53.52173913043478,50.52173913043478,70.0,70.5,64.0,74.0,72.5
Brazil,2025,23,27.52173913043478,181.43478260869568,75.95652173913044,67.73913043478261,66.1304347826087,66.78260869565217,79.43478260869566,59.95652173913044,75.82608695652173,68.6086956521739,56.869565217391305,75.17391304347827,79.1304347826087,75.56521739130434,77.04347826086956,74.43478260869566,82.65217391304348,69.78260869565217,75.52173913043478,79.82608695652173,76.78260869565217,72.65217391304348,64.30434782608695,70.56521739130434,57.73913043478261,70.47826086956522,75.56521739130434,65.8695652173913,79.82608695652173,59.0,58.869565217391305,53.91304347826087,86.5,83.5,88.0,88.0,88.0
Bulgaria,2025,21,26.666666666666668,183.1904761904762,76.04761904761905,50.38095238095238,44.19047619047619,50.61904761904762,62.285714285714285,44.61904761904762,57.47619047619048,48.285714285714285,45.71428571428572,58.142857142857146,60.61904761904762,66.19047619047619,64.76190476190476,63.42857142857143,63.71428571428572,65.04761904761905,58.57142857142857,65.04761904761905,65.0,67.04761904761905,50.19047619047619,62.285714285714285,55.333333333333336,52.42857142857143,55.61904761904762,48.47619047619048,61.42857142857143,52.23809523809524,55.47619047619048,54.80952380952381,68.0,65.0,58.0,69.0,71.0
Burkina Faso,2025,17,23.529411764705884,181.7058823529412,76.17647058823529,48.64705882352941,49.76470588235294,56.47058823529412,59.8235294117647,43.52941176470589,60.88235294117647,47.41176470588236,40.1764705882353,51.64705882352941,63.05882352941177,72.6470588235294,72.94117647058823,66.94117647058823,62.88235294117647,66.3529411764706,57.64705882352941,71.05882352941177,60.1764705882353,67.3529411764706,46.11764705882353,53.94117647058823,43.64705882352941,51.23529411764706,56.11764705882353,49.8235294117647,60.05882352941177,39.294117647058826,43.76470588235294,41.35294117647059,75.0,69.0,68.0,67.0,76.0
Burundi,2025,5,26.0,183.8,79.2,49.2,37.2,61.4,60.2,34.6,55.8,46.4,38.8,55.4,60.2,68.4,71.2,60.2,63.2,64.6,54.8,76.6,71.6,79.0,39.2,64.4,62.6,47.0,50.4,42.2,60.0,63.4,65.4,61.8,,,,,
Cameroon,2025,23,26.73913043478261,182.2608695652174,79.08695652173913,55.130434782608695,56.08695652173913,63.73913043478261,68.65217391304348,53.130434782608695,67.73913043478261,56.43478260869565,46.0,62.26086956521739,70.3913043478261,71.78260869565217,75.52173913043478,71.43478260869566,69.17391304347827,68.6086956521739,68.17391304347827,79.52173913043478,74.34782608695652,78.47826086956522,57.0,67.78260869565217,53.78260869565217,62.52173913043478,62.60869565217392,57.391304347826086,69.82608695652173,54.391304347826086,53.21739130434783,51.04347826086956,83.0,75.0,87.0,79.0,86.0
Canada,2025,23,26.608695652173918,182.08695652173915,76.78260869565217,54.65217391304348,52.82608695652174,54.34782608695652,64.65217391304348,46.391304347826086,62.17391304347826,53.82608695652174,43.47826086956522,58.65217391304348,64.8695652173913,68.47826086956522,69.34782608695652,67.08695652173913,69.04347826086956,61.95652173913044,64.95652173913044,72.52173913043478,70.08695652173913,70.56521739130434,52.08695652173913,61.30434782608695,51.56521739130435,57.869565217391305,63.391304347826086,50.21739130434783,66.1304347826087,50.869565217391305,52.65217391304348,48.91304347826087,71.33333333333333,67.33333333333333,60.333333333333336,70.0,73.33333333333333
Cape Verde,2025,22,27.318181818181817,181.1818181818182,75.54545454545455,57.13636363636363,53.0,56.86363636363637,62.63636363636363,49.04545454545455,65.0909090909091,54.27272727272727,47.22727272727273,57.86363636363637,64.77272727272727,70.5,70.81818181818181,68.81818181818181,65.72727272727273,66.45454545454545,64.18181818181819,71.95454545454545,64.81818181818181,69.81818181818181,51.5,61.0,44.90909090909091,58.86363636363637,59.13636363636363,54.18181818181818,63.54545454545455,45.86363636363637,46.77272727272727,44.45454545454545,75.0,73.0,69.0,73.0,76.0
Central African Republic,2025,5,27.4,185.8,76.6,41.6,45.6,54.6,56.4,41.4,51.6,42.4,41.6,50.8,57.4,59.2,62.4,63.2,60.6,57.4,59.8,71.8,58.2,74.4,47.0,53.8,49.2,48.2,52.4,42.2,58.0,47.0,50.6,46.8,66.0,59.0,62.0,65.0,71.0
Chad,2025,1,26.0,190.0,85.0,35.0,73.0,65.0,53.0,63.0,66.0,48.0,52.0,46.0,64.0,69.0,76.0,72.0,64.0,58.0,73.0,80.0,64.0,83.0,70.0,64.0,26.0,68.0,54.0,74.0,64.0,31.0,26.0,22.0,,,,,
Chile,2025,23,30.0,179.2173913043478,75.82608695652173,56.56521739130435,55.65217391304348,56.95652173913044,69.8695652173913,46.391304347826086,63.73913043478261,52.56521739130435,50.78260869565217,67.52173913043478,68.65217391304348,65.1304347826087,65.82608695652173,67.69565217391305,70.43478260869566,69.0,66.0,71.43478260869566,70.08695652173913,71.78260869565217,56.08695652173913,65.95652173913044,55.78260869565217,61.130434782608695,66.52173913043478,57.21739130434783,70.0,56.52173913043478,58.0,55.60869565217392,74.5,72.5,73.0,73.0,76.0
China,2025,23,31.30434782608696,182.65217391304347,75.6086956521739,49.43478260869565,44.26086956521739,50.17391304347826,56.56521739130435,44.34782608695652,55.30434782608695,50.08695652173913,47.52173913043478,55.30434782608695,56.82608695652174,70.47826086956522,70.17391304347827,70.1304347826087,64.82608695652173,67.69565217391305,59.47826086956522,73.65217391304348,69.43478260869566,69.6086956521739,47.56521739130435,56.73913043478261,46.34782608695652,50.04347826086956,59.47826086956522,48.30434782608695,63.21739130434783,45.52173913043478,45.73913043478261,43.26086956521739,68.8,68.0,65.2,68.2,69.8
Colombia,2025,23,29.43478260869565,179.91304347826087,77.08695652173913,60.08695652173913,62.21739130434783,62.91304347826087,71.08695652173913,55.91304347826087,69.47826086956522,60.47826086956522,53.56521739130435,64.95652173913044,71.91304347826087,73.04347826086956,73.30434782608695,69.95652173913044,73.78260869565217,67.95652173913044,74.34782608695652,77.73913043478261,69.26086956521739,71.78260869565217,62.130434782608695,65.43478260869566,47.34782608695652,64.82608695652173,65.69565217391305,60.52173913043478,71.43478260869566,52.0,49.47826086956522,47.34782608695652,76.0,74.0,73.5,79.5,78.0
Congo,2025,12,25.666666666666668,183.0,76.5,47.41666666666666,58.0,60.66666666666666,61.5,48.91666666666666,65.16666666666667,47.0,37.583333333333336,53.0,65.5,71.66666666666667,72.41666666666667,68.91666666666667,62.0,63.75,64.91666666666667,73.75,70.08333333333333,70.66666666666667,54.91666666666666,55.5,41.91666666666666,59.583333333333336,56.5,54.5,60.41666666666666,39.66666666666666,43.16666666666666,39.583333333333336,,,,,
Costa Rica,2025,14,25.285714285714285,178.92857142857142,73.78571428571429,44.35714285714285,46.35714285714285,51.285714285714285,60.07142857142857,38.92857142857143,54.07142857142857,40.85714285714285,39.57142857142857,51.5,59.21428571428572,67.92857142857143,68.21428571428571,64.78571428571429,61.71428571428572,67.78571428571429,52.5,64.64285714285714,58.71428571428572,61.142857142857146,42.0,52.57142857142857,45.21428571428572,50.71428571428572,49.92857142857143,45.57142857142857,56.142857142857146,45.42857142857143,48.57142857142857,43.42857142857143,74.0,65.0,67.0,61.0,66.0
Croatia,2025,23,28.130434782608692,182.30434782608697,77.17391304347827,62.26086956521739,60.73913043478261,60.52173913043478,75.6086956521739,59.82608695652174,72.43478260869566,62.91304347826087,59.17391304347826,70.17391304347827,76.0,70.0,66.69565217391305,71.43478260869566,76.08695652173913,67.78260869565217,73.8695652173913,75.6086956521739,71.78260869565217,72.26086956521739,62.26086956521739,68.08695652173913,56.391304347826086,64.21739130434783,72.04347826086956,62.69565217391305,75.8695652173913,56.52173913043478,58.52173913043478,53.47826086956522,79.0,74.0,73.5,76.5,81.0
Cuba,2025,4,29.0,178.0,77.0,52.0,46.75,34.5,54.25,41.25,53.5,46.0,39.25,50.0,54.75,69.0,67.25,68.0,61.25,63.25,60.75,61.0,55.5,62.75,41.5,46.5,28.5,49.5,61.75,42.5,55.0,34.0,34.0,28.25,66.0,64.0,72.0,64.0,67.0
Curaçao,2025,10,26.1,181.5,74.1,56.1,46.7,57.8,62.4,48.2,61.0,54.6,48.6,57.0,62.9,72.2,71.7,69.1,62.8,66.8,61.0,70.0,68.6,68.8,46.9,69.3,58.3,55.1,55.6,54.0,61.7,56.5,58.9,55.0,,,,,
Cyprus,2025,15,24.933333333333334,182.2,75.26666666666667,45.13333333333333,46.8,50.53333333333333,58.53333333333333,41.66666666666666,55.66666666666666,47.266666666666666,39.8,51.53333333333333,58.6,64.93333333333334,67.0,63.53333333333333,61.2,66.66666666666667,58.0,63.73333333333333,66.13333333333334,62.0,48.4,55.93333333333333,47.4,51.333333333333336,54.46666666666667,43.2,56.53333333333333,45.86666666666667,49.6,46.66666666666666,70.0,65.0,62.5,67.0,69.5
Czech Republic,2025,23,26.65217391304348,185.65217391304347,80.26086956521739,58.47826086956522,58.04347826086956,66.65217391304348,69.30434782608695,58.0,66.21739130434783,57.17391304347826,52.69565217391305,64.34782608695652,69.91304347826087,67.52173913043478,65.91304347826087,62.56521739130435,74.43478260869566,62.65217391304348,70.17391304347827,79.21739130434783,71.56521739130434,75.6086956521739,59.869565217391305,70.1304347826087,51.869565217391305,65.08695652173913,65.78260869565217,55.78260869565217,70.43478260869566,52.30434782608695,53.30434782608695,51.47826086956522,74.0,74.0,78.0,77.0,77.0
DR Congo,2025,23,28.52173913043478,179.8695652173913,75.65217391304348,59.60869565217392,58.52173913043478,61.0,67.95652173913044,55.30434782608695,68.65217391304348,55.30434782608695,48.52173913043478,62.52173913043478,69.91304347826087,75.1304347826087,75.65217391304348,72.91304347826087,70.8695652173913,72.52173913043478,67.82608695652173,76.69565217391305,74.65217391304348,72.30434782608695,59.52173913043478,61.43478260869565,50.869565217391305,63.21739130434783,63.60869565217392,54.60869565217392,68.26086956521739,48.47826086956522,50.30434782608695,47.34782608695652,73.0,69.0,72.0,72.0,75.0
Denmark,2025,23,27.30434782608696,186.34782608695653,78.95652173913044,57.78260869565217,57.69565217391305,60.391304347826086,71.47826086956522,54.47826086956522,64.91304347826087,61.43478260869565,54.21739130434783,67.69565217391305,69.52173913043478,64.1304347826087,63.47826086956522,64.26086956521739,77.08695652173913,64.30434782608695,71.65217391304348,75.69565217391305,72.91304347826087,74.3913043478261,59.52173913043478,66.30434782608695,57.34782608695652,62.26086956521739,68.65217391304348,52.78260869565217,71.95652173913044,56.73913043478261,57.0,51.60869565217392,77.0,77.0,75.0,78.66666666666667,78.66666666666667
Dominican Republic,2025,4,22.25,185.5,72.25,49.5,36.75,38.0,45.0,32.75,54.75,37.25,33.25,42.25,53.75,62.5,62.25,60.0,55.5,57.25,48.0,54.5,52.0,53.75,36.5,44.5,43.5,47.0,49.25,37.75,47.25,38.5,48.25,45.75,58.0,53.0,54.0,52.0,55.0
Ecuador,2025,23,28.17391304347826,179.2608695652174,73.95652173913044,51.95652173913044,46.17391304347826,49.130434782608695,64.43478260869566,37.73913043478261,57.69565217391305,49.47826086956522,45.391304347826086,59.04347826086956,61.43478260869565,68.43478260869566,67.73913043478261,67.08695652173913,70.69565217391305,66.30434782608695,61.65217391304348,70.95652173913044,67.52173913043478,67.1304347826087,46.91304347826087,56.82608695652174,56.0,52.95652173913044,60.17391304347826,49.17391304347826,64.52173913043478,54.391304347826086,54.391304347826086,52.30434782608695,74.4,71.6,70.4,73.6,74.2
Egypt,2025,6,29.83333333333333,178.5,74.5,59.16666666666666,70.66666666666667,65.33333333333333,72.0,65.16666666666667,73.66666666666667,65.0,62.66666666666666,61.66666666666666,74.16666666666667,75.16666666666667,75.66666666666667,76.33333333333333,73.33333333333333,76.83333333333333,74.66666666666667,79.33333333333333,80.66666666666667,75.66666666666667,71.16666666666667,71.5,51.833333333333336,73.5,67.66666666666667,66.0,71.83333333333333,45.66666666666666,49.333333333333336,45.0,,,,,
El Salvador,2025,4,26.5,183.25,77.0,36.75,42.25,51.75,53.5,40.25,48.0,36.5,31.25,47.5,53.75,54.75,53.0,51.25,58.75,59.5,60.75,69.5,59.0,69.5,45.25,52.5,38.25,49.5,50.0,42.0,52.5,33.75,38.25,38.0,63.0,59.0,60.0,59.0,60.0
England,2025,23,27.26086956521739,182.69565217391303,76.04347826086956,71.30434782608695,64.0,64.0,79.73913043478261,59.65217391304348,75.30434782608695,71.08695652173913,60.04347826086956,75.78260869565217,79.0,73.56521739130434,74.78260869565217,71.69565217391305,83.65217391304348,72.69565217391305,75.30434782608695,78.0,76.91304347826087,71.52173913043478,65.08695652173913,70.52173913043478,62.0,70.30434782608695,77.47826086956522,61.65217391304348,82.1304347826087,62.60869565217392,63.95652173913044,58.26086956521739,82.5,80.0,81.5,81.0,86.0
Equatorial Guinea,2025,7,26.714285714285715,181.7142857142857,73.85714285714286,48.42857142857143,42.71428571428572,50.285714285714285,61.142857142857146,41.42857142857143,58.142857142857146,49.85714285714285,50.42857142857143,59.71428571428572,60.71428571428572,61.71428571428572,62.285714285714285,60.85714285714285,63.85714285714285,59.71428571428572,63.71428571428572,67.14285714285714,57.85714285714285,66.85714285714286,54.142857142857146,62.142857142857146,59.142857142857146,49.42857142857143,58.71428571428572,46.71428571428572,59.57142857142857,55.0,60.42857142857143,56.142857142857146,68.0,66.0,65.0,62.0,65.0
Estonia,2025,8,25.0,186.375,75.375,43.125,41.625,52.25,58.75,34.0,48.875,45.5,39.125,55.5,51.25,59.375,63.375,54.375,60.875,58.5,52.0,63.375,65.375,65.25,43.75,58.125,53.5,45.125,50.125,45.625,50.125,52.75,54.5,52.0,61.0,63.0,56.0,64.0,66.0
Faroe Islands,2025,3,26.666666666666668,179.66666666666666,77.0,44.66666666666666,59.333333333333336,54.66666666666666,58.0,48.333333333333336,57.66666666666666,48.66666666666666,52.66666666666666,53.333333333333336,59.333333333333336,67.0,63.333333333333336,67.66666666666667,57.0,72.66666666666667,60.66666666666666,67.66666666666667,68.33333333333333,68.0,57.66666666666666,52.0,30.33333333333333,58.66666666666666,55.66666666666666,60.66666666666666,54.333333333333336,34.0,30.33333333333333,28.666666666666668,,,,,
Fiji,2025,1,37.0,169.0,70.0,60.0,70.0,60.0,64.0,64.0,68.0,66.0,63.0,64.0,67.0,90.0,84.0,80.0,67.0,82.0,66.0,84.0,87.0,75.0,63.0,83.0,42.0,68.0,65.0,70.0,70.0,41.0,50.0,43.0,,,,,
Finland,2025,23,28.91304347826087,183.0,77.0,53.78260869565217,54.21739130434783,55.130434782608695,64.73913043478261,50.130434782608695,62.91304347826087,54.78260869565217,46.130434782608695,60.391304347826086,64.65217391304348,66.56521739130434,66.21739130434783,67.21739130434783,68.52173913043478,66.65217391304348,64.52173913043478,70.08695652173913,70.17391304347827,69.08695652173913,53.65217391304348,60.30434782608695,51.391304347826086,56.73913043478261,62.60869565217392,52.869565217391305,67.0,50.56521739130435,50.95652173913044,47.21739130434783,79.0,76.5,69.0,78.0,81.0
France,2025,23,27.608695652173918,183.7391304347826,77.26086956521739,68.65217391304348,64.8695652173913,70.65217391304348,80.91304347826087,60.56521739130435,77.34782608695652,67.34782608695652,54.60869565217392,74.0,80.52173913043478,79.26086956521739,80.65217391304348,75.65217391304348,83.82608695652173,71.08695652173913,73.52173913043478,83.08695652173913,75.82608695652173,76.8695652173913,63.95652173913044,70.0,63.73913043478261,69.78260869565217,75.04347826086956,59.21739130434783,81.1304347826087,62.08695652173913,62.91304347826087,59.26086956521739,84.0,83.0,85.0,84.0,88.0
Gabon,2025,10,27.2,179.6,74.8,62.5,58.9,58.8,64.9,56.3,68.3,65.0,52.6,58.7,69.2,74.1,74.3,71.1,66.8,73.7,64.0,69.1,69.9,62.6,58.4,58.1,49.9,63.9,60.0,58.0,64.8,48.0,48.4,46.1,,,,,
Gambia,2025,23,26.17391304347826,180.7826086956522,74.0,55.82608695652174,57.47826086956522,56.17391304347826,63.869565217391305,49.73913043478261,67.1304347826087,52.95652173913044,46.47826086956522,56.73913043478261,66.0,77.47826086956522,77.8695652173913,73.65217391304348,63.56521739130435,69.8695652173913,62.60869565217392,71.04347826086956,70.04347826086956,64.73913043478261,56.130434782608695,62.73913043478261,45.17391304347826,62.17391304347826,59.04347826086956,53.78260869565217,64.17391304347827,46.52173913043478,47.69565217391305,44.34782608695652,,,,,
Georgia,2025,23,25.47826086956522,181.2608695652174,72.95652173913044,56.78260869565217,54.0,53.04347826086956,65.82608695652173,48.30434782608695,65.3913043478261,56.69565217391305,50.21739130434783,61.04347826086956,66.65217391304348,70.56521739130434,71.21739130434783,70.52173913043478,66.65217391304348,68.43478260869566,63.26086956521739,67.0,67.95652173913044,62.82608695652174,54.30434782608695,56.04347826086956,46.391304347826086,58.869565217391305,62.17391304347826,53.56521739130435,63.08695652173913,45.130434782608695,49.30434782608695,45.56521739130435,86.0,83.0,72.0,85.0,85.0
Germany,2025,23,29.47826086956522,186.1304347826087,82.56521739130434,61.04347826086956,60.17391304347826,60.56521739130435,77.3913043478261,60.34782608695652,68.43478260869566,60.391304347826086,53.0,73.8695652173913,71.82608695652173,65.8695652173913,68.73913043478261,66.65217391304348,84.08695652173913,64.3913043478261,77.08695652173913,76.91304347826087,68.8695652173913,76.52173913043478,62.869565217391305,66.30434782608695,59.47826086956522,62.21739130434783,74.65217391304348,57.0,79.08695652173913,59.26086956521739,58.30434782608695,55.47826086956522,83.25,81.25,83.25,83.75,85.25
Ghana,2025,23,26.91304347826087,179.0,74.56521739130434,62.0,58.21739130434783,60.56521739130435,70.26086956521739,51.130434782608695,69.82608695652173,59.47826086956522,47.30434782608695,61.56521739130435,71.78260869565217,75.30434782608695,74.21739130434783,73.26086956521739,73.8695652173913,73.34782608695652,68.3913043478261,76.34782608695652,71.1304347826087,72.65217391304348,57.78260869565217,68.04347826086956,53.43478260869565,63.56521739130435,63.73913043478261,51.34782608695652,69.43478260869566,53.47826086956522,57.56521739130435,54.391304347826086,74.0,69.0,65.0,72.0,75.0
Greece,2025,23,27.347826086956523,184.43478260869568,78.52173913043478,53.56521739130435,48.82608695652174,53.43478260869565,62.17391304347826,47.130434782608695,58.21739130434783,54.82608695652174,48.43478260869565,58.69565217391305,61.52173913043478,68.17391304347827,67.73913043478261,68.56521739130434,71.34782608695652,63.17391304347826,67.0,73.82608695652173,66.1304347826087,69.69565217391305,53.08695652173913,59.869565217391305,46.391304347826086,52.73913043478261,59.391304347826086,50.73913043478261,66.52173913043478,47.47826086956522,47.30434782608695,45.34782608695652,75.0,71.8,66.6,72.4,75.6
Grenada,2025,8,29.125,183.25,78.0,51.625,45.875,56.75,60.0,41.625,57.25,49.0,41.875,56.0,59.125,66.875,68.125,64.875,61.25,66.0,55.75,72.0,68.875,76.75,48.75,66.875,60.875,49.125,53.0,49.0,58.625,59.75,61.5,59.25,,,,,
Guatemala,2025,4,29.0,184.5,78.0,46.0,36.75,48.75,53.25,34.5,47.0,42.75,34.25,49.75,50.75,61.25,60.5,56.75,65.25,51.25,53.25,70.75,61.25,75.25,40.25,51.75,46.25,43.0,51.25,38.0,56.0,45.5,49.25,46.5,64.0,61.0,60.0,63.0,64.0
Guinea,2025,23,26.82608695652174,184.0,77.1304347826087,50.95652173913044,55.47826086956522,63.69565217391305,68.08695652173913,48.43478260869565,65.1304347826087,53.0,46.04347826086956,60.91304347826087,67.69565217391305,62.47826086956522,62.17391304347826,61.82608695652174,67.69565217391305,60.52173913043478,66.3913043478261,72.8695652173913,67.6086956521739,74.1304347826087,56.08695652173913,66.6086956521739,57.47826086956522,58.04347826086956,60.130434782608695,54.95652173913044,66.52173913043478,56.30434782608695,58.26086956521739,56.0,,,,,
Guinea-Bissau,2025,18,25.77777777777778,180.33333333333331,75.33333333333333,55.388888888888886,52.0,54.44444444444444,59.55555555555556,47.94444444444444,62.61111111111112,54.55555555555556,46.0,51.888888888888886,61.66666666666666,73.0,73.83333333333333,70.72222222222223,62.55555555555556,69.38888888888889,62.0,68.55555555555556,63.77777777777778,63.66666666666666,52.66666666666666,52.05555555555556,39.66666666666666,56.05555555555556,55.44444444444444,53.5,59.22222222222222,41.44444444444444,42.72222222222222,40.77777777777778,70.0,66.0,68.0,64.0,69.0
Guyana,2025,5,24.2,179.6,72.6,54.8,44.4,52.8,60.8,40.2,58.8,54.4,37.0,56.2,59.6,73.4,72.2,73.8,60.0,73.0,54.8,64.8,72.4,61.6,46.4,64.2,58.0,51.0,53.6,44.4,58.2,56.8,59.6,58.4,,,,,
Haiti,2025,9,27.88888888888889,179.66666666666666,75.88888888888889,49.11111111111112,49.333333333333336,53.888888888888886,60.333333333333336,47.44444444444444,58.44444444444444,52.22222222222222,37.0,51.44444444444444,60.22222222222222,71.33333333333333,71.66666666666667,66.22222222222223,63.55555555555556,67.33333333333333,62.77777777777778,71.22222222222223,61.11111111111112,66.33333333333333,48.0,52.55555555555556,40.22222222222222,55.55555555555556,53.77777777777778,47.0,61.888888888888886,42.0,38.22222222222222,35.333333333333336,63.0,65.0,69.0,67.0,66.0
Honduras,2025,7,23.857142857142858,182.0,73.0,55.285714285714285,49.71428571428572,52.85714285714285,64.71428571428571,43.85714285714285,62.42857142857143,52.85714285714285,44.57142857142857,59.285714285714285,65.57142857142857,73.42857142857143,75.14285714285714,60.0,60.142857142857146,64.71428571428571,61.285714285714285,65.85714285714286,67.28571428571429,63.0,48.71428571428572,60.142857142857146,46.285714285714285,55.142857142857146,57.285714285714285,54.142857142857146,59.285714285714285,48.42857142857143,52.0,50.285714285714285,,,,,
Hong Kong,2025,4,26.5,180.75,71.5,42.0,44.5,52.75,47.25,36.5,48.0,36.5,35.0,39.75,54.0,63.5,61.75,65.5,58.0,64.75,53.0,58.0,67.25,58.75,44.75,48.0,49.25,46.75,43.75,42.5,52.5,45.0,49.5,46.5,,,,,
Hungary,2025,23,26.47826086956522,182.30434782608697,74.73913043478261,57.130434782608695,53.34782608695652,55.91304347826087,65.43478260869566,48.52173913043478,62.73913043478261,54.21739130434783,45.56521739130435,62.04347826086956,64.34782608695652,67.91304347826087,67.91304347826087,66.6086956521739,72.0,65.17391304347827,64.69565217391305,69.17391304347827,69.1304347826087,64.78260869565217,53.26086956521739,65.47826086956522,52.30434782608695,57.47826086956522,61.95652173913044,52.56521739130435,65.6086956521739,52.60869565217392,54.08695652173913,51.47826086956522,79.5,77.0,74.5,80.0,81.5
Iceland,2025,23,26.26086956521739,184.69565217391303,76.52173913043478,53.73913043478261,54.47826086956522,52.73913043478261,65.3913043478261,49.04347826086956,60.08695652173913,55.130434782608695,50.95652173913044,61.34782608695652,64.34782608695652,64.3913043478261,64.1304347826087,65.95652173913044,67.47826086956522,67.17391304347827,65.91304347826087,68.30434782608695,72.65217391304348,67.3913043478261,54.47826086956522,59.391304347826086,49.69565217391305,56.391304347826086,64.26086956521739,49.26086956521739,64.73913043478261,49.130434782608695,49.26086956521739,47.0,69.0,69.0,69.66666666666667,68.66666666666667,69.66666666666667
India,2025,23,28.130434782608692,178.3913043478261,71.47826086956522,45.391304347826086,39.04347826086956,43.73913043478261,51.56521739130435,35.21739130434783,47.869565217391305,42.30434782608695,38.65217391304348,48.04347826086956,49.78260869565217,64.6086956521739,63.391304347826086,60.391304347826086,54.391304347826086,57.82608695652174,50.0,67.65217391304348,67.26086956521739,66.21739130434783,39.47826086956522,57.30434782608695,42.21739130434783,44.78260869565217,48.17391304347826,38.130434782608695,49.82608695652174,41.34782608695652,44.78260869565217,43.82608695652174,63.0,60.5,59.5,62.25,61.25
Indonesia,2025,7,24.428571428571427,183.7142857142857,74.85714285714286,54.42857142857143,36.142857142857146,55.42857142857143,59.285714285714285,37.285714285714285,57.42857142857143,46.71428571428572,44.285714285714285,54.0,59.57142857142857,66.85714285714286,63.85714285714285,62.71428571428572,60.85714285714285,61.42857142857143,51.42857142857143,65.14285714285714,71.71428571428571,66.71428571428571,41.142857142857146,56.57142857142857,57.71428571428572,47.285714285714285,51.142857142857146,47.42857142857143,57.85714285714285,55.42857142857143,59.71428571428572,60.57142857142857,,,,,
Iran,2025,9,28.88888888888889,181.44444444444449,78.0,54.333333333333336,50.333333333333336,57.0,62.77777777777778,45.66666666666666,60.0,53.77777777777778,46.888888888888886,61.0,62.66666666666666,67.77777777777777,65.88888888888889,67.55555555555556,68.11111111111111,66.44444444444444,62.22222222222222,71.33333333333333,68.55555555555556,68.77777777777777,52.888888888888886,62.0,49.333333333333336,55.44444444444444,59.66666666666666,51.44444444444444,63.11111111111112,51.333333333333336,54.11111111111112,51.44444444444444,70.0,68.0,65.0,71.0,72.0
Iraq,2025,10,22.5,180.0,71.4,51.7,53.3,44.5,61.3,45.9,63.9,51.5,45.4,53.6,65.2,74.7,71.4,76.3,59.0,75.6,59.8,59.6,64.1,58.4,50.6,56.9,45.4,56.4,56.8,48.9,60.2,43.3,44.7,43.9,,,,,
Israel,2025,20,24.5,181.1,75.7,47.5,48.2,50.4,58.6,42.25,55.35,48.25,43.7,52.55,58.85,65.1,65.25,64.7,62.75,65.25,60.75,65.3,64.3,63.95,50.35,52.7,39.7,50.45,56.35,46.4,59.95,42.6,44.9,42.2,68.0,65.66666666666667,59.66666666666666,66.0,64.0
Italy,2025,23,27.65217391304348,184.69565217391303,77.17391304347827,56.52173913043478,54.04347826086956,58.391304347826086,72.52173913043478,53.391304347826086,65.34782608695652,57.26086956521739,51.26086956521739,68.69565217391305,70.52173913043478,69.1304347826087,69.78260869565217,67.3913043478261,81.30434782608695,65.69565217391305,71.08695652173913,77.3913043478261,69.73913043478261,71.8695652173913,57.69565217391305,66.6086956521739,59.34782608695652,56.130434782608695,70.0,54.56521739130435,76.30434782608695,59.30434782608695,59.43478260869565,56.130434782608695,84.4,80.0,75.0,84.2,86.2
Ivory Coast,2025,23,26.347826086956523,184.2608695652174,76.95652173913044,62.30434782608695,58.91304347826087,66.3913043478261,73.47826086956522,54.391304347826086,73.82608695652173,60.04347826086956,49.0,67.30434782608695,75.47826086956522,74.0,75.34782608695652,69.3913043478261,74.47826086956522,67.30434782608695,70.17391304347827,78.47826086956522,69.69565217391305,75.73913043478261,58.04347826086956,70.43478260869566,58.91304347826087,64.91304347826087,66.47826086956522,57.130434782608695,74.91304347826087,58.95652173913044,63.30434782608695,59.65217391304348,,,,,
Jamaica,2025,23,28.347826086956523,183.34782608695653,76.0,53.130434782608695,50.56521739130435,57.21739130434783,61.43478260869565,45.82608695652174,62.26086956521739,51.43478260869565,44.82608695652174,55.65217391304348,63.69565217391305,71.34782608695652,73.17391304347827,66.26086956521739,66.8695652173913,63.91304347826087,60.52173913043478,75.56521739130434,66.30434782608695,73.0,49.34782608695652,61.52173913043478,46.78260869565217,56.04347826086956,57.43478260869565,50.21739130434783,64.52173913043478,50.52173913043478,52.21739130434783,48.47826086956522,69.5,66.5,68.0,71.0,71.0
Japan,2025,23,27.17391304347826,178.56521739130434,72.3913043478261,63.95652173913044,61.95652173913044,59.82608695652174,73.95652173913044,56.47826086956522,72.6086956521739,62.30434782608695,57.56521739130435,67.69565217391305,75.17391304347827,80.30434782608695,75.73913043478261,78.43478260869566,75.17391304347827,75.0,68.78260869565217,74.95652173913044,78.52173913043478,65.73913043478261,62.26086956521739,63.73913043478261,59.130434782608695,68.6086956521739,69.43478260869566,56.21739130434783,73.82608695652173,57.95652173913044,59.43478260869565,58.17391304347826,,,,,
Jordan,2025,2,27.5,181.5,73.0,46.0,50.0,50.5,57.5,46.5,57.0,51.5,44.5,45.5,61.0,72.0,74.5,71.0,62.0,75.0,51.0,66.5,62.0,64.5,45.0,65.5,58.0,52.5,55.0,48.0,63.0,42.5,51.5,48.5,,,,,
Kazakhstan,2025,3,27.0,177.66666666666666,73.66666666666667,57.0,59.333333333333336,51.66666666666666,65.66666666666667,46.0,67.33333333333333,51.66666666666666,54.0,62.333333333333336,67.0,73.66666666666667,71.0,67.0,63.333333333333336,74.66666666666667,63.0,62.0,76.33333333333333,57.0,57.66666666666666,57.333333333333336,61.0,60.66666666666666,62.66666666666666,48.0,56.333333333333336,54.66666666666666,58.333333333333336,57.333333333333336,,,,,
Kenya,2025,14,25.357142857142858,182.0,74.0,56.21428571428572,46.35714285714285,56.57142857142857,61.642857142857146,43.142857142857146,61.92857142857143,50.35714285714285,39.85714285714285,55.07142857142857,63.21428571428572,73.35714285714286,76.21428571428571,67.64285714285714,58.57142857142857,69.21428571428571,53.85714285714285,71.07142857142857,69.07142857142857,67.42857142857143,46.57142857142857,62.0,54.285714285714285,53.57142857142857,54.57142857142857,44.21428571428572,59.785714285714285,55.0,58.21428571428572,55.21428571428572,,,,,
Kosovo,2025,23,27.82608695652174,182.43478260869568,75.30434782608695,62.34782608695652,59.95652173913044,52.65217391304348,68.56521739130434,58.08695652173913,69.30434782608695,64.73913043478261,58.0,63.04347826086956,70.17391304347827,71.78260869565217,72.6086956521739,72.8695652173913,67.52173913043478,68.8695652173913,71.34782608695652,68.1304347826087,70.82608695652173,65.56521739130434,64.3913043478261,61.30434782608695,42.69565217391305,63.91304347826087,65.34782608695652,58.47826086956522,67.69565217391305,43.08695652173913,43.43478260869565,41.0,76.0,73.0,79.0,74.0,77.0
Latvia,2025,6,24.666666666666668,182.5,76.5,45.333333333333336,45.66666666666666,47.833333333333336,59.16666666666666,40.833333333333336,51.66666666666666,40.5,37.66666666666666,55.16666666666666,54.333333333333336,61.5,59.16666666666666,60.833333333333336,58.66666666666666,65.16666666666667,56.66666666666666,65.16666666666667,63.5,66.16666666666667,50.333333333333336,56.833333333333336,47.0,48.833333333333336,56.5,42.833333333333336,54.16666666666666,47.833333333333336,46.333333333333336,48.0,52.0,51.0,52.0,50.0,53.0
Lebanon,2025,2,29.0,185.0,76.0,42.5,58.0,60.5,59.5,49.0,57.5,49.5,43.0,51.5,59.5,64.5,68.0,59.5,60.5,60.5,61.5,78.0,72.5,78.5,53.0,81.0,44.5,58.0,56.0,57.0,58.0,47.5,50.0,44.5,,,,,
Liberia,2025,4,23.75,182.0,74.25,57.0,47.75,63.75,69.25,43.75,68.0,52.25,44.5,63.25,68.75,70.5,69.0,69.0,68.5,66.0,55.0,74.5,73.5,69.75,49.0,67.75,58.0,55.0,62.75,52.5,64.75,59.5,60.25,57.25,,,,,
Libya,2025,3,29.0,183.33333333333331,75.66666666666667,57.66666666666666,57.66666666666666,58.0,71.33333333333333,51.66666666666666,65.0,51.0,53.66666666666666,70.33333333333333,70.66666666666667,70.33333333333333,65.33333333333333,68.66666666666667,70.66666666666667,66.0,67.33333333333333,70.0,81.0,73.0,60.333333333333336,67.66666666666667,69.66666666666667,60.66666666666666,63.0,56.333333333333336,71.33333333333333,61.0,65.0,67.0,,,,,
Liechtenstein,2025,1,18.0,190.0,83.0,27.0,29.0,53.0,37.0,27.0,27.0,30.0,31.0,40.0,30.0,58.0,58.0,48.0,50.0,55.0,36.0,52.0,59.0,54.0,29.0,45.0,48.0,26.0,28.0,39.0,39.0,52.0,56.0,56.0,,,,,
Lithuania,2025,5,25.8,189.0,81.0,40.0,35.4,55.6,57.4,36.2,47.4,41.6,39.0,51.6,51.8,55.6,58.4,50.2,58.4,55.4,53.6,72.6,55.8,75.0,40.6,53.2,45.0,40.8,42.0,45.0,54.2,43.2,45.2,44.0,67.0,64.0,56.0,66.0,67.0
Luxembourg,2025,15,25.33333333333333,185.0,76.8,42.13333333333333,35.13333333333333,48.66666666666666,56.4,36.4,49.2,37.66666666666666,37.13333333333333,53.86666666666667,51.8,58.13333333333333,59.66666666666666,56.46666666666667,59.06666666666667,57.8,54.266666666666666,65.13333333333334,56.6,66.66666666666667,36.86666666666667,56.8,47.73333333333333,41.13333333333333,49.86666666666667,42.333333333333336,50.93333333333333,47.333333333333336,49.86666666666667,48.4,63.333333333333336,63.0,65.66666666666667,62.66666666666666,64.0
Madagascar,2025,5,26.4,180.6,72.2,60.8,53.6,56.4,66.6,53.0,67.2,55.8,48.0,64.6,68.4,74.0,71.8,73.4,63.8,69.8,68.2,73.6,80.8,68.0,59.0,61.8,57.6,62.8,57.8,49.0,64.8,57.0,61.0,58.0,,,,,
Malawi,2025,2,23.0,180.0,74.0,51.0,32.5,50.0,58.0,35.0,53.0,40.5,42.5,51.5,55.0,75.5,77.5,56.0,57.5,69.5,46.5,72.5,72.5,69.5,28.0,60.0,60.0,37.0,43.5,48.5,52.5,60.5,61.5,57.5,,,,,
Mali,2025,23,26.695652173913043,182.30434782608697,73.43478260869566,58.65217391304348,51.26086956521739,65.69565217391305,71.65217391304348,47.60869565217392,69.21739130434783,55.21739130434783,45.43478260869565,64.95652173913044,71.78260869565217,68.6086956521739,68.47826086956522,68.56521739130434,70.73913043478261,65.56521739130434,64.30434782608695,76.47826086956522,75.65217391304348,73.6086956521739,55.17391304347826,69.69565217391305,64.34782608695652,60.21739130434783,61.78260869565217,52.130434782608695,69.65217391304348,63.869565217391305,64.52173913043478,62.56521739130435,,,,,
Malta,2025,4,25.25,178.5,74.0,63.75,60.25,51.75,65.0,59.5,66.25,62.0,59.0,59.5,65.25,77.75,76.75,71.75,61.5,76.5,68.25,62.5,69.75,56.0,63.5,61.25,50.25,63.25,63.5,61.0,61.5,52.0,54.25,48.25,,,,,
Mauritania,2025,6,24.0,183.83333333333331,75.16666666666667,40.16666666666666,37.833333333333336,35.833333333333336,51.333333333333336,33.833333333333336,49.833333333333336,41.5,37.333333333333336,44.833333333333336,49.5,58.333333333333336,56.333333333333336,57.66666666666666,56.333333333333336,60.16666666666666,54.0,57.66666666666666,54.66666666666666,59.16666666666666,37.833333333333336,43.833333333333336,36.16666666666666,35.333333333333336,48.16666666666666,42.333333333333336,48.333333333333336,36.5,41.16666666666666,41.16666666666666,67.0,59.0,59.0,54.0,67.0
Mexico,2025,23,26.08695652173913,180.43478260869568,74.04347826086956,56.69565217391305,54.869565217391305,63.21739130434783,66.04347826086956,50.56521739130435,64.82608695652173,53.95652173913044,45.130434782608695,59.65217391304348,66.56521739130434,70.0,69.73913043478261,69.26086956521739,67.1304347826087,66.78260869565217,61.65217391304348,73.17391304347827,69.43478260869566,67.47826086956522,52.391304347826086,64.26086956521739,52.47826086956522,60.78260869565217,58.69565217391305,59.17391304347826,63.43478260869565,51.47826086956522,53.43478260869565,49.26086956521739,64.0,64.0,60.0,67.0,62.0
Moldova,2025,8,27.0,184.0,76.0,38.375,42.875,48.0,49.5,41.875,45.875,40.0,39.625,42.25,50.125,54.375,56.625,57.375,60.625,59.125,56.125,62.5,55.375,63.5,41.25,49.625,33.625,43.875,49.75,45.5,51.375,33.75,36.75,36.125,62.5,59.5,59.0,61.5,64.0
Montenegro,2025,20,27.7,183.85,78.65,53.35,53.5,60.95,63.75,48.7,62.65,57.65,52.1,57.1,65.5,68.4,69.55,66.6,64.55,66.05,64.35,73.7,71.75,74.75,55.6,63.85,53.3,58.35,58.15,53.3,64.65,52.15,54.2,52.1,,,,,
Montserrat,2025,4,28.5,184.75,81.5,49.75,39.75,58.75,57.25,40.5,55.25,47.0,42.5,52.0,56.0,61.5,68.25,58.0,60.75,56.75,53.25,71.5,69.25,76.0,41.25,64.5,54.0,45.75,50.5,48.25,61.0,56.0,55.5,54.75,,,,,
Morocco,2025,23,27.956521739130437,182.6086956521739,74.08695652173913,63.21739130434783,64.69565217391305,59.47826086956522,74.52173913043478,58.69565217391305,73.91304347826087,66.3913043478261,57.17391304347826,68.78260869565217,75.21739130434783,72.1304347826087,72.8695652173913,73.47826086956522,76.34782608695652,67.17391304347827,72.43478260869566,74.21739130434783,75.34782608695652,70.1304347826087,64.56521739130434,65.17391304347827,51.69565217391305,69.0,70.69565217391305,59.47826086956522,73.43478260869566,51.17391304347826,53.04347826086956,47.52173913043478,81.0,82.0,77.0,83.0,86.0
Mozambique,2025,3,26.33333333333333,177.0,70.66666666666667,68.33333333333333,51.333333333333336,61.0,66.66666666666667,48.333333333333336,77.33333333333333,67.0,43.333333333333336,57.333333333333336,77.0,83.66666666666667,85.33333333333333,82.0,73.66666666666667,78.0,68.66666666666667,75.0,77.66666666666667,62.0,61.0,65.66666666666667,69.66666666666667,63.0,58.333333333333336,46.66666666666666,72.33333333333333,71.0,72.0,68.0,,,,,
Namibia,2025,1,26.0,178.0,70.0,62.0,32.0,62.0,61.0,30.0,65.0,47.0,38.0,58.0,63.0,78.0,78.0,73.0,63.0,70.0,34.0,81.0,73.0,76.0,38.0,61.0,63.0,51.0,48.0,36.0,57.0,64.0,65.0,63.0,,,,,
Netherlands,2025,23,26.26086956521739,185.17391304347825,77.52173913043478,67.6086956521739,61.73913043478261,73.47826086956522,80.65217391304348,57.869565217391305,76.04347826086956,66.17391304347827,56.869565217391305,76.08695652173913,80.34782608695652,71.26086956521739,71.95652173913044,70.21739130434783,81.3913043478261,66.73913043478261,73.78260869565217,81.65217391304348,77.34782608695652,77.69565217391305,66.91304347826087,74.47826086956522,72.43478260869566,66.26086956521739,73.21739130434783,56.82608695652174,81.43478260869566,72.65217391304348,72.82608695652173,69.3913043478261,,,,,
New Zealand,2025,23,26.869565217391305,183.34782608695653,77.04347826086956,53.34782608695652,50.17391304347826,52.391304347826086,61.17391304347826,47.869565217391305,58.95652173913044,53.69565217391305,50.73913043478261,56.56521739130435,60.04347826086956,65.21739130434783,66.78260869565217,65.04347826086956,64.17391304347827,64.52173913043478,61.65217391304348,70.26086956521739,67.95652173913044,70.69565217391305,49.43478260869565,62.91304347826087,51.69565217391305,54.130434782608695,58.60869565217392,49.60869565217392,62.69565217391305,48.130434782608695,51.43478260869565,48.869565217391305,69.33333333333333,66.33333333333333,60.66666666666666,62.66666666666666,69.0
Nigeria,2025,23,26.956521739130437,183.0,78.3913043478261,63.34782608695652,68.04347826086956,65.26086956521739,71.0,64.34782608695652,76.17391304347827,62.60869565217392,47.47826086956522,60.391304347826086,75.43478260869566,79.69565217391305,81.56521739130434,72.0,73.8695652173913,69.6086956521739,76.08695652173913,80.30434782608695,75.47826086956522,77.04347826086956,64.26086956521739,64.17391304347827,43.82608695652174,71.8695652173913,64.21739130434783,61.56521739130435,70.65217391304348,45.17391304347826,48.21739130434783,42.34782608695652,,,,,
North Korea,2025,2,26.0,180.5,73.5,41.5,47.5,56.0,54.0,50.0,52.5,46.5,45.5,48.5,55.0,59.5,57.0,55.0,54.0,65.0,64.5,60.5,59.5,62.0,46.5,55.5,31.5,55.5,44.0,53.0,48.5,34.5,31.5,31.0,,,,,
North Macedonia,2025,23,28.17391304347826,183.1304347826087,76.82608695652173,50.34782608695652,53.30434782608695,53.91304347826087,61.08695652173913,47.21739130434783,59.26086956521739,52.17391304347826,49.52173913043478,56.65217391304348,60.21739130434783,62.78260869565217,63.78260869565217,63.869565217391305,65.21739130434783,63.08695652173913,64.30434782608695,67.8695652173913,63.47826086956522,66.21739130434783,53.869565217391305,57.60869565217392,46.60869565217392,53.91304347826087,58.78260869565217,52.73913043478261,62.130434782608695,46.78260869565217,47.869565217391305,45.52173913043478,71.0,68.66666666666667,67.33333333333333,70.66666666666667,72.66666666666667
Northern Ireland,2025,23,26.30434782608696,182.65217391304347,73.56521739130434,51.21739130434783,48.08695652173913,53.08695652173913,61.60869565217392,42.26086956521739,57.95652173913044,49.56521739130435,43.82608695652174,56.65217391304348,60.69565217391305,64.3913043478261,66.95652173913044,64.1304347826087,65.17391304347827,65.1304347826087,57.91304347826087,69.26086956521739,67.8695652173913,67.08695652173913,47.21739130434783,65.6086956521739,51.04347826086956,51.60869565217392,60.21739130434783,47.0,62.391304347826086,51.69565217391305,53.34782608695652,50.08695652173913,68.0,67.0,66.66666666666667,67.33333333333333,67.66666666666667
Norway,2025,23,27.43478260869565,182.95652173913044,76.65217391304348,65.47826086956522,62.82608695652174,59.0,71.3913043478261,56.52173913043478,71.69565217391305,65.30434782608695,53.47826086956522,67.26086956521739,72.82608695652173,73.3913043478261,74.56521739130434,72.95652173913044,75.17391304347827,70.21739130434783,69.0,73.82608695652173,79.6086956521739,71.17391304347827,61.04347826086956,68.82608695652173,59.17391304347826,69.1304347826087,68.52173913043478,55.65217391304348,73.95652173913044,59.0,58.52173913043478,56.30434782608695,76.0,75.0,77.0,74.0,75.0
Palestine,2025,3,24.33333333333333,179.66666666666666,75.0,52.0,66.33333333333333,57.0,63.66666666666666,59.333333333333336,66.66666666666667,55.0,48.333333333333336,53.333333333333336,69.66666666666667,70.0,67.66666666666667,69.66666666666667,64.33333333333333,79.0,69.0,76.33333333333333,63.333333333333336,80.66666666666667,62.333333333333336,63.66666666666666,34.333333333333336,67.0,59.66666666666666,62.333333333333336,69.33333333333333,32.666666666666664,36.0,33.0,,,,,
Panama,2025,11,27.727272727272727,183.27272727272728,75.54545454545455,49.27272727272727,50.0,58.18181818181818,61.0,40.18181818181818,59.45454545454545,47.54545454545455,40.18181818181818,56.36363636363637,62.0,66.27272727272727,66.63636363636364,66.0,63.72727272727273,66.36363636363636,60.27272727272727,73.0,66.63636363636364,71.54545454545455,47.45454545454545,64.18181818181819,49.36363636363637,56.36363636363637,57.90909090909091,47.27272727272727,59.09090909090909,50.90909090909091,48.72727272727273,46.18181818181818,69.0,72.0,68.0,65.0,72.0
Paraguay,2025,23,28.956521739130437,179.34782608695653,76.1304347826087,55.95652173913044,57.52173913043478,57.73913043478261,67.1304347826087,52.56521739130435,66.43478260869566,59.08695652173913,53.95652173913044,61.26086956521739,68.26086956521739,71.1304347826087,71.34782608695652,72.21739130434783,69.65217391304348,71.08695652173913,70.73913043478261,72.56521739130434,69.3913043478261,66.08695652173913,58.56521739130435,63.65217391304348,46.43478260869565,61.52173913043478,62.391304347826086,57.56521739130435,69.3913043478261,50.26086956521739,51.04347826086956,44.78260869565217,73.5,71.5,72.5,71.0,71.5
Peru,2025,23,30.82608695652174,177.56521739130434,74.91304347826087,52.73913043478261,55.26086956521739,54.73913043478261,63.08695652173913,48.95652173913044,61.56521739130435,51.47826086956522,50.56521739130435,59.391304347826086,63.82608695652174,67.95652173913044,69.91304347826087,70.30434782608695,68.73913043478261,67.30434782608695,67.52173913043478,70.34782608695652,66.34782608695652,66.17391304347827,55.82608695652174,59.08695652173913,50.60869565217392,58.08695652173913,60.30434782608695,55.73913043478261,64.34782608695652,46.869565217391305,47.95652173913044,47.30434782608695,69.0,70.33333333333333,66.0,71.33333333333333,69.0
Philippines,2025,3,28.666666666666668,182.66666666666663,76.33333333333333,61.66666666666666,52.66666666666666,49.333333333333336,63.66666666666666,49.0,65.33333333333333,62.333333333333336,48.66666666666666,56.66666666666666,65.66666666666667,80.0,76.66666666666667,75.0,65.33333333333333,71.33333333333333,57.0,67.66666666666667,71.66666666666667,64.0,51.333333333333336,53.333333333333336,59.66666666666666,57.66666666666666,58.0,52.333333333333336,60.66666666666666,59.333333333333336,60.333333333333336,57.66666666666666,,,,,
Poland,2025,23,28.73913043478261,185.69565217391303,79.3913043478261,52.82608695652174,50.82608695652174,51.56521739130435,64.04347826086956,46.82608695652174,58.47826086956522,52.391304347826086,45.869565217391305,58.0,61.52173913043478,63.82608695652174,62.69565217391305,63.69565217391305,74.78260869565217,61.08695652173913,65.47826086956522,72.91304347826087,63.73913043478261,69.6086956521739,51.08695652173913,59.34782608695652,49.52173913043478,55.56521739130435,64.95652173913044,49.73913043478261,68.78260869565217,48.34782608695652,48.08695652173913,45.34782608695652,77.5,75.0,70.0,76.0,78.5
Portugal,2025,23,28.608695652173918,180.8695652173913,75.6086956521739,69.91304347826087,65.95652173913044,62.69565217391305,79.3913043478261,63.08695652173913,76.0,71.78260869565217,60.60869565217392,74.52173913043478,78.78260869565217,70.3913043478261,68.0,73.26086956521739,83.26086956521739,70.82608695652173,78.1304347826087,75.43478260869566,77.6086956521739,69.56521739130434,68.56521739130434,69.1304347826087,64.34782608695652,72.30434782608695,78.95652173913044,62.82608695652174,80.26086956521739,60.17391304347826,61.95652173913044,56.95652173913044,82.5,77.0,79.5,82.0,85.0
Puerto Rico,2025,1,33.0,183.0,77.0,61.0,38.0,60.0,58.0,43.0,60.0,54.0,29.0,64.0,65.0,65.0,67.0,62.0,60.0,65.0,46.0,68.0,66.0,65.0,46.0,65.0,64.0,52.0,57.0,37.0,61.0,64.0,64.0,62.0,,,,,
Republic of Ireland,2025,23,25.956521739130437,184.56521739130437,76.82608695652173,50.73913043478261,48.17391304347826,60.26086956521739,66.95652173913044,44.21739130434783,58.60869565217392,50.52173913043478,44.26086956521739,61.08695652173913,62.30434782608695,64.52173913043478,65.17391304347827,62.43478260869565,70.47826086956522,64.08695652173913,63.17391304347826,74.34782608695652,67.04347826086956,71.26086956521739,48.26086956521739,62.78260869565217,55.08695652173913,53.30434782608695,60.391304347826086,47.43478260869565,66.78260869565217,55.78260869565217,56.52173913043478,53.91304347826087,74.33333333333333,71.66666666666667,73.66666666666667,72.66666666666667,76.66666666666667
Romania,2025,23,28.043478260869566,181.34782608695653,75.17391304347827,54.34782608695652,55.34782608695652,50.08695652173913,62.60869565217392,51.26086956521739,61.34782608695652,58.0,52.34782608695652,59.08695652173913,61.60869565217392,70.47826086956522,69.6086956521739,72.1304347826087,67.65217391304348,69.3913043478261,67.91304347826087,70.8695652173913,69.47826086956522,66.8695652173913,56.21739130434783,59.69565217391305,44.0,55.21739130434783,63.0,53.52173913043478,65.1304347826087,44.73913043478261,44.78260869565217,43.65217391304348,71.5,68.25,66.5,71.5,73.75
Russia,2025,18,27.666666666666668,185.38888888888889,79.0,42.11111111111112,44.61111111111112,44.55555555555556,56.0,40.888888888888886,49.66666666666666,43.888888888888886,41.55555555555556,51.5,53.22222222222222,58.55555555555556,57.44444444444444,59.333333333333336,66.0,56.833333333333336,63.66666666666666,67.61111111111111,56.05555555555556,68.77777777777777,46.44444444444444,51.55555555555556,40.16666666666666,46.61111111111112,60.22222222222222,45.61111111111112,57.94444444444444,36.333333333333336,38.61111111111112,35.833333333333336,68.66666666666667,65.5,67.33333333333333,66.66666666666667,70.66666666666667
Rwanda,2025,1,19.0,183.0,74.0,41.0,41.0,44.0,67.0,42.0,60.0,40.0,39.0,66.0,62.0,65.0,68.0,58.0,64.0,60.0,53.0,52.0,59.0,58.0,44.0,62.0,66.0,59.0,61.0,39.0,60.0,62.0,63.0,60.0,,,,,
Saudi Arabia,2025,23,28.73913043478261,179.2608695652174,71.69565217391305,52.43478260869565,46.60869565217392,57.17391304347826,65.0,42.56521739130435,59.08695652173913,50.0,41.869565217391305,60.04347826086956,61.73913043478261,71.26086956521739,72.3913043478261,69.91304347826087,68.52173913043478,67.82608695652173,57.78260869565217,73.21739130434783,75.30434782608695,69.8695652173913,45.69565217391305,59.82608695652174,54.69565217391305,54.43478260869565,56.47826086956522,46.95652173913044,61.95652173913044,53.69565217391305,54.391304347826086,54.0,74.0,64.0,62.5,64.0,70.0
Scotland,2025,23,28.08695652173913,181.34782608695653,74.52173913043478,64.43478260869566,63.60869565217392,62.65217391304348,74.26086956521739,57.34782608695652,72.17391304347827,66.56521739130434,56.43478260869565,69.47826086956522,74.69565217391305,70.1304347826087,70.30434782608695,72.34782608695652,75.17391304347827,72.6086956521739,74.43478260869566,75.34782608695652,77.26086956521739,69.91304347826087,64.65217391304348,73.0,60.869565217391305,68.82608695652173,71.43478260869566,60.391304347826086,74.26086956521739,59.91304347826087,62.869565217391305,57.56521739130435,75.0,71.0,72.0,71.0,76.0
Senegal,2025,23,27.47826086956522,183.6086956521739,76.21739130434783,56.0,56.04347826086956,63.56521739130435,70.04347826086956,50.60869565217392,67.43478260869566,54.08695652173913,44.52173913043478,61.17391304347826,70.04347826086956,69.95652173913044,72.26086956521739,67.3913043478261,73.78260869565217,65.47826086956522,68.8695652173913,77.43478260869566,69.69565217391305,73.30434782608695,55.65217391304348,65.65217391304348,53.95652173913044,60.08695652173913,62.78260869565217,54.0,69.78260869565217,53.52173913043478,54.0,52.130434782608695,77.5,75.5,74.0,75.5,79.5
Serbia,2025,23,27.956521739130437,187.17391304347825,81.95652173913044,59.130434782608695,60.56521739130435,57.78260869565217,69.52173913043478,56.65217391304348,65.1304347826087,62.17391304347826,57.391304347826086,66.30434782608695,69.43478260869566,61.69565217391305,61.26086956521739,62.04347826086956,76.65217391304348,59.30434782608695,73.69565217391305,75.0,69.65217391304348,75.3913043478261,62.91304347826087,62.95652173913044,50.91304347826087,59.47826086956522,68.43478260869566,55.78260869565217,73.65217391304348,50.869565217391305,51.69565217391305,48.60869565217392,78.25,76.75,77.25,78.0,79.25
Sierra Leone,2025,14,24.714285714285715,179.57142857142858,72.21428571428571,54.142857142857146,52.85714285714285,51.21428571428572,59.642857142857146,48.642857142857146,64.5,52.57142857142857,42.42857142857143,51.57142857142857,62.785714285714285,77.07142857142857,77.78571428571429,75.0,59.85714285714285,73.28571428571429,62.285714285714285,64.92857142857143,67.85714285714286,61.57142857142857,53.285714285714285,55.92857142857143,38.142857142857146,59.71428571428572,55.642857142857146,51.35714285714285,58.642857142857146,42.35714285714285,40.92857142857143,39.285714285714285,,,,,
Slovakia,2025,23,27.91304347826087,184.0,76.47826086956522,54.69565217391305,51.43478260869565,53.34782608695652,65.73913043478261,48.869565217391305,59.17391304347826,54.17391304347826,49.26086956521739,62.47826086956522,63.95652173913044,64.78260869565217,62.869565217391305,65.3913043478261,71.65217391304348,66.30434782608695,66.69565217391305,70.82608695652173,67.21739130434783,68.91304347826087,55.34782608695652,61.130434782608695,54.43478260869565,55.17391304347826,61.391304347826086,50.65217391304348,66.34782608695652,54.04347826086956,55.30434782608695,53.130434782608695,71.25,70.25,72.25,70.75,71.75
Slovenia,2025,23,28.695652173913043,183.95652173913044,77.91304347826087,54.30434782608695,55.65217391304348,60.34782608695652,67.6086956521739,53.56521739130435,62.69565217391305,57.30434782608695,53.43478260869565,63.95652173913044,67.56521739130434,65.69565217391305,63.47826086956522,65.43478260869566,69.17391304347827,64.34782608695652,67.52173913043478,74.65217391304348,68.65217391304348,72.3913043478261,57.26086956521739,62.869565217391305,52.56521739130435,59.69565217391305,64.04347826086956,54.47826086956522,68.82608695652173,53.0,49.65217391304348,49.34782608695652,78.5,80.5,73.0,79.5,81.5
Somalia,2025,1,26.0,184.0,72.0,54.0,61.0,50.0,53.0,53.0,64.0,45.0,37.0,47.0,62.0,88.0,86.0,86.0,56.0,82.0,63.0,69.0,64.0,57.0,50.0,42.0,21.0,61.0,53.0,51.0,50.0,23.0,27.0,25.0,,,,,
South Africa,2025,15,23.866666666666667,180.06666666666666,71.2,46.93333333333333,44.6,51.13333333333333,56.6,40.66666666666666,54.73333333333333,44.46666666666667,38.86666666666667,49.46666666666667,55.4,68.33333333333333,68.66666666666667,64.8,56.93333333333333,69.4,53.4,63.73333333333333,64.73333333333333,62.06666666666667,41.66666666666666,54.06666666666667,48.06666666666667,48.66666666666666,52.66666666666666,46.8,55.333333333333336,50.0,53.266666666666666,49.266666666666666,55.0,56.0,61.0,55.0,57.0
South Korea,2025,23,28.65217391304348,181.08695652173915,74.1304347826087,56.21739130434783,59.95652173913044,53.95652173913044,66.78260869565217,58.69565217391305,64.69565217391305,59.130434782608695,54.30434782608695,59.69565217391305,67.3913043478261,71.65217391304348,71.1304347826087,73.6086956521739,72.65217391304348,72.52173913043478,68.34782608695652,71.65217391304348,73.3913043478261,66.34782608695652,61.17391304347826,61.30434782608695,48.82608695652174,64.1304347826087,67.26086956521739,57.34782608695652,68.6086956521739,44.869565217391305,47.0,42.17391304347826,75.0,70.33333333333333,66.33333333333333,72.0,77.0
Spain,2025,23,28.608695652173918,181.1304347826087,74.73913043478261,67.3913043478261,61.95652173913044,61.73913043478261,78.91304347826087,56.78260869565217,71.43478260869566,68.30434782608695,59.08695652173913,73.91304347826087,76.65217391304348,70.65217391304348,70.82608695652173,73.04347826086956,83.04347826086956,71.08695652173913,73.6086956521739,76.73913043478261,75.0,70.73913043478261,62.391304347826086,66.30434782608695,63.82608695652174,66.0,74.3913043478261,56.78260869565217,78.43478260869566,62.04347826086956,61.82608695652174,58.04347826086956,83.66666666666667,80.33333333333333,81.33333333333333,84.0,84.66666666666667
Sri Lanka,2025,3,26.666666666666668,176.66666666666666,69.33333333333333,54.66666666666666,39.0,51.333333333333336,58.66666666666666,34.333333333333336,56.66666666666666,48.333333333333336,37.0,50.66666666666666,59.0,67.0,62.333333333333336,67.33333333333333,58.333333333333336,69.0,46.333333333333336,64.66666666666667,77.0,69.0,39.66666666666666,58.333333333333336,54.0,48.66666666666666,53.333333333333336,38.333333333333336,56.0,54.66666666666666,56.333333333333336,53.66666666666666,,,,,
St. Kitts and Nevis,2025,2,22.5,188.0,76.5,51.0,37.0,57.0,60.0,28.0,58.0,54.5,34.0,54.5,60.5,74.5,74.0,53.0,58.5,62.0,47.5,76.0,84.5,75.5,39.0,65.0,60.0,50.5,54.0,35.5,55.0,57.5,61.0,58.0,,,,,
St. Lucia,2025,3,26.0,190.66666666666663,81.0,49.333333333333336,39.0,62.66666666666666,56.0,42.66666666666666,54.333333333333336,42.66666666666666,41.0,49.66666666666666,55.66666666666666,69.66666666666667,69.66666666666667,60.333333333333336,60.66666666666666,54.0,54.66666666666666,77.0,68.33333333333333,77.0,40.0,61.333333333333336,58.333333333333336,38.333333333333336,49.66666666666666,44.0,57.66666666666666,58.66666666666666,59.66666666666666,57.66666666666666,,,,,
Sudan,2025,1,25.0,174.0,57.0,59.0,62.0,53.0,65.0,36.0,60.0,55.0,48.0,58.0,59.0,78.0,77.0,62.0,57.0,72.0,52.0,66.0,56.0,57.0,49.0,53.0,29.0,61.0,65.0,53.0,49.0,24.0,30.0,28.0,,,,,
Suriname,2025,21,28.047619047619047,181.0,77.28571428571429,55.76190476190476,50.095238095238095,53.80952380952381,62.85714285714285,47.71428571428572,60.90476190476191,55.0,45.80952380952381,56.76190476190476,62.61904761904762,74.80952380952381,72.80952380952381,68.76190476190476,65.76190476190476,67.33333333333333,63.0,72.9047619047619,66.38095238095238,71.19047619047619,51.61904761904762,59.23809523809524,48.71428571428572,54.76190476190476,55.42857142857143,50.61904761904762,63.19047619047619,45.42857142857143,47.42857142857143,45.76190476190476,70.0,67.0,68.0,69.0,72.5
Sweden,2025,23,27.0,184.91304347826087,78.0,57.82608695652174,56.91304347826087,53.30434782608695,68.8695652173913,53.30434782608695,66.08695652173913,58.869565217391305,50.08695652173913,64.30434782608695,68.21739130434783,70.47826086956522,72.21739130434783,68.56521739130434,74.34782608695652,65.30434782608695,68.04347826086956,73.21739130434783,71.52173913043478,71.1304347826087,57.82608695652174,63.30434782608695,48.391304347826086,60.78260869565217,69.56521739130434,56.17391304347826,70.26086956521739,48.69565217391305,48.47826086956522,44.69565217391305,74.0,70.66666666666667,73.0,73.33333333333333,75.33333333333333
Switzerland,2025,23,28.17391304347826,185.7826086956522,81.3913043478261,55.0,46.56521739130435,51.60869565217392,66.6086956521739,44.47826086956522,60.08695652173913,52.43478260869565,47.73913043478261,61.56521739130435,64.08695652173913,64.65217391304348,66.3913043478261,63.26086956521739,76.3913043478261,60.91304347826087,67.52173913043478,75.0,66.04347826086956,75.08695652173913,51.56521739130435,62.69565217391305,57.08695652173913,52.78260869565217,67.21739130434783,48.17391304347826,69.17391304347827,57.43478260869565,58.52173913043478,55.73913043478261,80.83333333333333,78.66666666666667,72.66666666666667,78.5,82.5
Syria,2025,9,25.88888888888889,183.66666666666663,75.33333333333333,43.66666666666666,50.0,55.66666666666666,60.888888888888886,42.55555555555556,59.11111111111112,44.77777777777778,40.22222222222222,56.888888888888886,61.55555555555556,63.22222222222222,65.44444444444444,64.88888888888889,58.66666666666666,65.77777777777777,55.888888888888886,66.77777777777777,66.66666666666667,70.11111111111111,50.44444444444444,55.66666666666666,53.66666666666666,51.0,50.333333333333336,46.333333333333336,56.333333333333336,52.0,53.11111111111112,50.333333333333336,,,,,
Taiwan,2025,5,29.0,181.0,72.4,47.6,44.0,37.6,55.0,42.0,53.0,47.4,48.4,51.6,55.2,62.4,63.2,64.8,58.0,65.6,56.8,58.2,62.4,62.8,48.0,47.6,41.6,49.8,54.6,44.4,51.6,42.6,47.2,42.4,59.0,55.0,54.0,57.0,62.0
Tanzania,2025,3,24.666666666666668,180.0,73.66666666666667,65.0,58.66666666666666,67.33333333333333,59.66666666666666,54.0,68.33333333333333,53.66666666666666,55.333333333333336,51.0,66.33333333333333,74.33333333333333,77.33333333333333,71.66666666666667,61.333333333333336,69.66666666666667,68.66666666666667,77.33333333333333,66.66666666666667,67.66666666666667,56.333333333333336,58.333333333333336,39.333333333333336,62.0,58.333333333333336,50.0,57.0,37.66666666666666,39.0,36.66666666666666,,,,,
Thailand,2025,1,22.0,177.0,70.0,60.0,66.0,40.0,60.0,60.0,68.0,37.0,31.0,54.0,68.0,66.0,66.0,66.0,54.0,72.0,67.0,45.0,47.0,47.0,42.0,30.0,18.0,70.0,61.0,52.0,54.0,22.0,21.0,26.0,,,,,
Togo,2025,14,25.142857142857142,183.7142857142857,76.64285714285714,52.57142857142857,48.85714285714285,63.785714285714285,62.21428571428572,48.142857142857146,60.92857142857143,48.71428571428572,42.142857142857146,51.21428571428572,64.14285714285714,71.21428571428571,72.14285714285714,66.21428571428571,65.07142857142857,64.85714285714286,62.0,77.5,66.64285714285714,74.42857142857143,49.07142857142857,64.78571428571429,46.5,53.85714285714285,49.57142857142857,51.642857142857146,59.21428571428572,48.42857142857143,48.642857142857146,47.785714285714285,,,,,
Trinidad and Tobago,2025,7,22.285714285714285,181.14285714285717,73.0,48.85714285714285,54.42857142857143,49.71428571428572,58.0,43.57142857142857,62.142857142857146,48.57142857142857,42.142857142857146,54.71428571428572,62.85714285714285,73.28571428571429,74.28571428571429,62.142857142857146,56.0,66.28571428571429,59.142857142857146,63.57142857142857,57.85714285714285,65.57142857142857,50.142857142857146,59.85714285714285,39.285714285714285,54.71428571428572,53.85714285714285,50.85714285714285,55.57142857142857,37.142857142857146,43.285714285714285,41.57142857142857,,,,,
Tunisia,2025,23,26.26086956521739,182.8695652173913,76.1304347826087,60.78260869565217,56.91304347826087,55.56521739130435,67.3913043478261,50.60869565217392,68.17391304347827,61.391304347826086,51.56521739130435,62.391304347826086,68.56521739130434,72.69565217391305,70.08695652173913,71.56521739130434,66.21739130434783,69.08695652173913,64.69565217391305,69.47826086956522,73.82608695652173,67.17391304347827,59.34782608695652,65.0,55.65217391304348,61.95652173913044,62.21739130434783,55.69565217391305,65.21739130434783,53.69565217391305,57.17391304347826,54.30434782608695,,,,,
Turkey,2025,23,26.782608695652176,181.69565217391303,76.08695652173913,58.78260869565217,53.34782608695652,56.95652173913044,70.52173913043478,50.60869565217392,66.21739130434783,61.65217391304348,53.34782608695652,67.56521739130434,69.3913043478261,70.17391304347827,70.30434782608695,72.91304347826087,73.65217391304348,71.47826086956522,69.65217391304348,73.91304347826087,71.52173913043478,70.17391304347827,58.30434782608695,64.21739130434783,56.65217391304348,58.30434782608695,68.43478260869566,55.130434782608695,71.6086956521739,57.34782608695652,58.04347826086956,55.82608695652174,76.66666666666667,75.0,73.66666666666667,78.0,76.33333333333333
Uganda,2025,5,24.2,185.4,80.2,49.2,48.8,57.8,54.2,41.0,58.0,46.4,35.0,48.6,59.2,69.0,74.0,65.2,55.0,66.6,54.8,69.6,70.6,71.4,48.2,54.6,41.6,56.6,52.2,47.4,56.6,41.6,43.0,40.6,,,,,
Ukraine,2025,23,27.17391304347826,183.69565217391303,75.08695652173913,56.0,51.52173913043478,56.21739130434783,69.56521739130434,46.56521739130435,62.34782608695652,52.69565217391305,49.34782608695652,66.52173913043478,64.17391304347827,66.95652173913044,67.21739130434783,64.43478260869566,74.43478260869566,62.60869565217392,69.65217391304348,73.30434782608695,65.08695652173913,69.0,54.26086956521739,61.47826086956522,54.43478260869565,54.82608695652174,65.21739130434783,51.08695652173913,67.3913043478261,53.08695652173913,53.82608695652174,50.60869565217392,75.75,72.0,77.75,79.0,79.5
United Arab Emirates,2025,12,26.916666666666668,177.41666666666666,70.75,44.583333333333336,36.75,47.25,55.5,35.5,49.0,45.41666666666666,35.5,53.0,54.41666666666666,62.5,62.833333333333336,60.083333333333336,60.66666666666666,65.75,48.0,62.0,62.66666666666666,61.083333333333336,36.41666666666666,54.083333333333336,51.25,39.083333333333336,51.16666666666666,36.833333333333336,54.66666666666666,49.833333333333336,51.16666666666666,50.16666666666666,65.5,63.5,55.0,62.5,67.5
United States,2025,23,25.52173913043478,181.43478260869568,76.26086956521739,59.56521739130435,56.78260869565217,63.91304347826087,72.17391304347827,53.43478260869565,70.3913043478261,60.34782608695652,47.91304347826087,66.73913043478261,72.04347826086956,74.30434782608695,75.17391304347827,73.78260869565217,75.52173913043478,72.56521739130434,65.21739130434783,78.1304347826087,74.34782608695652,72.1304347826087,56.56521739130435,68.82608695652173,61.60869565217392,62.56521739130435,66.34782608695652,52.08695652173913,73.04347826086956,60.91304347826087,62.391304347826086,58.95652173913044,74.0,72.0,67.0,73.0,74.0
Uruguay,2025,23,28.869565217391305,181.4782608695652,75.65217391304348,59.60869565217392,59.47826086956522,64.56521739130434,71.91304347826087,54.73913043478261,67.6086956521739,59.73913043478261,55.73913043478261,65.91304347826087,71.1304347826087,68.3913043478261,69.52173913043478,67.0,76.73913043478261,66.21739130434783,73.52173913043478,78.73913043478261,72.43478260869566,77.1304347826087,60.17391304347826,74.82608695652173,59.82608695652174,63.17391304347826,67.0,57.869565217391305,73.3913043478261,59.21739130434783,60.60869565217392,57.65217391304348,80.0,76.5,71.0,79.0,80.5
Uzbekistan,2025,4,25.5,185.25,77.25,50.75,49.0,64.75,65.5,50.25,56.75,51.75,47.5,61.0,64.0,68.0,71.75,66.25,66.75,61.25,58.5,76.25,63.75,71.0,48.5,67.75,60.0,52.5,54.25,54.25,65.75,59.0,60.5,58.0,,,,,
Vanuatu,2025,1,30.0,180.0,84.0,45.0,45.0,70.0,60.0,33.0,48.0,45.0,61.0,57.0,61.0,78.0,88.0,56.0,60.0,55.0,85.0,89.0,82.0,89.0,52.0,89.0,61.0,47.0,54.0,46.0,68.0,59.0,66.0,71.0,,,,,
Venezuela,2025,23,29.130434782608692,180.7391304347826,76.30434782608695,47.17391304347826,47.17391304347826,49.43478260869565,55.65217391304348,39.78260869565217,51.391304347826086,45.82608695652174,43.26086956521739,51.69565217391305,55.26086956521739,62.95652173913044,63.47826086956522,63.56521739130435,66.21739130434783,62.26086956521739,59.391304347826086,68.69565217391305,58.91304347826087,66.34782608695652,45.26086956521739,51.82608695652174,40.43478260869565,48.73913043478261,56.21739130434783,49.130434782608695,57.34782608695652,40.82608695652174,41.73913043478261,39.78260869565217,70.66666666666667,67.16666666666667,65.5,67.66666666666667,72.33333333333333
Wales,2025,23,27.695652173913043,182.56521739130437,75.3913043478261,60.130434782608695,55.26086956521739,60.43478260869565,67.6086956521739,50.26086956521739,65.6086956521739,58.91304347826087,49.82608695652174,61.17391304347826,68.65217391304348,69.21739130434783,71.69565217391305,69.47826086956522,70.17391304347827,69.56521739130434,64.56521739130434,72.30434782608695,70.47826086956522,67.1304347826087,55.0,63.69565217391305,51.43478260869565,58.65217391304348,60.391304347826086,54.21739130434783,68.04347826086956,54.73913043478261,55.43478260869565,52.91304347826087,72.0,71.0,68.0,70.0,72.0
Zambia,2025,11,25.63636363636364,177.9090909090909,72.18181818181819,49.09090909090909,57.09090909090909,55.81818181818182,58.45454545454545,53.0,63.90909090909091,50.63636363636363,45.0,50.63636363636363,65.0909090909091,79.36363636363636,80.27272727272727,73.0,62.63636363636363,71.9090909090909,62.27272727272727,70.0,67.9090909090909,61.36363636363637,55.90909090909091,51.90909090909091,41.0,55.90909090909091,52.09090909090909,57.0,57.09090909090909,41.18181818181818,40.81818181818182,36.45454545454545,,,,,
Zimbabwe,2025,12,27.166666666666668,180.08333333333334,74.25,55.75,50.41666666666666,58.083333333333336,65.58333333333333,43.16666666666666,63.333333333333336,55.91666666666666,42.66666666666666,59.833333333333336,64.66666666666667,71.5,70.25,70.91666666666667,63.333333333333336,70.25,60.583333333333336,68.66666666666667,69.0,64.91666666666667,51.25,64.91666666666667,57.333333333333336,56.41666666666666,58.583333333333336,49.0,61.083333333333336,55.083333333333336,61.0,57.75,,,,,
